country,iso3c,year,gini_mkt,gini_net,abs_red,abs_red_se,country_std,v2x_libdem,v2x_polyarchy,v2juncind,v2x_rule,v2cacamps,gdppc,log_gdppc,gdp_growth,gdp_growth_lag1,gdp_innovation,secular_erosion,country_name
Argentina,ARG,1990,49.18188734683261,42.71574725002804,6.016576267707197,1.2,Argentina,0.5793445239321899,0.6189783600601905,0.552785643621028,0.4658809200936865,0.7038570916343312,10235.568710995836,9.233624061866383,,,,False,Argentina
Argentina,ARG,1991,48.80118957749342,44.03053762005003,5.354051618763278,1.2,Argentina,0.5896539748459116,0.614376589282036,0.5324617291805492,0.5051521927671367,0.29805220863944315,11033.180786826517,9.308662446634079,7.503838476769609,,,False,Argentina
Argentina,ARG,1992,48.717840935349635,43.31639203555471,5.577753503105305,1.2,Argentina,0.5820330294356907,0.576339368722239,0.5150675300072498,0.4975236144156618,0.36005046590097833,11119.512102700863,9.31645669118561,0.7794244551531548,7.503838476769609,-2.184455860889491,False,Argentina
Argentina,ARG,1993,48.97273872111221,43.23032296917865,5.763510528004507,1.2,Argentina,0.580005279588566,0.5920294145671483,0.49312765530703856,0.44708086858753626,0.20888272400516372,10978.791823055302,9.303720674679182,-1.2736016506428527,0.7794244551531548,-2.997324694150838,False,Argentina
Argentina,ARG,1994,48.84504677735175,43.67507911942652,5.507845691370844,1.2,Argentina,0.5659543574293036,0.5376244047277142,0.5340613581253437,0.47465936419602023,0.8503480011198954,11385.612339582543,9.340105761819391,3.638508714020894,-1.2736016506428527,2.2934172133688007,False,Argentina
Argentina,ARG,1995,48.75407382136875,42.69841679404464,6.3238532918349755,1.2,Argentina,0.586222071440434,0.5634454090848187,0.5483821000447959,0.4967734749936597,0.21574067917645412,11664.537239810279,9.364308512842243,2.4202751022851743,3.638508714020894,0.16926237598459704,False,Argentina
Argentina,ARG,1996,49.15197494625708,41.98747134038373,6.750168026460826,1.2,Argentina,0.5897094133137686,0.6217544778259068,0.5158983492692389,0.49289373123993035,0.6516397604772766,12090.167780425472,9.400147821132517,3.5839308290274374,2.4202751022851743,1.5575921439717275,False,Argentina
Argentina,ARG,1997,48.82690108858674,43.34305280089994,5.719711003121484,1.2,Argentina,0.571303369187253,0.5938120648755484,0.49038479441118116,0.5184613228742843,0.7132068832826177,12442.156547620181,9.42884570718679,2.8697886054272814,3.5839308290274374,0.628841464139259,False,Argentina
Argentina,ARG,1998,48.76764698154598,42.484776438665754,6.391434250815978,1.2,Argentina,0.5819229297814189,0.5789584722295835,0.5061609800723156,0.466383775045786,0.058091952080349785,12781.98883117683,9.455792336416764,2.6946629229973595,2.8697886054272814,0.585422227709655,False,Argentina
Argentina,ARG,1999,49.32975746666435,43.0367508622046,6.089008396517467,1.2,Argentina,0.5804091917539572,0.5603654426383278,0.5371847594869641,0.4830835416614319,0.014693388654953843,12223.812589216283,9.411141179909217,-4.4651156507546474,2.6946629229973595,-6.542058604116454,False,Argentina
Argentina,ARG,2000,48.6907848904203,42.71742373998731,6.296660085478145,1.2,Argentina,0.5647468090976654,0.5420704971959277,0.5039114106239345,0.42725861772781754,0.4042897472548691,12202.012387277415,9.409356166895467,-0.1785013013750003,-4.4651156507546474,-0.934994407444098,False,Argentina
Argentina,ARG,2001,48.8109752469233,42.86080729634961,5.927761728822734,1.2,Argentina,0.6041261542161291,0.6198182399740896,0.5433283311998284,0.5082494144995444,0.9634992408875883,12229.958076181583,9.411643800726168,0.22876338307007416,-0.1785013013750003,-1.3182931747504214,False,Argentina
Argentina,ARG,2002,48.63498447448408,42.815622769940475,6.352802621887054,1.2,Argentina,0.6001790796383324,0.6045054172697024,0.5612334196593723,0.4956829615151768,0.7729214818761151,12346.8895597567,9.421159452825115,0.9515652098947669,0.22876338307007416,-0.6706015744283618,False,Argentina
Argentina,ARG,2003,48.864584664710684,41.69816280840767,7.316240719975738,1.2,Argentina,0.5843847573880973,0.584777090541977,0.539403506368624,0.5085633264547103,0.12020722912057624,12427.740089763967,9.427686357014881,0.6526904189765759,0.9515652098947669,-1.1027798679649865,False,Argentina
Argentina,ARG,2004,49.33585020424088,41.92226827689571,7.137114897251512,1.2,Argentina,0.5898085344913747,0.574963944087542,0.48759647437585335,0.5064487273919159,0.3717392949063303,12830.207019792231,9.459557593082952,3.187123606807063,0.6526904189765759,1.486773623931099,False,Argentina
Argentina,ARG,2005,48.663570686194824,42.5125865398368,6.779884512857866,1.2,Argentina,0.5816476084123652,0.5826653624494855,0.5269496808585369,0.4992795311086804,0.7803761235709804,13318.094569620798,9.496878883532936,3.7321290449984446,3.187123606807063,1.564363501519383,False,Argentina
Argentina,ARG,2006,48.269087301025806,42.65910128750758,6.144215516760609,1.2,Argentina,0.5572650374088469,0.5385392647607115,0.4936219580533289,0.47008280179281514,0.2282353634936991,13132.317434573459,9.48283145092859,-1.404743260434671,3.7321290449984446,-3.6730220167485226,False,Argentina
Argentina,ARG,2007,49.33275094344764,42.46626872890758,6.215328670644129,1.2,Argentina,0.5789674523985094,0.5461036761754261,0.5175536190700172,0.5253517378532934,0.057844449447160606,13665.543787829678,9.522632891776743,3.980144084815329,-1.404743260434671,2.6592385162894274,False,Argentina
Argentina,ARG,2008,48.50249933032533,42.85849844246076,6.139920654464599,1.2,Argentina,0.5853709083306115,0.5864034358648356,0.5227192656809908,0.48456493870761064,0.22538126800676583,14178.999868040382,9.559517266430865,3.6884374654121643,3.980144084815329,1.3744182692119322,False,Argentina
Argentina,ARG,2009,48.44435144337964,43.18960942817195,5.745250949813302,1.2,Argentina,0.5762480361967606,0.5698937342616359,0.5442561084771599,0.500964651981749,0.5782983994203607,14660.70447654798,9.592926028620857,3.340876218999256,3.6884374654121643,1.0806553291401273,False,Argentina
Argentina,ARG,2010,48.83095857237248,42.93988749900586,5.971510070345842,1.2,Argentina,0.583257073578132,0.5758653629997892,0.4989688285192262,0.5273306486996424,0.674130295536063,14330.298604041061,9.570131358291164,-2.279467032969329,3.340876218999256,-4.475588566958254,False,Argentina
Argentina,ARG,2011,48.908671971143,42.765456052276306,6.1526141620500905,1.2,Argentina,0.5718914248878966,0.5467398677096043,0.5100218852169673,0.4954348786436388,0.4699882681579366,14806.314853805781,9.602809048061676,3.267768977051233,-2.279467032969329,2.108185279022984,False,Argentina
Argentina,ARG,2012,49.14311053816794,43.59392947954071,5.405957901034697,1.2,Argentina,0.5833006500081261,0.5956991766560422,0.5031889826843574,0.4926891230203252,0.9579341210567704,15139.129164495984,9.62503800647957,2.2228958417894518,3.267768977051233,0.040257189355014766,False,Argentina
Argentina,ARG,2013,48.41415534098552,42.337804652327506,6.2674285737006965,1.2,Argentina,0.5639233897288194,0.5676182013067339,0.5480031751405303,0.47947087816069645,0.07623921797356448,15878.318374893493,9.67270983340621,4.767182692663852,2.2228958417894518,2.777245889551223,False,Argentina
Argentina,ARG,2014,49.05105308295758,43.00224665438994,5.9053279305755675,1.2,Argentina,0.5884152834203975,0.5760625512325126,0.5733267525693582,0.46226352953059857,0.43281600220946925,17045.862301097328,9.74366277297249,7.09529395662809,4.767182692663852,4.636124320530603,False,Argentina
Argentina,ARG,2015,49.145194688185455,42.91361726413666,6.034217044182418,1.2,Argentina,0.5657604284754985,0.5604273818908102,0.5005994972219754,0.4926674295995881,0.9606269755131998,18198.87914219831,9.809115285574917,6.545251260242679,7.09529395662809,3.6567172057744943,False,Argentina
Argentina,ARG,2016,49.36651859986528,42.388621308058795,6.7402903743380005,1.2,Argentina,0.5804796144598154,0.5871164917249857,0.5139561247848733,0.46106041328867176,0.593560935378786,18624.3566553423,9.832225500656127,2.3110215081210583,6.545251260242679,-0.47607033176394964,False,Argentina
Argentina,ARG,2017,49.25815891238843,42.59097244728581,6.72079080227401,1.2,Argentina,0.5818970616761039,0.5686574181201717,0.5322250996323543,0.4949954579730033,0.7573102071344389,18995.796340629557,9.851972988440219,1.9747487784091078,2.3110215081210583,-0.03144069529262783,False,Argentina
Argentina,ARG,2018,49.224181615343035,42.557259170295644,6.454222843991987,1.2,Argentina,0.5791511018149764,0.5542846232468545,0.502006224240368,0.5088954830283173,0.6406151835488874,19735.8430944677,9.890191707958078,3.8218719517859157,1.9747487784091078,1.8776999371470455,False,Argentina
Argentina,ARG,2019,49.17359849014455,42.29692980346519,6.720662775801007,1.2,Argentina,0.5704356362318199,0.5798837617894275,0.5430743931793572,0.4919825577727601,0.4988956645359419,19470.372349414592,9.876649222447098,-1.354248551098003,3.8218719517859157,-3.639078239307646,False,Argentina
Argentina,ARG,2020,49.44348368071482,42.66520986677067,6.1546516964867966,1.2,Argentina,0.5861848838045647,0.5820353333508872,0.5401389000809326,0.47286924710156786,0.22207587069332058,19012.419568560963,9.852847706108157,-2.380151633894023,-1.354248551098003,-3.710369743379938,False,Argentina
Argentina,ARG,2021,49.26368620831027,42.40490174959744,6.295623616383649,1.2,Argentina,0.588823330623234,0.5797815239665723,0.5205401546057206,0.5058173956227899,0.4287020209864336,19123.14946369539,9.858654893944964,0.5807187836806449,-2.380151633894023,-0.5602960487679984,False,Argentina
Argentina,ARG,2022,49.00980856757598,42.84840438278678,5.927934453771912,1.2,Argentina,0.5798025090646537,0.5700709112511776,0.5058988440643135,0.49961200641114056,0.28888493890916567,20205.846106000397,9.913727252706096,5.507235876113192,0.5807187836806449,3.820159339316178,False,Argentina
Australia,AUS,1990,46.012789307331325,34.34369901006149,11.638960049770082,1.2,Australia,0.8640860730770177,0.85792990365424,0.7609057498003713,0.7167395436697959,0.0006533907612995549,35990.5191342956,10.491010825372925,,,,False,Australia
Australia,AUS,1991,45.540140536494185,33.65305047887775,12.24354667613137,1.2,Australia,0.8629618480473101,0.8704661871904534,0.8037460460900095,0.7472953894900463,0.1520485674244918,38452.32268745345,10.557174381105488,6.6163555732563495,,,False,Australia
Australia,AUS,1992,45.51735798721901,34.51992562439189,11.613785444259454,1.2,Australia,0.8391297298139793,0.8274373752008353,0.7545955781751633,0.6950666020022457,0.9207396503426354,39660.78855790183,10.588118284828766,3.0943903723278154,6.6163555732563495,0.7410986070682353,False,Australia
Australia,AUS,1993,45.41174632045914,34.59261546233375,11.548578487006019,1.2,Australia,0.8534380404511156,0.8387801827365711,0.7667026722275795,0.7432220856277902,0.4662994129398188,40155.31402612151,10.600510064941169,1.2391780112402273,3.0943903723278154,-1.4810111250843732,False,Australia
Australia,AUS,1994,45.733760852577355,33.39638747071679,12.371644672129817,1.2,Australia,0.8539313482214282,0.8630850799424993,0.7135881165447807,0.7158470424651814,0.5969106905466561,41889.43579335057,10.64278894508338,4.227888014221115,1.2391780112402273,1.3144338967800313,False,Australia
Australia,AUS,1995,45.80673752488406,33.90065447290962,12.217086182733413,1.2,Australia,0.8717166231178055,0.8644099040575561,0.7725576309292186,0.7187590582124161,0.5105807574595599,44765.8264580744,10.709200325046261,6.641137996288116,4.227888014221115,4.0390298974506,False,Australia
Australia,AUS,1996,46.084351949693044,33.29657275881075,12.563915799869992,1.2,Australia,0.8676820721663173,0.8719900022754431,0.7910792377431775,0.8160545154700962,0.05024300982298213,44993.469441779554,10.71427263470501,0.5072309658748608,6.641137996288116,-1.843479114064098,False,Australia
Australia,AUS,1997,46.08721995336005,34.028620145930056,11.900462344619676,1.2,Australia,0.8605633628681212,0.8503204482211585,0.7984997881650274,0.7271057702079848,0.16067958471184518,46826.62380545621,10.754207204884132,3.9934570179122275,0.5072309658748608,1.0037530140064619,False,Australia
Australia,AUS,1998,45.729689791223514,33.566835704678944,12.748299813755189,1.2,Australia,0.8595448775469876,0.8510601508790268,0.7621937312275138,0.7372033206263996,0.6083195000077717,50492.9051908135,10.829588114122608,7.538090923847562,3.9934570179122275,4.91156119920318,False,Australia
Australia,AUS,1999,46.33299089293171,33.738417150052015,12.53293548144078,1.2,Australia,0.8518540520682956,0.8409288713057748,0.7910933600628053,0.7143327838051371,0.3920935769045727,49811.405225196315,10.815999257377804,-1.358885674480348,7.538090923847562,-3.6161565373015816,False,Australia
Australia,AUS,2000,46.184870618965995,33.01804054515542,12.516539495455518,1.2,Australia,0.8546466491298378,0.8618157214940302,0.7545628587025446,0.7416080887588345,0.6773931298888728,49986.86053731444,10.819515460621426,0.3516203243622229,-1.358885674480348,-2.8324846035692843,False,Australia
Australia,AUS,2001,46.46496716983874,33.0856332761211,12.82722070624555,1.2,Australia,0.8674285947957723,0.869705982801966,0.7678858989806462,0.7339898758822034,0.019155485551252904,50090.05079200811,10.821577680366083,0.20622197446567014,0.3516203243622229,-2.799692619841635,False,Australia
Australia,AUS,2002,46.63206541998344,33.1190541978713,12.765576107499038,1.2,Australia,0.8609806753953895,0.8868981110326497,0.7605059601036759,0.7467336803436267,0.34508374551323373,50853.93337775181,10.836712751046642,1.5135070680559082,0.20622197446567014,-1.5075542608983414,False,Australia
Australia,AUS,2003,45.54334021744257,33.44112896772297,12.764387246387797,1.2,Australia,0.86505404273431,0.8689709476745237,0.7924490523626434,0.7060514415303666,0.6784999682926378,51550.67233403487,10.850320531727366,1.360778068072399,1.5135070680559082,-1.5240980811008877,False,Australia
Australia,AUS,2004,45.92721428577992,33.363275970027956,12.445121709831797,1.2,Australia,0.868691545924969,0.8595807554044916,0.7640375747679056,0.7574938252009787,0.28161604210563174,53046.87199474705,10.87893117896248,2.8610647235113973,1.360778068072399,-0.03972182380113454,False,Australia
Australia,AUS,2005,46.298661798448805,33.38900787193827,12.585044887424035,1.2,Australia,0.8699125865819208,0.8906801396772238,0.7611549381831477,0.7138382886775758,0.07893940294655555,52802.25877851565,10.874309248675448,-0.4621930287031617,2.8610647235113973,-3.2066886423121526,False,Australia
Australia,AUS,2006,45.70851436809611,33.74655994034128,12.401378561341303,1.2,Australia,0.8436051583747457,0.8357557362535283,0.7791760527488601,0.7077344770339699,0.9354845135274957,52871.96279393129,10.875628473449241,0.1319224773792982,-0.4621930287031617,-2.958770348041301,False,Australia
Australia,AUS,2007,45.887168742832124,33.25808550843218,12.650298131234194,1.2,Australia,0.8553156615171963,0.832221766664539,0.7478760773052919,0.7329861492209429,0.9680763814507335,54407.29662758869,10.904253553033135,2.8625079583893154,0.1319224773792982,-0.16629344992325867,False,Australia
Australia,AUS,2008,45.83947385398699,33.969720854607935,11.949646610006052,1.2,Australia,0.860852094496339,0.8010293750783246,0.7710289618834654,0.6991148154475854,0.6619136326370115,55748.29262525036,10.928602063297346,2.4348510264211143,2.8625079583893154,-0.30949423956876965,False,Australia
Australia,AUS,2009,45.876839803595495,34.57657539749329,11.441343155980395,1.2,Australia,0.868247490065723,0.8845676270412115,0.7987267132191762,0.741343600297011,0.8174078473061094,58325.11218712194,10.97378802037037,4.518595707302353,2.4348510264211143,1.729699687654966,False,Australia
Australia,AUS,2010,45.447284661390796,34.2520324826965,11.364648023799857,1.2,Australia,0.8505108347917516,0.8854580987500628,0.7841035825977842,0.7182031038286099,0.8955628481318387,60207.88476345888,11.005558598857478,3.1770578487108736,4.518595707302353,0.6052339469777941,False,Australia
Australia,AUS,2011,45.95361677241403,34.00533656040176,11.756887408878718,1.2,Australia,0.8572984000761733,0.8691769347646262,0.7494803345183243,0.7471830492364354,0.19060983307444979,62806.18005739524,11.047808756171735,4.225015731425685,3.1770578487108736,1.5134384007343513,False,Australia
Australia,AUS,2012,45.867847641745605,34.21048128168353,12.054019584621097,1.2,Australia,0.8547102229193598,0.8335790700641548,0.7937008619693304,0.7213266014740592,0.1198910934727121,61908.77011077083,11.033417130555506,-1.4391625616228865,4.225015731425685,-4.041569877785525,False,Australia
Australia,AUS,2013,45.86169211582575,33.96397624586389,11.949377222811503,1.2,Australia,0.8622931412843464,0.8965464955411178,0.7748105366852606,0.6959365372577975,0.29994206977702265,62434.84054513864,11.04187874061211,0.846161005660484,-1.4391625616228865,-2.3463066905465633,False,Australia
Australia,AUS,2014,45.72771474816982,33.95810017098839,12.049195980134453,1.2,Australia,0.8463168496116719,0.886062369596288,0.7799124190939992,0.7214843979953507,0.34395768655768555,67145.63658104859,11.1146192196621,7.274047904998859,0.846161005660484,4.319651615246409,False,Australia
Australia,AUS,2015,46.22864477258761,33.334013639709354,12.60997263491447,1.2,Australia,0.8685217888480802,0.8935509172843654,0.819857983009142,0.7544413069540905,0.8983864665840349,69278.33921342452,11.14588757085638,3.126835119427973,7.274047904998859,0.8420578265494179,False,Australia
Australia,AUS,2016,46.06523212459098,34.52893543390802,11.463899616758798,1.2,Australia,0.8434511256377171,0.8242501997321278,0.756651834402031,0.7188009042775925,0.5768573811327002,72217.25029116496,11.187434220043542,4.1546649187163,3.126835119427973,1.4378556830258056,False,Australia
Australia,AUS,2017,46.032131509002845,34.30966352336633,11.859928225326405,1.2,Australia,0.8497190359217807,0.8477766719002778,0.76772533384653,0.7086723620748793,0.7388666771330327,74252.47988029168,11.215226455168377,2.7792235124834974,4.1546649187163,0.16948746739742848,False,Australia
Australia,AUS,2018,46.24459482165149,34.3265301171164,11.533116493630244,1.2,Australia,0.8607203686128374,0.8564761892148144,0.755609962551109,0.7331619236912891,0.17252387694636206,76684.99674266666,11.24746135860808,3.223490343970248,2.7792235124834974,0.47046900013456483,False,Australia
Australia,AUS,2019,46.32719798082644,35.13361648495387,11.308511690524778,1.2,Australia,0.8425566928072175,0.8542015823584926,0.7569815311086795,0.7251862999928279,0.3475187953137546,77687.49038434078,11.260449524479489,1.2988165871409052,3.223490343970248,-1.4079236825714725,False,Australia
Australia,AUS,2020,45.835578120026554,35.09895833387223,11.147416692985633,1.2,Australia,0.8558639446657835,0.8936176978125874,0.7814086126898804,0.7007747215839182,0.2528581182501112,87565.25097674751,11.380139519879183,11.968999539969438,1.2988165871409052,9.061758214382815,False,Australia
Australia,AUS,2021,46.302600506786455,34.28554977424083,11.811340913608863,1.2,Australia,0.8413445489892187,0.8619176365783365,0.7658013540943664,0.7238106389555138,0.4773503981224013,88275.87121313057,11.38822209005551,0.8082570176327408,11.968999539969438,-0.9874281593742593,False,Australia
Australia,AUS,2022,46.45651013582109,34.29291625301932,11.778842963761933,1.2,Australia,0.8471283643141575,0.8191860006118977,0.7507435413558217,0.7408266866874202,0.20905937370684602,89939.90347092644,11.406896987063353,1.8674897007842972,0.8082570176327408,-1.0908552008274053,False,Australia
Austria,AUT,1990,49.15509714164834,28.554520722118237,20.35445581107403,1.2,Austria,0.8150274235482136,0.8406462150815481,0.720216235230803,0.7072113797247443,0.6392018293899598,31957.67243240786,10.372167569706502,,,,False,Austria
Austria,AUT,1991,48.70156806429141,28.364595093323505,20.42652160901481,1.2,Austria,0.8378117385661069,0.8184840571807429,0.7592541008489865,0.7326039972481506,0.12711049086702397,32422.88589804645,10.386619807307204,1.4452237600702134,,,False,Austria
Austria,AUT,1992,48.530888464437055,28.02597000698439,21.01791052696639,1.2,Austria,0.8181694381526561,0.8131141730507324,0.756940756356497,0.7113780609711725,0.10579652027279896,33297.85229521804,10.413248178249503,2.662837094229964,1.4452237600702134,1.0679608093368163,False,Austria
Austria,AUT,1993,48.79949848949359,27.572495343025,21.486724774899653,1.2,Austria,0.8436067603610771,0.8441378274370664,0.7597032345218719,0.7318160041793724,0.950279223611407,34470.24618388376,10.447851801460567,3.4603623211063805,2.662837094229964,1.9198106892797564,False,Austria
Austria,AUT,1994,49.2233000766249,28.493123695442065,20.661922141928077,1.2,Austria,0.8067968440176957,0.822449440544026,0.7256325029385323,0.7098263423747028,0.47190251056452304,34856.558678404195,10.45899659585348,1.114479439291216,3.4603623211063805,-0.39049005816944415,False,Austria
Austria,AUT,1995,48.89274096743364,28.19603330278009,20.5304159174605,1.2,Austria,0.842086820108353,0.8414115244803999,0.7510955326789597,0.7391094969561641,0.333299859870525,35523.421171084774,10.477947509221458,1.8950913367978828,1.114479439291216,0.2854586674467403,False,Austria
Austria,AUT,1996,48.66280847127117,27.826298913126468,21.261685880211065,1.2,Austria,0.857552177437199,0.851439965154123,0.7864161392210035,0.7159061542742515,0.4864827657324229,36195.1967295085,10.496681701980007,1.8734192758548929,1.8950913367978828,0.2986141410928933,False,Austria
Austria,AUT,1997,49.08503243072339,28.798754728291627,19.99442304380243,1.2,Austria,0.8226673131619582,0.8164772979218823,0.722710520384562,0.6888553326340554,0.4606727916549932,35776.477321703795,10.48504589837858,-1.1635803601427241,1.8734192758548929,-2.7393524087507988,False,Austria
Austria,AUT,1998,49.18056869458193,28.193982615482977,20.67025974974859,1.2,Austria,0.8348618479156193,0.7958744128091709,0.7103685139783734,0.7244161806223078,0.44730275625260063,36839.319144195986,10.514321008770555,2.9275110391974835,-1.1635803601427241,1.216241171240559,False,Austria
Austria,AUT,1999,48.80511888712155,28.69370419884399,20.05563474868698,1.2,Austria,0.8290079964706843,0.8365381992340968,0.7288975153559593,0.6884372843215671,0.45776461270413416,39569.391840452154,10.585811165053684,7.149015628312938,2.9275110391974835,5.6202726058639625,False,Austria
Austria,AUT,2000,49.081996376961065,28.817088930458493,20.630677402824393,1.2,Austria,0.8226097134197676,0.8356563201833013,0.7688948493635752,0.6908295613536315,0.3387329557744314,42416.76032272604,10.655298853743622,6.94876886899376,7.149015628312938,5.60837116585807,False,Austria
Austria,AUT,2001,48.90459176985788,29.64897169421024,19.44496764968683,1.2,Austria,0.8161112299036698,0.8221123664138956,0.7273976738034929,0.7019910350588368,0.8743980317083307,41386.373276996994,10.630706957733723,-2.4591896009898306,6.94876886899376,-3.8085214504776674,False,Austria
Austria,AUT,2002,49.10848015655308,27.76237695632044,21.288914825851265,1.2,Austria,0.8432041400978383,0.82571542713104,0.7714358520392911,0.7111333698172319,0.12663712551837436,42922.59144261674,10.667153573361276,3.644661562755225,-2.4591896009898306,1.8755872009214563,False,Austria
Austria,AUT,2003,49.05128660565625,28.040591728085904,20.93680019773982,1.2,Austria,0.8297119730532557,0.8031419224729532,0.7603450848659866,0.7012781822249143,0.5448246756734317,44650.87445564191,10.7066291707857,3.947559742442408,3.644661562755225,2.4508128819077024,False,Austria
Austria,AUT,2004,48.90370604788488,29.207772247227975,19.79326504250383,1.2,Austria,0.8392350861604736,0.8182226197239175,0.7726870275562416,0.6896230946942055,0.052023755029446894,44994.00241060678,10.714284480105626,0.7655309319925863,3.947559742442408,-0.7177019187457803,False,Austria
Austria,AUT,2005,48.593020044718266,28.48776396895599,20.2037391094837,1.2,Austria,0.830505363427929,0.8603014160593561,0.7312450554376698,0.6966363698696488,0.28467473884646366,44592.38589823421,10.705318403663343,-0.8966076442282755,0.7655309319925863,-2.521808890290317,False,Austria
Austria,AUT,2006,48.80685279580825,28.15885403066834,20.96808809774966,1.2,Austria,0.84350852330699,0.8304349404942416,0.74303013239393,0.7184961436110434,0.01802900895891224,43717.28576827529,10.6854988582104,-1.9819545452943288,-0.8966076442282755,-3.6813132426329647,False,Austria
Austria,AUT,2007,48.632708976987324,27.58485503752643,21.32281652188938,1.2,Austria,0.8280151554148494,0.8103772229839867,0.7489508339180058,0.7155952456780751,0.8018258998755151,44008.39421817423,10.692135672390428,0.6636814180028594,-1.9819545452943288,-1.0841007748766887,False,Austria
Austria,AUT,2008,48.78262785154363,28.191703799025582,20.84062867825033,1.2,Austria,0.8082178868026857,0.7976285475325455,0.7161592561353831,0.6965724228508712,0.5122605638762605,45350.6623044509,10.722180059724423,3.0044387333994393,0.6636814180028594,1.3746934014956445,False,Austria
Austria,AUT,2009,48.79204391615727,29.89853371329148,19.066713808836088,1.2,Austria,0.8533801140420633,0.8486607157411412,0.7702474530095501,0.7377083187992134,0.5402172667786186,46042.634261929576,10.737323078008938,1.5143018284515364,3.0044387333994393,-0.01100901221896633,False,Austria
Austria,AUT,2010,48.99059358979705,28.79440624703487,19.91690439357776,1.2,Austria,0.838707466445884,0.8576837283753164,0.7574505202905832,0.7100708314116624,0.15478603484611198,46119.617884925814,10.738993689112892,0.1670611103953945,1.5143018284515364,-1.4247332091528924,False,Austria
Austria,AUT,2011,48.95041960899327,27.680330882188226,21.206431262839775,1.2,Austria,0.819534626535144,0.8029562978550199,0.7102783503444936,0.6823938309683482,0.48895092643845206,45313.69144713459,10.721364505257078,-1.762918385581358,0.1670611103953945,-3.414820772733881,False,Austria
Austria,AUT,2012,49.26682403695736,27.69462641048877,21.28553124246602,1.2,Austria,0.8319091652414371,0.8311825530805903,0.7516569546850271,0.6966801590548217,0.05450927741371958,46696.7327256203,10.751429478160645,3.006497290356691,-1.762918385581358,1.2684875458001095,False,Austria
Austria,AUT,2013,49.17162871707954,28.42329532127037,20.6518507382521,1.2,Austria,0.8304460772443428,0.8555876726139643,0.7992876732153908,0.7286299459207041,0.17081370630621073,49124.78880773256,10.802119050083085,5.068957192244028,3.006497290356691,3.54373819550245,False,Austria
Austria,AUT,2014,49.17662068686435,28.551766567737815,20.42854995053063,1.2,Austria,0.8239199385706267,0.8036303440364785,0.7147265032910854,0.7089762816002178,0.11633172713326123,48741.23920036397,10.794280751565966,-0.7838298517119924,5.068957192244028,-2.2170307869800867,False,Austria
Austria,AUT,2015,48.804377629179164,28.143961241462105,20.730357202798523,1.2,Austria,0.835841314848188,0.8481186417710036,0.7373659725555086,0.7021776643868561,0.14562864670542341,50371.77348654958,10.827186247302905,3.2905495736939017,-0.7838298517119924,1.596222534830231,False,Austria
Austria,AUT,2016,48.7527680502208,28.29995643646646,20.68509105085088,1.2,Austria,0.8399378221453043,0.8674161098495333,0.7388963046092918,0.7234544610373488,0.24344261676541068,48539.033918485606,10.790123576290721,-3.70626710121833,3.2905495736939017,-5.218812910740176,False,Austria
Austria,AUT,2017,48.934121803222375,28.777667876842695,20.19086855658761,1.2,Austria,0.8257527778386128,0.8357521116838098,0.7471977996689245,0.6934355719689667,0.40252635549014204,48552.43150399071,10.790399554936872,0.027597864615103163,-3.70626710121833,-1.7971157142396676,False,Austria
Austria,AUT,2018,48.63526051044734,27.354340553493156,21.48073493226592,1.2,Austria,0.8322749587573205,0.8449943137715552,0.7326059426450299,0.6830480256132786,0.40226041368354204,50586.20175520508,10.831434125503293,4.103457056642057,0.027597864615103163,2.445332421235515,False,Austria
Austria,AUT,2019,48.8813069337622,25.924542600983557,22.973461963749592,1.2,Austria,0.8299489542443473,0.8168006783701297,0.7418709717665156,0.6861219527448063,0.3507097879920843,49901.6178632231,10.817808703322704,-1.3625422180588487,4.103457056642057,-2.838819603322009,False,Austria
Austria,AUT,2020,49.02335701728019,27.494965522377026,21.430911866915,1.2,Austria,0.8367091124827687,0.8487849228883265,0.7452006659267545,0.6908474594288143,0.3733531610318317,49994.77910656493,10.819673861089656,0.18651577669519526,-1.3625422180588487,-1.533630910857519,False,Austria
Austria,AUT,2021,48.75451898832446,28.397266051832382,20.259484212670706,1.2,Austria,0.8338095283569341,0.8249105757476908,0.7323986733833576,0.7208055625623404,0.36672190859379905,53121.402839740105,10.880335192682256,6.066133159260012,0.18651577669519526,4.4150987553724645,False,Austria
Austria,AUT,2022,49.682961606862925,27.800171603658836,21.21215046557906,1.2,Austria,0.8326784363786633,0.8162077369661463,0.7390455399635729,0.7342821927306046,0.5785639322793544,53015.93988772469,10.878347899915841,-0.1987292766415294,6.066133159260012,-1.5874405229955308,False,Austria
Belgium,BEL,1990,50.16558646889168,27.77295969747232,21.874117092050827,1.2,Belgium,0.8211265768875065,0.8382583457252335,0.7305843642526404,0.6753367428684627,0.8431448650297454,33650.00109559283,10.423768367631352,,,,False,Belgium
Belgium,BEL,1991,50.13088383596986,27.761054386886833,22.195013278725455,1.2,Belgium,0.8335111408998671,0.8593660466902312,0.7834346834527498,0.714589332295514,0.7569268451270138,34651.6460366328,10.453100508154465,2.933214052311328,,,False,Belgium
Belgium,BEL,1992,49.766562847441826,28.51343325077727,21.856649213697736,1.2,Belgium,0.8086194168134473,0.8159090113703771,0.7408139526424983,0.7049687797329403,0.08613577154903629,35064.085970240994,10.464932693904931,1.183218575046574,2.933214052311328,-0.8690717619235748,False,Belgium
Belgium,BEL,1993,49.27441571519129,28.014380821358436,22.24091335519775,1.2,Belgium,0.8070943857805377,0.8042292074732539,0.7483158895670889,0.6422051508901514,0.6195825928270868,34843.539806610264,10.458623027602407,-0.6309666302524164,1.183218575046574,-2.5787874580567625,False,Belgium
Belgium,BEL,1994,50.16763131042133,28.539288191048506,21.572414845273006,1.2,Belgium,0.8296954806688909,0.8391225304854455,0.7393795796686314,0.6997333593921957,0.8515371718979257,34050.62875725236,10.435603777112085,-2.3019250490321497,-0.6309666302524164,-4.141444432406663,False,Belgium
Belgium,BEL,1995,49.75741085903823,27.739544498179406,22.138704117091528,1.2,Belgium,0.8200314772690632,0.8446312846378369,0.7576819923975557,0.6690253412150435,0.35000686847317874,35867.265634736985,10.487580337755531,5.1976560643446135,-2.3019250490321497,3.4578879135385567,False,Belgium
Belgium,BEL,1996,49.78808734936526,27.91168665432356,21.94159807697623,1.2,Belgium,0.8420552956826541,0.8660420313012192,0.7326684535957738,0.7314873327230739,0.36456642751986446,36779.32408787657,10.512691120824593,2.511078306906178,5.1976560643446135,0.323607537412117,False,Belgium
Belgium,BEL,1997,49.70000456575688,27.833271292247154,22.238071235560035,1.2,Belgium,0.8161432736902214,0.8248333266120476,0.7393330632001238,0.718784439132053,0.7621875111940821,38985.49610381411,10.570944961167775,5.825384034318226,2.511078306906178,3.798293941975421,False,Belgium
Belgium,BEL,1998,50.30301910905948,28.18052596157007,21.758612004531972,1.2,Belgium,0.8108284450862895,0.8242246070464763,0.7509212140474655,0.6931668113460635,0.43211623680192934,40921.818347915825,10.619418655733119,4.847369456534345,5.825384034318226,2.6224251999571697,False,Belgium
Belgium,BEL,1999,50.305153204286064,28.183170279835657,21.663525630768568,1.2,Belgium,0.8194847707147535,0.8295465780872284,0.7311613273383555,0.6759658181367035,0.9517024063905372,40982.82804847646,10.620908429867525,0.14897741344057636,4.847369456534345,-2.017582290590339,False,Belgium
Belgium,BEL,2000,49.6841650810665,28.02615598663357,21.852023384601768,1.2,Belgium,0.8280076542673959,0.8201640230434442,0.7386750722916398,0.7204289060871646,0.08325765805063212,40343.2254033948,10.605178763775365,-1.5729666092159533,0.14897741344057636,-3.4590463251627277,False,Belgium
Belgium,BEL,2001,49.69725489758995,28.478720964021843,21.582344693447897,1.2,Belgium,0.8106053675801401,0.832990265931422,0.7236557156703655,0.7180696733456428,0.48526674234262157,41649.54257150916,10.637045664857828,3.1866901082462817,-1.5729666092159533,1.403405313312152,False,Belgium
Belgium,BEL,2002,50.08553715240268,27.082903185106332,22.840971845480396,1.2,Belgium,0.8144603145142255,0.8406346480926712,0.6915684293393543,0.6732528645325073,0.36734051527727996,41692.224750755086,10.638069933585236,0.10242687274075735,3.1866901082462817,-1.9649952285641183,False,Belgium
Belgium,BEL,2003,50.02829604691433,29.47482596205663,20.924059736879585,1.2,Belgium,0.833784696274615,0.836101188019154,0.7581983171289932,0.6643085716547202,0.6707273254426008,42997.21949560332,10.668890729692018,3.0820796106782566,0.10242687274075735,1.198778823135294,False,Belgium
Belgium,BEL,2004,49.881224610676824,29.037848842744587,21.25305476544722,1.2,Belgium,0.8107353298175888,0.7915327550446232,0.732559956222448,0.6947442967682524,0.5771866762233089,42914.03887506749,10.666954297887719,-0.19364318042995876,3.0820796106782566,-2.25482034711843,False,Belgium
Belgium,BEL,2005,49.79442715784629,28.366015118099202,21.522044827670836,1.2,Belgium,0.8177895753646295,0.8191769714177909,0.7398625562027926,0.7429633317654148,0.5457496797794357,42663.560032691916,10.661100439848958,-0.5853858038760151,-0.19364318042995876,-2.4510120925215393,False,Belgium
Belgium,BEL,2006,50.31572690383975,27.91125213149413,22.179950304927694,1.2,Belgium,0.8133124828642245,0.808820024392395,0.71443213977774,0.643224619917583,0.05270978985343899,43336.37613733881,10.676747656858375,1.564721700941618,-0.5853858038760151,-0.27751872178458425,False,Belgium
Belgium,BEL,2007,50.15997560636413,27.840546374071163,21.89035940634226,1.2,Belgium,0.8271141057946549,0.8893723098155317,0.7605634190032309,0.6860856779648465,0.16823657910849188,45417.51973516924,10.72365320684067,4.690554998229501,1.564721700941618,2.719959571961753,False,Belgium
Belgium,BEL,2008,49.658721801391195,27.491862712681645,22.30328482044658,1.2,Belgium,0.8182766984327543,0.7910756053444022,0.7168269543104842,0.678929183028157,0.6452376445533317,46743.53858222326,10.752431313019697,2.877810617902732,4.690554998229501,0.7206122692021824,False,Belgium
Belgium,BEL,2009,50.318455631124124,27.836059438031185,22.285351248922925,1.2,Belgium,0.8304848265105059,0.8402403229321926,0.7327516774200346,0.7030815097871731,0.2736663849214577,49330.8520806559,10.806304967150894,5.38736541311966,2.877810617902732,3.3383824958965684,False,Belgium
Belgium,BEL,2010,49.678727901246646,28.076651905566088,21.821172676768082,1.2,Belgium,0.8205711784055117,0.8262676839779844,0.7274051647076606,0.6979228164883293,0.569230212091448,48491.88962509564,10.789151838717213,-1.715312843368011,5.38736541311966,-3.914108695016953,False,Belgium
Belgium,BEL,2011,49.37002940428246,27.842342606434865,22.000521987911632,1.2,Belgium,0.7989525049428098,0.8397960631535044,0.7221637544325169,0.6870725745038391,0.06489927953840946,47923.937375425674,10.777370395011287,-1.1781443705926264,-1.715312843368011,-2.952931520014718,False,Belgium
Belgium,BEL,2012,49.574897326069106,28.858984549498523,21.612179686821108,1.2,Belgium,0.804060362701767,0.7998539227916899,0.6742231282653051,0.649935472627772,0.582144802814742,48754.22385689258,10.794547115890996,1.7176720879708895,-1.1781443705926264,-0.08918241672111393,False,Belgium
Belgium,BEL,2013,50.11985742681354,28.008290613039577,21.918190293728387,1.2,Belgium,0.8096803371615282,0.8008751530738002,0.754473817942423,0.688518466572552,0.6640122280676023,52896.921035478,10.876100412664373,8.155329677337697,1.7176720879708895,6.175603569266906,False,Belgium
Belgium,BEL,2014,50.30096176088532,27.408167787188354,22.75621965303338,1.2,Belgium,0.8250848555614737,0.821310652991622,0.7472261023737138,0.7193520578901073,0.5300523392123808,55024.88923532041,10.915540893404366,3.9440480739992623,8.155329677337697,1.5800130135477293,False,Belgium
Belgium,BEL,2015,50.38325905752208,28.24539686426482,21.58597660413283,1.2,Belgium,0.841850948950361,0.8281166420902951,0.790143553911548,0.7232366704029848,0.27976693088704085,54364.679580387034,10.903469949556062,-1.2070943848303983,3.9440480739992623,-3.319728497236406,False,Belgium
Belgium,BEL,2016,49.387742344805744,28.696975340994516,21.366682899536105,1.2,Belgium,0.811580062202384,0.8142358185039252,0.7605823014579411,0.6794342731641841,0.693400853429044,55327.79263215023,10.921030640503,1.756069094693835,-1.2070943848303983,-0.049057180515832854,False,Belgium
Belgium,BEL,2017,50.16218285088412,28.84878670985313,21.575229444357028,1.2,Belgium,0.7992551364898368,0.7988144392097514,0.7417668529367382,0.6756332867700924,0.6842090751884866,56800.698350082246,10.947303899529475,2.6273259026474705,1.756069094693835,0.6453076078265452,False,Belgium
Belgium,BEL,2018,50.00265359200908,28.585614836637397,21.591926414719385,1.2,Belgium,0.8177836511342919,0.8235013904794277,0.7294906769158538,0.7099270107816368,0.3145876334140665,56967.65989239582,10.950239015492402,0.29351159629271706,2.6273259026474705,-1.740518130710047,False,Belgium
Belgium,BEL,2019,50.010253314717374,28.665261192801545,21.394861768551362,1.2,Belgium,0.8270935251445531,0.8274826902549308,0.7416139277379533,0.6945516955264232,0.8565719886833357,59155.118323574316,10.987918396915234,3.767938142283178,0.29351159629271706,1.87323016681436,False,Belgium
Belgium,BEL,2020,49.963974426479375,28.73309105253837,21.542875413412506,1.2,Belgium,0.8072962052879159,0.7985175258410359,0.6885251917881955,0.6612039882699476,0.9154162014667034,60060.582995613644,11.003109048376883,1.5190651461649551,3.767938142283178,-0.5830557287129423,False,Belgium
Belgium,BEL,2021,50.51573272100688,28.350944713248815,21.571766134305904,1.2,Belgium,0.8203139586553277,0.8524655247833179,0.7378713516427848,0.7030505383194031,0.05823783082027523,60722.45533220085,11.014068848211789,1.0959799834905581,1.5190651461649551,-0.8718898826659294,False,Belgium
Belgium,BEL,2022,50.98130783666438,28.371369535034116,21.39013407960939,1.2,Belgium,0.8156279255305211,0.7831122935690175,0.7186168331572572,0.7110745613243233,0.5908045335179158,64232.68103286682,11.070267410512054,5.619856230026521,1.0959799834905581,3.6772432858759188,False,Belgium
Bangladesh,BGD,1990,33.21334504708036,31.390717241894862,1.6591168583627758,1.2,Bangladesh,0.3997166015463354,0.3712873078032049,0.3573145478276971,0.36893273806355953,0.5366232797354938,2294.6089874151767,7.738317732125077,,,,False,Bangladesh
Bangladesh,BGD,1991,32.47830383184003,31.56474387610142,1.2607443020822662,1.2,Bangladesh,0.40693823453859107,0.43026880126301115,0.3840712891168369,0.34181038482488946,0.1625670686634786,2233.5555338374675,7.711350004524916,-2.6967727600161417,,,False,Bangladesh
Bangladesh,BGD,1992,32.83670346231818,31.78689850980058,1.163578883574533,1.2,Bangladesh,0.4082092287910971,0.3899790294175597,0.37423868533479754,0.3529128140919957,0.9915942356641667,2305.6072809947063,7.743099383201195,3.174937867627925,-2.6967727600161417,1.0419127586293522,False,Bangladesh
Bangladesh,BGD,1993,32.89754585568558,31.581047545516967,1.7637312201078081,1.2,Bangladesh,0.4104005789079339,0.3900231797665992,0.3648051014346678,0.3300401734292687,0.8479716933125904,2281.7458305219525,7.73269614407942,-1.0403239121774988,3.174937867627925,-3.710485394160404,False,Bangladesh
Bangladesh,BGD,1994,32.97949566349141,31.379947000604044,1.6143903322655,1.2,Bangladesh,0.41208269091588057,0.3769755995294773,0.41523976168670984,0.3514173126780921,0.9728943893876949,2385.1774561424468,7.777028805645693,4.433266156627269,-1.0403239121774988,2.1487112835471307,False,Bangladesh
Bangladesh,BGD,1995,33.303157206098014,31.025155277030276,1.8908878474663613,1.2,Bangladesh,0.4010618291944022,0.38830565533720346,0.3597989140274101,0.36345831535747475,0.07852718594157282,2412.288501979407,7.788331161796812,1.1302356151118964,4.433266156627269,-1.6550360853471333,False,Bangladesh
Bangladesh,BGD,1996,33.03540292593874,30.22917888587805,2.3762802692831873,1.2,Bangladesh,0.3809052898209875,0.39467302843524366,0.34669005241178513,0.31993835317847447,0.5215995129911216,2533.743557278973,7.837453155001842,4.912199320502975,1.1302356151118964,2.4290845139094563,False,Bangladesh
Bangladesh,BGD,1997,33.13536881565655,30.97872994913735,2.4672290739016463,1.2,Bangladesh,0.38659511358633564,0.3801985880285605,0.35082180261640367,0.2919317311957966,0.26336361899807925,2746.0066537213243,7.917903009384458,8.044985438261598,4.912199320502975,5.215901561273473,False,Bangladesh
Bangladesh,BGD,1998,33.8400257807743,30.988866342824736,2.1627649095301864,1.2,Bangladesh,0.4045209728845069,0.3780486649147261,0.3924764725566232,0.3273961175247764,0.554806758273948,2795.792632373141,7.935870934785377,1.7967925400919071,8.044985438261598,-1.3188744945719746,False,Bangladesh
Bangladesh,BGD,1999,32.8322290699815,30.91429388719694,2.1072433767020544,1.2,Bangladesh,0.4163925651674175,0.3779371297261708,0.3862947523273786,0.3503732145910281,0.05490489091077433,2841.979094245332,7.952255952629051,1.6385017843674632,1.7967925400919071,-0.9055887738895882,False,Bangladesh
Bangladesh,BGD,2000,32.80442727359405,30.64133999549897,2.221274304528686,1.2,Bangladesh,0.40721119520875854,0.41360227723315607,0.3560345767235514,0.3561854618179563,0.29592634898028836,2985.228449344219,8.001431555341869,4.91756027128174,1.6385017843674632,2.3879499433695703,False,Bangladesh
Bangladesh,BGD,2001,32.42174365928498,30.823304567273492,1.8855840484640893,1.2,Bangladesh,0.3955130431738052,0.4001982284629405,0.36794166569010994,0.35325306624453734,0.7296066492353426,3140.213005021848,8.05204591259576,5.061435725389174,4.91756027128174,2.2318614356679185,False,Bangladesh
Bangladesh,BGD,2002,33.12432699884359,31.00105065346095,2.0427371159533765,1.2,Bangladesh,0.40293051090921556,0.3921710133475933,0.3813466071152695,0.3526571933960837,0.0415959562564695,3363.319628091056,8.120683749772647,6.863783717688676,5.061435725389174,4.021047890473236,False,Bangladesh
Bangladesh,BGD,2003,33.3215708868548,31.06160815902527,2.060071079266556,1.2,Bangladesh,0.3994116714586848,0.3949930369598925,0.36329298898954415,0.3165057712819339,0.9173489015067489,3450.4198144208513,8.146251187961722,2.556743818907492,6.863783717688676,-0.45086843441816793,False,Bangladesh
Bangladesh,BGD,2004,33.27582383752203,30.891202077359935,2.184016996150862,1.2,Bangladesh,0.4108598289444533,0.40402689503148537,0.34977594020504593,0.3931029069149867,0.9384682123658125,3453.9185099205697,8.147264665469582,0.1013477507859406,2.556743818907492,-2.5122621519064463,False,Bangladesh
Bangladesh,BGD,2005,32.912861047757865,32.096794204146434,0.842047702723221,1.2,Bangladesh,0.39724048548303864,0.3900060087611709,0.35625855959673763,0.3286968597619437,0.2778328995646543,3523.796150426064,8.167294139306321,2.0029473836739697,0.1013477507859406,-0.386046113015456,False,Bangladesh
Bangladesh,BGD,2006,32.56494618893692,31.383727711251975,1.8985057235778797,1.2,Bangladesh,0.4027974800069999,0.42251915783655414,0.37544671937714513,0.38860303810480745,0.091850337229201,3528.345808934323,8.168584430728613,0.1290291422291645,2.0029473836739697,-2.4339201902381635,False,Bangladesh
Bangladesh,BGD,2007,32.92971428930179,31.213746111187525,1.7226125943859583,1.2,Bangladesh,0.3934934337866381,0.38696048252286586,0.3941926397608702,0.3283179903763264,0.8745052950380771,3624.296671974044,8.195415526939762,2.6831096211148875,0.1290291422291645,0.29158386710866324,False,Bangladesh
Bangladesh,BGD,2008,33.203820727417984,30.515831159242797,2.6949771599899357,1.2,Bangladesh,0.3873611917092589,0.4067216932266706,0.33239544179864294,0.3056007029067843,0.26979605789236416,3602.379859077163,8.18934997799826,-0.6065548941501575,2.6831096211148875,-3.2317245743880143,False,Bangladesh
Bangladesh,BGD,2009,32.99087185052921,30.969430419880986,2.3681686684127077,1.2,Bangladesh,0.3714996989068282,0.38239134692270077,0.3754336058412668,0.3187311588515345,0.3871305089711483,3771.908552988662,8.235336399819133,4.598642182087254,-0.6065548941501575,2.2744066891960424,False,Bangladesh
Bangladesh,BGD,2010,33.00166225283754,30.02967408147144,2.7532118715454557,1.2,Bangladesh,0.39313340790826684,0.3829017038041409,0.37929336820004894,0.31830612462058044,0.7567049101114696,3926.272796439904,8.275445856997072,4.010945717793923,4.598642182087254,1.2105456358244138,False,Bangladesh
Bangladesh,BGD,2011,32.80269416736226,30.45307275082908,2.559821034391456,1.2,Bangladesh,0.38844548206182344,0.40294710295077363,0.3801371871271864,0.3682298238571411,0.4842661981097255,4021.1747327378353,8.299329360998602,2.3883504001529943,4.010945717793923,-0.35828798147657626,False,Bangladesh
Bangladesh,BGD,2012,32.86404157980938,30.927349885854653,2.0394971308145697,1.2,Bangladesh,0.3950947634746843,0.4548213509862129,0.38976456816781374,0.34621193974092607,0.10962819440343974,4104.683660299562,8.319883956870704,2.055459587210251,2.3883504001529943,-0.542745906797828,False,Bangladesh
Bangladesh,BGD,2013,33.13846617538838,31.374476187555356,1.5353235665552853,1.2,Bangladesh,0.3941793866590699,0.4021602694720004,0.3283599042384169,0.33027742661894066,0.4853448971344181,4162.587252412364,8.333892095609517,1.4008138738812903,2.055459587210251,-1.1669392059662473,False,Bangladesh
Bangladesh,BGD,2014,33.351019921265895,30.970234002929786,1.8275652383272332,1.2,Bangladesh,0.3858422898694418,0.411862603122536,0.31501186616290927,0.34568870945890817,0.9098236408320604,4409.710300923341,8.391564274882514,5.7672179272996615,1.4008138738812903,3.2593509771247553,False,Bangladesh
Bangladesh,BGD,2015,32.788442637321204,31.686618040965467,1.5638030439362507,1.2,Bangladesh,0.4016663789531184,0.42286538234836596,0.3376160080295697,0.3211635332812889,0.03341799470505946,4654.989520089193,8.445694938385152,5.41306635026384,5.7672179272996615,2.505766494591976,False,Bangladesh
Bangladesh,BGD,2016,32.862516699504816,31.807177732326558,1.1775831332686502,1.2,Bangladesh,0.3979241565485696,0.4243504806046377,0.35149185171611114,0.29804473196285486,0.818737990454652,4768.438623419775,8.469774197680973,2.4079259295820776,5.41306635026384,-0.4669766051659465,False,Bangladesh
Bangladesh,BGD,2017,32.519099975541465,32.04053843952337,1.0573867892511117,1.2,Bangladesh,0.38659875104345215,0.3768851761519512,0.3181816418692945,0.3061052163523111,0.17615391250286005,4741.260925065969,8.464058397259029,-0.5715800421944195,2.4079259295820776,-3.1715762799130762,False,Bangladesh
Bangladesh,BGD,2018,33.04862754256765,30.839795910996877,2.243337282989746,1.2,Bangladesh,0.3947565138375165,0.4428789609975819,0.3803829707854265,0.3492772208488603,0.759486569188307,4668.693795052191,8.448634610265625,-1.5423786993403965,-0.5715800421944195,-3.869813645732726,False,Bangladesh
Bangladesh,BGD,2019,33.25337125791494,30.93556451990856,2.121476665364594,1.2,Bangladesh,0.40335054351912175,0.4146463256372747,0.3587736957688011,0.35369202212943446,0.5032094167515431,4802.352062101867,8.476861089816737,2.8226479551111794,-1.5423786993403965,0.5840203942774047,False,Bangladesh
Bangladesh,BGD,2020,33.11495070679686,31.02262375216074,2.321023696129536,1.2,Bangladesh,0.3963087272692751,0.39150271116631014,0.3416983925969467,0.32574047945430773,0.02852002483864824,4806.473161516895,8.477718863701016,0.08577738842792115,2.8226479551111794,-2.5521570752551845,False,Bangladesh
Bangladesh,BGD,2021,32.81681778111011,30.61184004888786,2.2833233698611415,1.2,Bangladesh,0.3931088820227821,0.40246268409995983,0.3800101120767732,0.357564589152756,0.005339141969688543,4971.229526274212,8.511422478087312,3.3703614386295655,0.08577738842792115,0.9827922982297128,False,Bangladesh
Bangladesh,BGD,2022,32.697592512659135,31.266166364921435,1.9870203603899272,1.2,Bangladesh,0.4029923646191844,0.4178412493921235,0.3778952887735598,0.3365493980557496,0.29151692815119234,5012.983548608165,8.51978653551229,0.836405742497881,3.3703614386295655,-1.8516328309801793,False,Bangladesh
Bulgaria,BGR,1990,37.61622380834742,29.970824907939477,8.134415495685301,1.2,Bulgaria,0.6155878918449689,0.5849786636501013,0.5866219452827279,0.5157961963891841,0.22833125236861085,8507.585247780678,9.048713426634077,,,,False,Bulgaria
Bulgaria,BGR,1991,37.914770298391765,30.10840489501211,8.27659766533506,1.2,Bulgaria,0.5985474870574501,0.5921362954069264,0.5132643228092023,0.5067975043438078,0.3547972896563887,8626.012814868302,9.062537662816272,1.3824236182195193,,,False,Bulgaria
Bulgaria,BGR,1992,38.01919331341065,30.38276215874084,7.542549247989255,1.2,Bulgaria,0.5939235365462653,0.5911773172304877,0.553687015181097,0.508987073092338,0.15174291295305242,8505.011930868186,9.048410907635349,-1.4126755180923212,1.3824236182195193,-3.3912709480942986,False,Bulgaria
Bulgaria,BGR,1993,37.87359881760629,30.861898772821426,7.333819799911567,1.2,Bulgaria,0.6168434851612498,0.6368439194631063,0.5891077802718603,0.5106993042969042,0.41073154349101204,8469.027393737617,9.044170951505766,-0.42399561295827226,-1.4126755180923212,-2.184940680986532,False,Bulgaria
Bulgaria,BGR,1994,37.525606765546705,30.274426970258407,7.866411098766226,1.2,Bulgaria,0.5975693880111913,0.5976151467340614,0.5592197524146708,0.5333718282482858,0.03840087732634456,8314.19392005721,9.025719444060321,-1.8451507445444548,-0.42399561295827226,-3.683082899160458,False,Bulgaria
Bulgaria,BGR,1995,38.43853975026419,30.257803238128766,7.5729763346357695,1.2,Bulgaria,0.6015404807770177,0.6006931125661843,0.5427182841343493,0.4570445559771968,0.9099301581597186,8618.566514761673,9.061674052237308,3.595460817698637,-1.8451507445444548,1.868191975446818,False,Bulgaria
Bulgaria,BGR,1996,37.931670336325595,30.829983195991865,7.324459099478639,1.2,Bulgaria,0.6061888629802316,0.6389560576256503,0.5531961689275041,0.5214935906532924,0.45688807173726687,8934.14596398427,9.097635839811314,3.5961787574006365,3.595460817698637,1.445257293852852,False,Bulgaria
Bulgaria,BGR,1997,37.605491268338675,30.374402166018474,7.3493650476833725,1.2,Bulgaria,0.5764266577540051,0.5661276871414622,0.5034677923774304,0.48927222309427815,0.549717255163311,8927.570313194738,9.09689955546052,-0.07362843507934258,3.5961787574006365,-2.2246058035622993,False,Bulgaria
Bulgaria,BGR,1998,38.40873747320006,29.262491699223798,8.358311260946993,1.2,Bulgaria,0.6099016623895929,0.6055590408906688,0.5594422298240798,0.508868198907298,0.5576886911854527,9206.712842933644,9.127688153807611,3.0788598347090357,-0.07362843507934258,1.213645090327833,False,Bulgaria
Bulgaria,BGR,1999,37.53641001634137,30.215190882849445,7.724168793808455,1.2,Bulgaria,0.5813804986512595,0.5836269219606558,0.5461660140002308,0.49221369491915673,0.3049031243850635,9463.010940906042,9.15514589268489,2.7457738877279425,3.0788598347090357,0.6350794019939139,False,Bulgaria
Bulgaria,BGR,2000,37.60727148428361,30.564050766975516,7.558097664183723,1.2,Bulgaria,0.5970262392075689,0.5920985711572779,0.5570511454049308,0.4932328387812551,0.4716263651952617,9615.804949025085,9.17116337256605,1.6017479881160313,2.7457738877279425,-0.4830095725240082,False,Bulgaria
Bulgaria,BGR,2001,38.341387030820016,29.73279151156561,8.270887331548657,1.2,Bulgaria,0.5940263523446252,0.5842728728590452,0.5438193287911689,0.5014259922136539,0.3430267125900244,10430.697358585414,9.252508406602054,8.134503403600313,1.6017479881160313,6.138829499394154,False,Bulgaria
Bulgaria,BGR,2002,38.292425544525976,29.676655805315193,8.5853521332582,1.2,Bulgaria,0.5999071143843219,0.6060467358380466,0.5761845569161982,0.5030634699955222,0.9837115832091518,10376.18279463637,9.247268342903203,-0.5240063698851216,8.134503403600313,-3.028376571261645,False,Bulgaria
Bulgaria,BGR,2003,38.21987256723126,29.83172189161282,8.221383838210475,1.2,Bulgaria,0.5902784760179733,0.6099248656730822,0.5292940121741772,0.47957787119697737,0.605896815179483,10588.159417613097,9.267491619676136,2.022327677293312,-0.5240063698851216,0.192183216918135,False,Bulgaria
Bulgaria,BGR,2004,37.63628951208208,29.95848261387974,7.8504550843563,1.2,Bulgaria,0.5958337469438454,0.5945712866816204,0.5441663492236558,0.5117297011413642,0.4328399210571723,10678.459361203091,9.275983847539496,0.8492227863360569,2.022327677293312,-1.1792010552154428,False,Bulgaria
Bulgaria,BGR,2005,38.432243779401276,29.873784061920844,8.117856492504053,1.2,Bulgaria,0.5829188060539187,0.6356727038131966,0.5424918180158694,0.49037218086272666,0.8939335106699905,10772.927415101,9.284791545203342,0.8807697663845815,0.8492227863360569,-1.0563060793720749,False,Bulgaria
Bulgaria,BGR,2006,37.930565960693365,30.07347581029604,8.045462231978,1.2,Bulgaria,0.610973001875437,0.579660041243325,0.4897230548940182,0.5307506397185056,0.2786943159285258,11039.905981878219,9.309271803660604,2.448025845726143,0.8807697663845815,0.5084934818669482,False,Bulgaria
Bulgaria,BGR,2007,38.19075300147978,29.43137030079715,8.330532948265182,1.2,Bulgaria,0.5835313614170715,0.5956232083111216,0.511661945854698,0.4645700956309272,0.9987929358156545,11163.201075968896,9.320378029570314,1.1106225909710332,2.448025845726143,-0.9509497565662728,False,Bulgaria
Bulgaria,BGR,2008,37.94563068963599,29.676620663097182,8.41292234292183,1.2,Bulgaria,0.6011053531747393,0.5885790476510792,0.5508760962367758,0.4538470169404406,0.258792408364524,11098.311589466652,9.314548266673611,-0.5829762896702562,1.1106225909710332,-2.5404069634040463,False,Bulgaria
Bulgaria,BGR,2009,38.15321238476405,30.236739143476864,7.48449382611621,1.2,Bulgaria,0.5941923189324954,0.5890307047352143,0.5315793832894798,0.5136647848361274,0.5708539362787616,11361.639285666091,9.337997985180097,2.3449718506485695,-0.5829762896702562,0.519419293372662,False,Bulgaria
Bulgaria,BGR,2010,38.10702688709251,29.530959968349226,8.40814447010147,1.2,Bulgaria,0.6004549147633075,0.6116216432275416,0.5775423720182158,0.5007513581269419,0.7331603781367996,11991.868841972804,9.391984102595606,5.398611741550852,2.3449718506485695,3.345064060845602,False,Bulgaria
Bulgaria,BGR,2011,38.00377355070555,30.240615896117518,7.890747809226511,1.2,Bulgaria,0.6198833399358059,0.665493326065358,0.5343746032971701,0.5201928405378585,0.9774565631838426,12570.87214213197,9.439137682004144,4.71535794085387,5.398611741550852,2.4240277003252713,False,Bulgaria
Bulgaria,BGR,2012,37.906319541618004,29.498180339439276,8.184698985640672,1.2,Bulgaria,0.5999443970635193,0.6235146508594878,0.5124818995777725,0.5203507802945665,0.5437870703917469,12898.862974063124,9.464894444919574,2.575676291542983,4.71535794085387,0.33755004478679806,False,Bulgaria
Bulgaria,BGR,2013,38.11541699437557,28.90238464673865,8.832897692981073,1.2,Bulgaria,0.6015028863157678,0.6401416938109495,0.5670851138862616,0.4990777609380317,0.17046251158164205,12872.266751561736,9.462830411854148,-0.20640330654266847,2.575676291542983,-2.2779156112633183,False,Bulgaria
Bulgaria,BGR,2014,38.468355959952945,29.35297335088682,8.60967502215231,1.2,Bulgaria,0.5843696569342874,0.5607804636441318,0.5546344392253034,0.48976816261498746,0.48417303216340746,13201.70523299484,9.488101284548678,2.5270872694530766,-0.20640330654266847,0.6722115139326192,False,Bulgaria
Bulgaria,BGR,2015,38.14137513735377,29.69771443682195,8.035141461317135,1.2,Bulgaria,0.6035543192409375,0.6308790990402522,0.5646638753353637,0.5020850095633443,0.23828967055309158,13895.313461971858,9.539306901258012,5.120561670933377,2.5270872694530766,3.052832923693186,False,Bulgaria
Bulgaria,BGR,2016,38.25892773608327,30.254121376274018,7.58304462732876,1.2,Bulgaria,0.6002521086754008,0.5693897441165434,0.5435127931152721,0.5541387552171466,0.4455178144931612,14669.778176988353,9.593544750163016,5.423784890500372,5.120561670933377,3.154106010286872,False,Bulgaria
Bulgaria,BGR,2017,37.95379000502724,30.186660837433497,7.8942482011837365,1.2,Bulgaria,0.6007188093571887,0.6101476066870855,0.5617872540804326,0.5145868797203874,0.583105757279898,15121.469621837286,9.623870842221642,3.032609205862613,5.423784890500372,0.7393187683199964,False,Bulgaria
Bulgaria,BGR,2018,38.481645014838186,30.430265719125696,7.779524854146592,1.2,Bulgaria,0.5916393784789997,0.6201292949039386,0.5306413201481972,0.4851380814763789,0.3944793908388575,15258.610524259699,9.632899247236717,0.9028405015074625,3.032609205862613,-1.204252514075057,False,Bulgaria
Bulgaria,BGR,2019,37.77719634358965,29.37714896604521,8.385914105222325,1.2,Bulgaria,0.5961900359406661,0.6071155081318195,0.5215638117757633,0.48183625027087756,0.895555740873885,15470.970977655323,9.646720706798192,1.382145956147518,0.9028405015074625,-0.5591050242094298,False,Bulgaria
Bulgaria,BGR,2020,38.278056774072965,30.663137850827333,7.286317686658056,1.2,Bulgaria,0.5994017385647009,0.6092729426513868,0.5452795058600309,0.469580842170961,0.6877692063657348,16138.719401266559,9.688976595507985,4.22558887097928,1.382145956147518,2.247015062124722,False,Bulgaria
Bulgaria,BGR,2021,38.17435964359827,29.749568230646933,8.085163133987285,1.2,Bulgaria,0.6093957941235517,0.5913947094702667,0.5169872195091522,0.4935648757232576,0.3156332153671523,16793.796258509745,9.728764826867472,3.9788231359487725,4.22558887097928,1.778834504405189,False,Bulgaria
Bulgaria,BGR,2022,37.62318356213959,30.166212740451357,7.7998123628326965,1.2,Bulgaria,0.5797820136003805,0.5777563992263498,0.5098350606287215,0.4734829537406171,0.974904272810235,16244.118708582731,9.695486196621319,-3.3278630246153185,3.9788231359487725,-5.508636362198714,False,Bulgaria
Brazil,BRA,1990,57.15901941168044,52.71428862665392,4.144776720772106,1.2,Brazil,0.5285140209237883,0.5087553040078575,0.476235030022766,0.46860938091130844,0.5321134852653157,8841.106171192036,9.087167280291059,,,,False,Brazil
Brazil,BRA,1991,57.246158542625224,52.84217342367235,4.079078341882734,1.2,Brazil,0.5187208240851924,0.4996100152731839,0.4347198152715217,0.44498197318975796,0.26924323094938096,8944.780691742255,9.098825478229434,1.1658197938375636,,,False,Brazil
Brazil,BRA,1992,56.96473734980156,53.183515963963394,3.9823878444414205,1.2,Brazil,0.5181309487743959,0.5171751312269252,0.4450926012380245,0.4273238395359762,0.32749735217791465,8975.521737049043,9.102256343928596,0.34308656991619557,1.1658197938375636,-1.9786987961971936,False,Brazil
Brazil,BRA,1993,56.55534438076715,53.09045477055017,3.4428220054801733,1.2,Brazil,0.5368714163507257,0.5545042114897146,0.4830248218893208,0.48593958667591736,0.08692028808742369,9187.545289255115,9.125604072951676,2.3347729023079467,0.34308656991619557,0.20976775233251743,False,Brazil
Brazil,BRA,1994,56.914534780085226,52.96667243853426,4.072885577854105,1.2,Brazil,0.5437432940349239,0.5640339478886699,0.48055887345396103,0.4938225635889609,0.12758030279556376,9577.524141111287,9.167174397178393,4.157032422671669,2.3347729023079467,1.555658438216636,False,Brazil
Brazil,BRA,1995,56.97925861958216,52.8394618845946,4.431255293319278,1.2,Brazil,0.5112438174661524,0.48358782284686574,0.4786429866701701,0.47274557765563213,0.35609672589784624,10231.29292138808,9.233206236237153,6.603183905876087,4.157032422671669,3.565964361948547,False,Brazil
Brazil,BRA,1996,56.82167989434038,52.92942477197234,3.774467925514658,1.2,Brazil,0.5202769093161621,0.5228242188869052,0.46102076159600636,0.4374655055710566,0.15285913918433203,10352.973977031048,9.245029098195008,1.1822861957854869,6.603183905876087,-2.4400005407332213,False,Brazil
Brazil,BRA,1997,57.24107550581358,53.52752866169744,3.816625304535754,1.2,Brazil,0.5134935743087817,0.5037510666334878,0.4502963383931262,0.4191897227688682,0.17337359529475482,10812.337916063174,9.288443160705874,4.34140625108661,1.1822861957854869,2.0156824732984346,False,Brazil
Brazil,BRA,1998,56.68783681825274,53.15329417327333,3.941645244419313,1.2,Brazil,0.49497240478337784,0.5086652488144812,0.45328022968470294,0.4190283674159545,0.8655071258939803,11190.685453879576,9.322837055361948,3.4393894656073343,4.34140625108661,0.3580716395747521,False,Brazil
Brazil,BRA,1999,57.27848909747055,53.529481768290616,3.349518089147637,1.2,Brazil,0.5142322866943166,0.5293401112108318,0.4728274017773726,0.4175463387941981,0.9293759891275858,11573.747305148598,9.356494648920549,3.3657593558601206,3.4393894656073343,0.5001846806397436,False,Brazil
Brazil,BRA,2000,56.803715016993735,53.5104989169123,3.575079171226686,1.2,Brazil,0.5404332048968231,0.5728254480055693,0.5050501272149078,0.44413352584774324,0.18704374855752337,11609.42085876717,9.35957219048195,0.3077541561401276,3.3657593558601206,-2.540209769338966,False,Brazil
Brazil,BRA,2001,57.108576556178654,53.23645571720773,4.0276766138979,1.2,Brazil,0.5123674084345748,0.4762697664212845,0.42857981883345414,0.4364739961026162,0.11483682473920354,11494.259536067415,9.349603018947388,-0.9969171534562449,0.3077541561401276,-3.113471544646959,False,Brazil
Brazil,BRA,2002,57.32016672497159,53.44649931911413,3.4872030464664205,1.2,Brazil,0.5047570946683001,0.5207118209598728,0.43149855062967246,0.43439838378212026,0.4811401018548175,11344.81929566899,9.33651646898387,-1.3086549963517768,-0.9969171534562449,-3.113159874010379,False,Brazil
Brazil,BRA,2003,56.960658740938996,52.87815260463671,4.191602574172548,1.2,Brazil,0.5134816389219784,0.5144296123483066,0.44492520772410155,0.42876828219908514,0.06337497047276774,11314.266378107775,9.333819719740118,-0.26967492437517393,-1.3086549963517768,-1.9996187677643897,False,Brazil
Brazil,BRA,2004,57.020814340539836,52.17554798382576,4.856490134837659,1.2,Brazil,0.5139803132110362,0.5291853351037434,0.4847088639865015,0.45231602921540753,0.5956387406078443,11649.741133958287,9.363039238485882,2.9219518745764006,-0.26967492437517393,0.9435061873548407,False,Brazil
Brazil,BRA,2005,57.09992111178548,53.02420373643203,3.9706236939772017,1.2,Brazil,0.4952835549987271,0.4793456498893176,0.4572966420424652,0.4169301140280582,0.8306194077877291,12148.681860017083,9.404975953995866,4.193671550998346,2.9219518745764006,1.4518568966941823,False,Brazil
Brazil,BRA,2006,56.52312975200731,52.69186213153711,3.8935411812646366,1.2,Brazil,0.5216972928439038,0.5234851712268167,0.4792884451470884,0.4750453808188222,0.8418287767582721,12509.547100944614,9.434247399843553,2.927144584768726,4.193671550998346,-0.11883825615667387,False,Brazil
Brazil,BRA,2007,56.91204252400537,53.56501131774194,3.8224349147439685,1.2,Brazil,0.523376026620752,0.5151384872983027,0.46128629947722694,0.4362184588712468,0.16426579793099294,12553.72265399858,9.43777252639181,0.3525126548257873,2.927144584768726,-2.390543984856233,False,Brazil
Brazil,BRA,2008,57.10431253573529,53.11659360052881,3.8019907522011263,1.2,Brazil,0.5254348315296378,0.5461332500712498,0.42872921734319647,0.45383517529366063,0.8772005408131083,13484.94654352366,9.50932927142238,7.155674503056986,0.3525126548257873,5.028414834883053,False,Brazil
Brazil,BRA,2009,57.18575133509262,52.859677948650784,4.0724703545724115,1.2,Brazil,0.5320121392216395,0.5238506317612085,0.43804843459591847,0.4320485921200454,0.46267978566960644,14369.100126638145,9.572835355444761,6.350608402238045,7.155674503056986,2.5961777143552935,False,Brazil
Brazil,BRA,2010,57.00190171870868,53.74729473001455,3.7722400153046136,1.2,Brazil,0.5305159304067166,0.5136450311618073,0.44585929863117446,0.4512596092185877,0.8995745732745685,14503.882237222455,9.582171633070676,0.9336277625914491,6.350608402238045,-2.6282483076846157,False,Brazil
Brazil,BRA,2011,57.027456053451964,52.606472351247916,4.509683067818046,1.2,Brazil,0.5282940558118349,0.48407134963167714,0.4801769413928227,0.4644672513177989,0.11689804070836407,14435.671317681505,9.577457597263074,-0.47140358076021016,0.9336277625914491,-2.7376535718995005,False,Brazil
Brazil,BRA,2012,56.766155280982375,53.10300150766194,3.983058764129567,1.2,Brazil,0.5216519438012058,0.5330306772905986,0.4519906151461912,0.43539669476767384,0.794025189270296,14780.776952401278,9.60108276094202,2.3625163678946848,-0.47140358076021016,0.43231986698343916,False,Brazil
Brazil,BRA,2013,57.325586101333776,52.94169391023258,4.1316123712148665,1.2,Brazil,0.5263278186610628,0.5717416758171507,0.4773323618961265,0.4523430575879101,0.15167487973275118,15638.342249588164,9.657481014209656,5.639825326763592,2.3625163678946848,3.03181569785439,False,Brazil
Brazil,BRA,2014,56.907398083336076,53.11357622449557,4.073533200597458,1.2,Brazil,0.5090860956270653,0.4927460668418474,0.48837291231355123,0.440763870883944,0.8767656367617495,16107.225872669218,9.687023262253621,2.9542248043965103,5.639825326763592,-0.4376471343429458,False,Brazil
Brazil,BRA,2015,56.4027564014628,53.01613888940924,3.6848489445453185,1.2,Brazil,0.530375399442579,0.5201750714654841,0.4719403607924537,0.43124381521054606,0.7972953657795536,16698.30406109643,9.72306244002021,3.6039177766587827,2.9542248043965103,0.8543841267911034,False,Brazil
Brazil,BRA,2016,56.78415593001456,52.40179201372847,4.297707295063352,1.2,Brazil,0.5157259205755053,0.5046730051085652,0.483430334892262,0.45783818143958194,0.6411476328852973,16926.028791306173,9.73660788123925,1.3545441219040555,3.6039177766587827,-1.550382211506573,False,Brazil
Brazil,BRA,2017,57.72612450367422,53.53190249022076,3.555074364071968,1.2,Brazil,0.524134349032237,0.5616702652833983,0.45624513014694185,0.4206211026111731,0.18159771680142567,17496.234996397136,9.769740993701996,3.3133112462746084,1.3545441219040555,0.9463870514526747,False,Brazil
Brazil,BRA,2018,56.53171249410167,52.99790698498945,3.9426283424710222,1.2,Brazil,0.5217059420358087,0.5384172500028067,0.45171848098320627,0.39695565750138934,0.9472833396118153,18656.871076876814,9.833969779573755,6.422878587175873,3.3133112462746084,3.5874591293810587,False,Brazil
Brazil,BRA,2019,57.237241836507025,53.183259353681485,3.8856696915657243,1.2,Brazil,0.5227996862631982,0.5002899053172306,0.519434757229215,0.446964156963223,0.01811018382084051,18895.864411698894,9.846698362908588,1.2728583334833843,6.422878587175873,-2.306303221563325,False,Brazil
Brazil,BRA,2020,57.269344622523164,53.509716528827205,3.8160708606975913,1.2,Brazil,0.5378216361853608,0.5496271285665966,0.48837669330648353,0.46599072406382613,0.15253904291426135,19355.019404411378,9.870707065564146,2.40087026555571,1.2728583334833843,0.05348356676949706,False,Brazil
Brazil,BRA,2021,57.400735300896066,53.31376357865709,3.6479676240039005,1.2,Brazil,0.5388202449647503,0.5657286458878499,0.5168019530010632,0.44777289469141407,0.9343670147690148,19889.498477362926,9.897947156716793,2.724009115264714,2.40087026555571,0.10682605315501803,False,Brazil
Brazil,BRA,2022,57.43651367288121,53.061537577362955,3.9647595859981353,1.2,Brazil,0.5190977233594379,0.5347191887117669,0.5179617730582439,0.4517121181976781,0.39900270387013026,20456.583097858103,9.926060021544139,2.8112864827345874,2.724009115264714,0.11681550901578541,False,Brazil
Canada,CAN,1990,45.45953366718032,33.42768813757302,11.773814016624295,1.2,Canada,0.8457944257286726,0.8487484122332081,0.7515387605249835,0.7122961359148788,0.19747048985993731,32661.0163003547,10.393937483626189,,,,False,Canada
Canada,CAN,1991,45.58013804555645,33.182008948666784,12.21008797148982,1.2,Canada,0.843074066978091,0.8593888112288769,0.7759761300474768,0.7049514081599985,0.861369996363436,32295.05332204095,10.382669349557979,-1.1268134068210145,,,False,Canada
Canada,CAN,1992,45.445475636020156,32.7053780450085,12.082965744823973,1.2,Canada,0.8483756270335837,0.8321027199123903,0.7878126930847421,0.7183184259397013,0.7284906771616132,34606.44388912362,10.451795183275427,6.9125833717448515,-1.1268134068210145,4.89350767104832,False,Canada
Canada,CAN,1993,45.126068012842374,32.548153718814426,12.431366939863349,1.2,Canada,0.8466288126866741,0.8700982898363806,0.7655863625920809,0.6936978518245561,0.9846697395245082,34962.34370384076,10.462026867105966,1.0231683830538074,6.9125833717448515,1.1511260749290788,False,Canada
Canada,CAN,1994,44.786298880676185,32.54258013712736,12.281517937140856,1.2,Canada,0.8390562824996461,0.8373384175052904,0.7714044427625615,0.7247560504005294,0.2135113663106719,35464.0915933673,10.476275959135497,1.4249092029531951,1.0231683830538074,-0.019983779384461275,False,Canada
Canada,CAN,1995,45.266027716321425,33.25553021037426,11.646654296001953,1.2,Canada,0.8523828307143363,0.8528082622490575,0.7733212078948819,0.7585697049998906,0.5903476904587729,35215.833834598816,10.469251085291878,-0.7024873843619162,1.4249092029531951,-2.040089859806961,False,Canada
Canada,CAN,1996,44.20448749952424,33.103976848562574,11.620421296067851,1.2,Canada,0.8210082361208453,0.8225768241012181,0.7751349130820604,0.7103279778407512,0.8733229158608077,34936.57015524687,10.461289415024408,-0.7961670267469856,-0.7024873843619162,-2.701920526207497,False,Canada
Canada,CAN,1997,44.64139230771057,33.47949692002821,11.785494215848116,1.2,Canada,0.8528975275408274,0.8663611545662265,0.7648386551070692,0.700476933683916,0.009331619827093296,34353.754491081505,10.444466592727979,-1.6822822296429507,-0.7961670267469856,-3.613054188316867,False,Canada
Canada,CAN,1998,45.12329477307026,32.52579711151857,12.630714653624457,1.2,Canada,0.8482845451569511,0.8297502831071074,0.7892157401172948,0.7125856241616975,0.20403563462889884,34635.47844768009,10.452633824355232,0.8167231627252747,-1.6822822296429507,-1.3506982589227237,False,Canada
Canada,CAN,1999,45.218614270222304,32.33544339424004,12.549227147313227,1.2,Canada,0.856699045043514,0.8645924756399737,0.7471114792984589,0.7370862416513897,0.3553845686857394,34333.198862489335,10.44386806190947,-0.8765762445761993,0.8167231627252747,-2.3766033114715372,False,Canada
Canada,CAN,2000,44.83513421366097,32.57743116663049,12.198015146915314,1.2,Canada,0.842779830647427,0.8718760435472619,0.7295047162730662,0.694236692425746,0.14888805033244468,37138.01590515413,10.522396411432142,7.852834952267251,-0.8765762445761993,5.900588586930115,False,Canada
Canada,CAN,2001,45.098102960636794,32.44622526209107,12.395269571817352,1.2,Canada,0.8472238135782777,0.8397671505364424,0.797040709245118,0.7121475178292439,0.8861957804650745,35776.73042147017,10.485052972827772,-3.7343438604370505,7.852834952267251,-3.3552788284958828,False,Canada
Canada,CAN,2002,45.18545721439959,32.96253156096033,12.347844463064172,1.2,Canada,0.8230115080019635,0.8521554232010885,0.774332203500377,0.6845416708060668,0.0032182636042786816,35281.22569444128,10.471106251423173,-1.394672140459896,-3.7343438604370505,-4.110125331938794,False,Canada
Canada,CAN,2003,45.5050758628614,33.48894470246392,11.404859996624937,1.2,Canada,0.8247434368542991,0.8499951189228427,0.7312319302510202,0.7521959070395192,0.6423255259052274,35561.97841690819,10.479032324101254,0.7926072678081653,-1.394672140459896,-1.298003855439966,False,Canada
Canada,CAN,2004,44.87635518646291,33.07890277074006,11.559557857304949,1.2,Canada,0.8412644902282346,0.827505742478958,0.7943643531501391,0.7528071096157876,0.6034876665964548,36991.738454117614,10.518449881670701,3.941755756944687,0.7926072678081653,2.435288202895284,False,Canada
Canada,CAN,2005,45.29018977075283,33.95012321420981,11.353235317218033,1.2,Canada,0.8502406252581146,0.8620911642421383,0.780783784255636,0.7116808171428267,0.4982556822634536,37272.405633011884,10.52600853648667,0.7558654815968069,3.941755756944687,0.09042209273972035,False,Canada
Canada,CAN,2006,44.78238254339761,32.63411339052299,12.240189663449646,1.2,Canada,0.8511590205336536,0.8381737089721351,0.7849996345370325,0.737125856454484,0.5172690564416094,38773.697198984344,10.56549738848568,3.948885199901042,0.7558654815968069,2.432605237772859,False,Canada
Canada,CAN,2007,45.5218944125793,33.072664173625114,11.830889330634298,1.2,Canada,0.8285831088586649,0.8247099196730706,0.7313883515607423,0.666964910188404,0.08860042967961723,38401.31008702034,10.55584685484334,-0.9650533642339809,3.948885199901042,-1.6285927355982948,False,Canada
Canada,CAN,2008,45.23873340292327,33.25991993979536,11.650648528738648,1.2,Canada,0.8448005958008667,0.8174913553570231,0.7641174929450294,0.7296156677545982,0.421248053294072,39237.642005303795,10.57739182026577,2.154496542243045,-0.9650533642339809,0.17862112417768738,False,Canada
Canada,CAN,2009,44.74918286554627,33.3414860670149,11.790930239901451,1.2,Canada,0.8522103369552535,0.8638522910246258,0.7624596212827315,0.7051900016774958,0.8398022856356172,42075.35663985003,10.647217495311853,6.982567504608284,2.154496542243045,5.839811536108796,False,Canada
Canada,CAN,2010,45.46108969617529,33.394087301603534,11.895781658643727,1.2,Canada,0.8519864137199105,0.8132391673903813,0.7417208084854817,0.7311613385486083,0.3622354416522884,41695.31805508889,10.638144124626994,-0.9073370684859583,6.982567504608284,-0.7606891347496831,False,Canada
Canada,CAN,2011,44.812919793222534,32.92141433565188,12.083256727571023,1.2,Canada,0.8414088624691121,0.806040075157855,0.7637313305058965,0.7122454813727719,0.25929675886577375,43054.04464695345,10.670211457752819,3.2067333125825215,-0.9073370684859583,1.2462718388316103,False,Canada
Canada,CAN,2012,45.10910944510289,32.30477773088225,12.65161644349686,1.2,Canada,0.8503296394715281,0.8464307353029489,0.7579200709325244,0.7308156192019702,0.8026433097957104,44182.397539509664,10.696081743032455,2.587028527963575,3.2067333125825215,1.7252871113063435,False,Canada
Canada,CAN,2013,44.39576922154041,34.085640250161475,11.073527480882484,1.2,Canada,0.8283008316428971,0.7708555873772641,0.7449204503775947,0.7395007388298575,0.43685070261517955,42081.699075548946,10.647368223867101,-4.87135191653536,2.587028527963575,-5.898594166496499,False,Canada
Canada,CAN,2014,44.602081169004435,33.07600385027635,11.919349407553574,1.2,Canada,0.8490017698691247,0.8645639535916451,0.7711971625256162,0.6996942572217715,0.13535408227768553,42179.78661803171,10.649696395177667,0.23281713105660629,-4.87135191653536,-2.786289970200048,False,Canada
Canada,CAN,2015,45.050911963542845,33.34387439642298,11.568314821556028,1.2,Canada,0.8476608027838469,0.8721994672615331,0.7608916409758631,0.7164382073627306,0.26170568373590597,44454.73473034394,10.702226753387373,5.253035820970631,0.23281713105660629,3.5970684786233877,False,Canada
Canada,CAN,2016,45.07729212627635,34.02895666508692,11.140139956609447,1.2,Canada,0.8435502245442151,0.8391279626384451,0.742389573476651,0.6985610870680462,0.7593982624179637,45523.974687899805,10.725994382385014,2.3767628997640955,5.253035820970631,2.061515198720743,False,Canada
Canada,CAN,2017,44.65276061032997,32.64321936889438,12.163710392143868,1.2,Canada,0.8549268856895952,0.8495044136687439,0.769006851233667,0.7117436192531994,0.03361360018328263,44778.83513420359,10.709490876732747,-1.650350565226688,2.3767628997640955,-2.733747193120508,False,Canada
Canada,CAN,2018,45.18428113150712,33.61106841861189,11.539702595374843,1.2,Canada,0.841016442876895,0.8183959150470562,0.7216581489123516,0.6943311617506461,0.8998333456872725,46602.37788543799,10.749406846396381,3.9915969663633533,-1.650350565226688,1.8327033424681538,False,Canada
Canada,CAN,2019,44.70107441219928,33.832950542469135,11.413629844351403,1.2,Canada,0.8406699071722487,0.8509886915263306,0.7253519993172929,0.7039883675494855,0.7308209649807298,46864.57738661305,10.755017389463902,0.5610543067520624,3.9915969663633533,-0.0910782897787461,False,Canada
Canada,CAN,2020,44.64599976645982,32.352851601083074,12.808062459233899,1.2,Canada,0.8288960048270397,0.8402371151748018,0.7193432581312627,0.7528574240761564,0.9720053296315371,48308.077690622835,10.785354065629106,3.033667616520397,0.5610543067520624,1.4653606044581977,False,Canada
Canada,CAN,2021,45.16963812575073,32.5873650346363,12.7798801333097,1.2,Canada,0.8238486818409448,0.8471434689300883,0.7267719821208893,0.6840663308245155,0.8506160578411378,49820.48782957764,10.816181580610417,3.082751498131131,3.033667616520397,2.1747904658996635,False,Canada
Canada,CAN,2022,44.55448335626177,32.73503985512485,12.503042857533902,1.2,Canada,0.8501750122908418,0.9034386592932383,0.7592466862588266,0.725695070718748,0.7078350972297687,49144.878768712944,10.802527924189526,-1.365365642089067,3.082751498131131,-2.260218136981482,False,Canada
Switzerland,CHE,1990,40.02023636982036,30.850004959031786,9.319220090149335,1.2,Switzerland,0.8764039728093304,0.8527735095760378,0.8177886686674897,0.7301550882558769,0.020341081882177647,39465.200683004216,10.583174567217734,,,,False,Switzerland
Switzerland,CHE,1991,39.83806350909611,31.42680424248176,8.730612645937878,1.2,Switzerland,0.8593642646081388,0.8303457067859142,0.7749393656007256,0.7514369077544252,0.929870482293879,39285.70264834897,10.578615931369507,-0.45586358482267997,,,False,Switzerland
Switzerland,CHE,1992,39.47202733841306,30.980476190060717,8.706498131039206,1.2,Switzerland,0.8416059841581327,0.7791951036992568,0.7616436964219893,0.7100903857817858,0.2469654124670625,39299.87318667242,10.578976571049918,0.036063968041055716,-0.45586358482267997,-1.7825815987877367,False,Switzerland
Switzerland,CHE,1993,40.09397095821242,30.836273328390213,8.923846306444977,1.2,Switzerland,0.86031491562262,0.8741163891493522,0.7960376325835153,0.7451000497816548,0.1310146186504656,40153.90911402497,10.600475077375812,2.149850632589434,0.036063968041055716,0.37919051631267964,False,Switzerland
Switzerland,CHE,1994,39.85844210568357,30.110392125817405,9.768517976608202,1.2,Switzerland,0.855713252031187,0.8575718567134667,0.7457923230833515,0.7271845601893168,0.1829229259620847,39997.75482065726,10.596578602037187,-0.3896475338624583,2.149850632589434,-1.9541167082438717,False,Switzerland
Switzerland,CHE,1995,40.26427703895976,31.095277897150808,8.90092558291302,1.2,Switzerland,0.8502007442521775,0.8110539724694977,0.7518178088604044,0.726538221652834,0.5036917612374446,39434.96076762797,10.582408030969875,-1.4170571067312565,-0.3896475338624583,-3.2292435780680284,False,Switzerland
Switzerland,CHE,1996,39.98236520452577,31.042409268223263,8.804571506397252,1.2,Switzerland,0.8629703947087988,0.8374826920194204,0.7934804917166299,0.7742479592296557,0.7382955104783077,39444.21779602772,10.582642745088627,0.023471411875242154,-1.4170571067312565,-1.8889345144779934,False,Switzerland
Switzerland,CHE,1997,39.71661162004252,31.292668255477764,8.905710612462354,1.2,Switzerland,0.8716750982298644,0.8571958036205087,0.7716207830664383,0.6861410293726352,0.6481021272610714,40016.16075612547,10.59703867040555,1.4395925316922131,0.023471411875242154,-0.33229593513677336,False,Switzerland
Switzerland,CHE,1998,40.04364791411059,31.25741370882398,8.72582178687563,1.2,Switzerland,0.8447973391910535,0.8637590269397752,0.7648059494308305,0.7281135616679483,0.1271026137707404,41361.84558043711,10.630114130537757,3.307546013220808,1.4395925316922131,1.6737941674757337,False,Switzerland
Switzerland,CHE,1999,39.81369647355779,30.599466779431495,9.211546453444482,1.2,Switzerland,0.8712493254530324,0.8363938859754115,0.7923131635205742,0.7350284912006946,0.009165550183816484,42272.550999316336,10.651893241853783,2.177911131602528,3.307546013220808,0.7263702413113489,False,Switzerland
Switzerland,CHE,2000,40.17009119787512,30.386621343936792,9.474446785387434,1.2,Switzerland,0.8455644296581627,0.8593019341222206,0.7707313586516765,0.712223786722967,0.4159136542975095,41747.78534857558,10.639401683328938,-1.2491558524844848,2.177911131602528,-2.810887843961587,False,Switzerland
Switzerland,CHE,2001,40.39129903979814,31.358541018241812,8.80050758417294,1.2,Switzerland,0.864187599601275,0.8685992703560222,0.7523498052193018,0.7269878647968206,0.5171179308569195,42869.12518313237,10.665907153112116,2.6505469783177915,-1.2491558524844848,0.754519108624284,False,Switzerland
Switzerland,CHE,2002,39.23177878430241,31.935334021814196,7.975440856515227,1.2,Switzerland,0.8618379937299343,0.8535501978906297,0.7927941192552662,0.7355866615503469,0.12248141685029723,44141.595092303185,10.695157816273865,2.9250663161748847,2.6505469783177915,1.409437950972927,False,Switzerland
Switzerland,CHE,2003,40.082641783290335,31.780421755895347,8.483760244638628,1.2,Switzerland,0.8703860606920881,0.872249227446083,0.7731276712189649,0.6887571596671569,0.0704606776669583,44421.9429661538,10.701488837287716,0.6331021013851412,2.9250663161748847,-0.8557480643936817,False,Switzerland
Switzerland,CHE,2004,39.71813117744417,30.936712079661117,8.844209182495673,1.2,Switzerland,0.8506355394835099,0.8269586866624765,0.7638748046353718,0.7265162318585302,0.460868735269652,44249.25791510846,10.697593880015418,-0.38949572722977166,0.6331021013851412,-2.101917300740454,False,Switzerland
Switzerland,CHE,2005,39.81303124496616,31.52741716554462,8.348303935745957,1.2,Switzerland,0.8506003217084993,0.8601333425245105,0.7998584421603033,0.7210597657773119,0.866855213027066,44076.73427890886,10.693687354850626,-0.3906525164792285,-0.38949572722977166,-2.2028241797215484,False,Switzerland
Switzerland,CHE,2006,39.6150556592189,31.058849951777255,8.641065967778642,1.2,Switzerland,0.8748839467769143,0.8971163898070884,0.7944236854760686,0.7342499247686032,0.2648163217783188,44255.05245921147,10.697724823787237,0.4037468936610722,-0.3906525164792285,-1.4085376094760773,False,Switzerland
Switzerland,CHE,2007,40.33214778563299,31.25111494140698,8.807500389246403,1.2,Switzerland,0.8615140304795174,0.8674830667591461,0.7597106554831938,0.7464275730998055,0.4430399766351608,48079.89543279153,10.78061939434798,8.289457056074312,0.4037468936610722,6.554662852864345,False,Switzerland
Switzerland,CHE,2008,39.96369147526601,31.382042571844757,8.690157648881533,1.2,Switzerland,0.8733338730022042,0.8849713521386683,0.7796106842905304,0.753191259013947,0.822760243032332,47759.09808804247,10.773924863634457,-0.669453071352244,8.289457056074312,-1.6350296268347178,False,Switzerland
Switzerland,CHE,2009,40.323737133797266,31.288077246076966,8.71352061570462,1.2,Switzerland,0.8316696970985726,0.8588534869818532,0.7637128497803982,0.6720602919240534,0.7298891177035978,49095.396459302334,10.801520550920664,2.7595687286206427,-0.669453071352244,0.9200884114619807,False,Switzerland
Switzerland,CHE,2010,39.45622349002941,31.567637513905687,8.486034283698016,1.2,Switzerland,0.877726066683142,0.8532899248198728,0.8113973943335976,0.7663116451497474,0.05196609813118025,49025.529886042015,10.80009645949246,-0.14240914282037664,2.7595687286206427,-1.6474028977473063,False,Switzerland
Switzerland,CHE,2011,40.12665599843123,31.158780653073336,8.771501953735664,1.2,Switzerland,0.8586907419487387,0.8812555376141155,0.7553048196239627,0.7137711375587438,0.48301411284395046,49261.85777281988,10.804905384581332,0.4808925088871874,-0.14240914282037664,-1.3071769039135248,False,Switzerland
Switzerland,CHE,2012,40.12793422485948,30.680828948587727,9.206991233243508,1.2,Switzerland,0.8572539767347956,0.8747176395503677,0.7637101178708213,0.7335085433380567,0.4760567021510618,49203.527142903746,10.803720589807218,-0.11847947741134846,0.4808925088871874,-1.8457484523977916,False,Switzerland
Switzerland,CHE,2013,39.824942986362686,31.904235577325043,8.42304946514329,1.2,Switzerland,0.8600736268142356,0.8305026880742596,0.7643135957137128,0.7023375054935379,0.7800840237349648,51370.257186019226,10.846814629989938,4.309404018271934,-0.11847947741134846,2.5236688430424397,False,Switzerland
Switzerland,CHE,2014,40.08621421289307,31.554981262238464,8.475977186666304,1.2,Switzerland,0.8527267877849772,0.8672371105604848,0.7707227442182221,0.7397267152583693,0.3799242909620145,52981.9083293447,10.877705781983794,3.089115199385617,4.309404018271934,1.7353013168249056,False,Switzerland
Switzerland,CHE,2015,39.98474601486721,30.58524574082013,9.343431963868005,1.2,Switzerland,0.8849741512641985,0.8858942789989254,0.7836544509332858,0.8087146403946297,0.5049328040894001,53835.96005348126,10.893696925349492,1.5991143365697624,3.089115199385617,0.12626644496240913,False,Switzerland
Switzerland,CHE,2016,39.90353926460382,30.21606804198517,9.57240099879026,1.2,Switzerland,0.8645108821250557,0.8551759659135547,0.7563749188403159,0.7372888930390628,0.7661571015827779,55724.95882547099,10.928183419365883,3.448649401639159,1.5991143365697624,1.8304582327363592,False,Switzerland
Switzerland,CHE,2017,39.95318094975343,31.0203096013401,8.921335654829287,1.2,Switzerland,0.8504881562961204,0.8436517198911977,0.7453007934476056,0.7238714392473959,0.9339874185126172,58082.34585969895,10.96961703882935,4.14336194634668,3.448649401639159,2.7055850943336113,False,Switzerland
Switzerland,CHE,2018,39.883499829060206,32.33436348572318,7.664898709147136,1.2,Switzerland,0.8542339822325703,0.83947481110607,0.7344809204744243,0.698665992018607,0.794662892397889,57761.647010298664,10.964080287881409,-0.5536750947941371,4.14336194634668,-1.9236856786486551,False,Switzerland
Switzerland,CHE,2019,40.24397730361589,30.81760358525571,9.172845491046578,1.2,Switzerland,0.8473186319502468,0.843953449260496,0.7639542000745753,0.6852915026461291,0.1474539174261349,59865.18597197901,10.999850412668778,3.5770124787369184,-0.5536750947941371,1.7488258131267458,False,Switzerland
Switzerland,CHE,2020,39.968564003905655,30.985261447337184,8.99906394703766,1.2,Switzerland,0.8717925933461013,0.9118462486742731,0.7903213215459248,0.7438235791969148,0.9122545611011557,59773.65506400005,10.998320292098493,-0.15301205702851206,3.5770124787369184,-1.5782676342056328,False,Switzerland
Switzerland,CHE,2021,40.22596361944836,30.605487946993946,9.148460023486335,1.2,Switzerland,0.8560010000989068,0.8410976446925598,0.7683015459377436,0.7398566649157365,0.009310290762353679,62471.72170236726,11.042469280574734,4.414898847624116,-0.15301205702851206,2.625795165422391,False,Switzerland
Switzerland,CHE,2022,40.25991922010728,31.223058283158895,8.827006375479197,1.2,Switzerland,0.8540917188909253,0.8525921337093743,0.7282944244260168,0.7369546787176557,0.47343493359404876,65108.40033867716,11.083808857332523,4.133957675778888,4.414898847624116,2.7904343672832095,False,Switzerland
Chile,CHL,1990,53.2152045372826,45.6733365675603,7.088594734806031,1.2,Chile,0.6867907469393669,0.6443170865928703,0.6239047462096254,0.5846895637961532,0.241601276435763,12828.690420449413,9.459439380728107,,,,False,Chile
Chile,CHL,1991,53.217712394995615,46.25610650965043,6.9008843480871525,1.2,Chile,0.7115938104330052,0.7310558416533066,0.6248525746021706,0.608919457959775,0.6768722758275765,12540.01297313597,9.436679848726724,-2.2759532001382254,,,False,Chile
Chile,CHL,1992,52.81748975122879,45.92830248325842,6.6921104130412745,1.2,Chile,0.7014508064950924,0.6882950587091808,0.6148200546920082,0.609898393310895,0.841622007542774,12908.598538349659,9.465648921662178,2.8969072935453255,-2.2759532001382254,0.15313727880263528,False,Chile
Chile,CHL,1993,53.167272752847445,45.921650880914555,6.81084038042687,1.2,Chile,0.6851594333507566,0.6809900691399484,0.6407756531129593,0.5518421612163502,0.5448010852760984,12862.494420642155,9.462070946372894,-0.3577975289283941,2.8969072935453255,-2.411919383256284,False,Chile
Chile,CHL,1994,53.02353503923337,45.68729615090137,7.300370785257322,1.2,Chile,0.6961777276143384,0.6825678087408382,0.6116534851787628,0.57815640392018,0.41114433647998705,13092.584958084171,9.479801315197639,1.7730368824745213,-0.3577975289283941,-0.7150037284587336,False,Chile
Chile,CHL,1995,52.69290567149003,45.681637357655845,7.359004029022936,1.2,Chile,0.6902587815378363,0.7043273398735824,0.5950855077394334,0.554762521617264,0.9764565294354102,13159.002810309068,9.484861427715668,0.5060112518028959,1.7730368824745213,-1.6979455270287636,False,Chile
Chile,CHL,1996,52.98512290763542,46.319017377082,6.950447271240711,1.2,Chile,0.6886282122419743,0.6707716202956128,0.650424058428488,0.5859881355310536,0.858322938878858,13522.919318150853,9.512141252187044,2.7279824471376557,0.5060112518028959,0.35510522352345,False,Chile
Chile,CHL,1997,52.88702158309295,46.847127966399206,6.651419806928496,1.2,Chile,0.6959069152590427,0.7160254054949711,0.6037663017540776,0.6140790578352576,0.06090554323518271,13383.382925303378,9.501769136202054,-1.037211598499077,2.7279824471376557,-3.1138545917047034,False,Chile
Chile,CHL,1998,52.46751708662638,46.563804161987775,6.715414151861176,1.2,Chile,0.6827882417471027,0.6644654114154759,0.6354429141180112,0.5955742754116397,0.30409463597128383,13749.52499672617,9.528759556805358,2.69904206033047,-1.037211598499077,0.12042165050035791,False,Chile
Chile,CHL,1999,52.583142994334565,45.913388715287724,7.378245446208094,1.2,Chile,0.6940446506481613,0.7120553121947931,0.6586289052435195,0.5819020525121045,0.6929202292247886,14185.294611319707,9.559961116242622,3.120155943726388,2.69904206033047,1.0396546047278221,False,Chile
Chile,CHL,2000,52.50566685766866,46.246375062316275,7.047241302216784,1.2,Chile,0.7108392096653561,0.7429210347349009,0.6481974605686186,0.6353509649464865,0.2746658697879054,14821.190693839364,9.603813239336551,4.385212309392905,3.120155943726388,2.3608540686595547,False,Chile
Chile,CHL,2001,53.19353380629833,46.191823357038594,6.6550775827529565,1.2,Chile,0.6793659684752054,0.6730189586303547,0.6302530089560843,0.5812990279213853,0.569304984412202,15992.554935175198,9.679878576377027,7.606533704047536,4.385212309392905,5.75083336477282,False,Chile
Chile,CHL,2002,52.44418164149292,46.30417776065937,6.868173938181302,1.2,Chile,0.7032425879603519,0.7488074493719974,0.5935997492813772,0.5960989863155808,0.18176359776119422,15308.664459155667,9.636174251610612,-4.3704324766414615,7.606533704047536,-5.796664753392334,False,Chile
Chile,CHL,2003,53.104460904783444,46.51116957312362,6.4357223319505374,1.2,Chile,0.6796377949714406,0.6805876643364734,0.6066925785812357,0.544234247699493,0.13328425808217315,15761.945288330066,9.665353787795405,2.917953618479352,-4.3704324766414615,-0.10505334491702101,False,Chile
Chile,CHL,2004,52.73497245317371,46.67410754975252,6.536307427452227,1.2,Chile,0.6939703509984784,0.7003285186803919,0.6375619252226917,0.6015103775430843,0.7677646177143377,15741.850616799004,9.66407808918964,-0.127569860576493,2.917953618479352,-2.178885809101981,False,Chile
Chile,CHL,2005,53.01389298943824,45.32670023122875,7.488084160701158,1.2,Chile,0.7030740356971968,0.6865817906885017,0.6382986474377008,0.6215225433591269,0.646407375228089,15147.568047408759,9.625595273128496,-3.848281606114412,-0.127569860576493,-6.30562815751342,False,Chile
Chile,CHL,2006,53.21806185910893,46.476236611738,6.761883524035582,1.2,Chile,0.7171840707264846,0.6673372081678833,0.6473991860766408,0.6031278100984675,0.08144721289115919,15832.97912247655,9.669850329892377,4.425505676388042,-3.848281606114412,1.4721121092465408,False,Chile
Chile,CHL,2007,52.94856505055366,45.79786605976284,6.943984632854041,1.2,Chile,0.6825777830736472,0.6716569470973128,0.5924775807593112,0.582897882570446,0.6916434019733182,16782.419493386293,9.728087158744126,5.823682885174897,4.425505676388042,3.973354476277783,False,Chile
Chile,CHL,2008,53.07120143113816,45.25971653924567,7.471071195185334,1.2,Chile,0.6949961390987957,0.7037661744901104,0.6270720797462428,0.6118251364621053,0.4672609960075026,16920.89406756903,9.736304472637059,0.821731389293312,5.823682885174897,-0.8421913855931462,False,Chile
Chile,CHL,2009,52.97290429692346,44.86925463882457,8.001263320035104,1.2,Chile,0.7029527994062086,0.6874228165963486,0.6358000778454066,0.6010336759453311,0.6260547089808013,17366.378718085307,9.762291358403374,2.5986885766315027,0.821731389293312,0.2679033081922033,False,Chile
Chile,CHL,2010,53.42692854485349,46.03146895810358,6.889920454379213,1.2,Chile,0.6959375755113046,0.6836009579688592,0.6378619066988209,0.5885583094643871,0.6103760597816921,17680.322864346203,9.780207597582937,1.7916239179562865,2.5986885766315027,-0.3022565940373214,False,Chile
Chile,CHL,2011,53.42885959237053,46.27950745345875,6.771831446349874,1.2,Chile,0.7051488359607637,0.7215473410134684,0.6411207565649847,0.5887220006023112,0.27509888155912443,18264.231970398145,9.812699889092517,3.249229150958044,1.7916239179562865,1.0477504043182861,False,Chile
Chile,CHL,2012,53.18698731987559,46.23166081446293,6.837926080973618,1.2,Chile,0.6860284769345184,0.710469782418442,0.6238431594647581,0.5798329860018872,0.02464440463632267,19111.98588510317,9.858070950469541,4.537106137702374,3.249229150958044,2.529955996826896,False,Chile
Chile,CHL,2013,52.72791890447123,45.54527682258854,7.455584705880092,1.2,Chile,0.7108005605913931,0.7296563308741946,0.6494666092731537,0.6256190738069201,0.6473421343730912,19691.998727535756,9.887967676259754,2.989672579021274,4.537106137702374,1.1542227953917183,False,Chile
Chile,CHL,2014,52.87115820623165,46.00620564847302,7.056743612644895,1.2,Chile,0.7035229044416628,0.6860874906808312,0.6223404339885718,0.5965615310591803,0.36229349000020483,20290.10573241496,9.917888643866656,2.9920967606901883,2.989672579021274,0.9503424172505119,False,Chile
Chile,CHL,2015,53.002865685877055,46.23581421974353,6.544072713650439,1.2,Chile,0.7054090851856099,0.7229324685294345,0.6215012727701128,0.5983762089807207,0.4268947278233026,21462.713476558827,9.974072451647066,5.618380778041043,2.9920967606901883,3.576949627625907,False,Chile
Chile,CHL,2016,53.14636500260587,45.53463264903852,7.570706959382391,1.2,Chile,0.7077664602839414,0.7066437746247497,0.609197830986876,0.6224197728974977,0.5253182644507214,21785.944803240294,9.989020307050652,1.4947855403585564,5.618380778041043,-0.19650820667900293,False,Chile
Chile,CHL,2017,52.591694921627756,46.87980972416304,6.514894563199697,1.2,Chile,0.6964915056992352,0.6521245504982136,0.6542363772823955,0.5702966882019882,0.662232158329593,22824.95871330947,10.035609896625147,4.658958957449499,1.4947855403585564,2.4179055806219067,False,Chile
Chile,CHL,2018,52.79391871350025,45.47118397574845,7.544750572105057,1.2,Chile,0.6900870961835968,0.7084990610378331,0.6058497914767254,0.5790833865683116,0.6555099718461126,22718.594116610326,10.030938992250203,-0.4670904374943774,4.658958957449499,-2.286294746674627,False,Chile
Chile,CHL,2019,53.04103223519501,45.371154306821154,7.539187738449996,1.2,Chile,0.701024846421582,0.6913682946054437,0.5952991934901112,0.5512617590758555,0.07696918300801736,24268.287317403665,10.096925728344488,6.598673609428474,-0.4670904374943774,4.096062017230414,False,Chile
Chile,CHL,2020,52.636184360287224,45.50474961724015,7.580746591184018,1.2,Chile,0.7099578122837752,0.7205439365195867,0.6296359515064994,0.5732050051092036,0.8388393367652703,25290.82582211719,10.138196993228037,4.127126488354982,6.598673609428474,2.5665258363002996,False,Chile
Chile,CHL,2021,53.21550436606825,46.115565831816106,6.867312708635666,1.2,Chile,0.6965940129309014,0.706596873593179,0.5997959002438198,0.5965679720862201,0.10187876413955654,25490.29997718949,10.146053265727335,0.78562724992981,4.127126488354982,-1.1044812107170716,False,Chile
Chile,CHL,2022,53.38483785683081,45.92597806801551,6.916070715959534,1.2,Chile,0.6978749863530883,0.7214539543378217,0.6400226606438164,0.5527206588398816,0.09135324272355583,24383.091979167504,10.101645219405848,-4.440804632148776,0.78562724992981,-6.776403321194682,False,Chile
China,CHN,1990,51.42322885629366,38.315425401746154,12.529704218076214,1.2,China,0.22208516680009174,0.24820639603694628,0.2112003888485037,0.1862925323059266,0.7771859094396096,5558.656472344537,8.623111716379926,,,,False,China
China,CHN,1991,50.81234860443127,38.72740847117789,12.515216178915203,1.2,China,0.20776228504724106,0.1980836161482164,0.21172967254829714,0.17150842075724806,0.822888068293502,5842.238814486466,8.672869361004064,4.975764462413856,,,False,China
China,CHN,1992,51.2283451649419,38.327040474638174,12.615248969310546,1.2,China,0.20594526126967963,0.1875527225009285,0.1649080102652392,0.15391928311196318,0.29634807688058074,5586.715304991313,8.628146791474096,-4.472256952996823,4.975764462413856,-6.012365608910728,False,China
China,CHN,1993,51.27121948479008,38.28096976337933,12.580347570387197,1.2,China,0.19090310211591666,0.2060931028662391,0.15947728467393085,0.13530772111118577,0.4759063274732007,5791.550363914363,8.6641553005125,3.6008509038403247,-4.472256952996823,0.6662106179957306,False,China
China,CHN,1994,51.0061525692049,38.802625314044995,12.34912029008587,1.2,China,0.19033118474035982,0.21396244747800164,0.16051010423564438,0.12377171290895103,0.626244822763033,5752.470739956341,8.657384735404857,-0.6770565107641957,3.6008509038403247,-2.420102941853329,False,China
China,CHN,1995,50.99099296565746,38.55336022106308,12.62540344964844,1.2,China,0.19676957631226993,0.1894248362962842,0.16866548252563413,0.17968107466481148,0.38019499797517753,5969.868690293205,8.694480211218995,3.70954758141373,-0.6770565107641957,1.3350803546593375,False,China
China,CHN,1996,51.003086018201245,38.154544502679485,13.01837253642605,1.2,China,0.2036818503641201,0.22043925871747588,0.209091265368745,0.15091782563570122,0.01968321538141371,6311.2798073997055,8.75009375706151,5.561354584251532,3.70954758141373,3.8343518249831723,False,China
China,CHN,1997,50.953038426685474,37.35189811250538,13.600565159813561,1.2,China,0.1990465890880332,0.23365302538517657,0.13423021222792664,0.1730976651504946,0.46503532473067277,6626.00976441517,8.798758056510305,4.866429944879513,5.561354584251532,3.4127546183551463,False,China
China,CHN,1998,50.688981945972394,38.20851169843154,12.68535492362064,1.2,China,0.20704861548195763,0.2140200303678591,0.17913821699622234,0.18844195003840786,0.10595591134404769,6789.929052294718,8.823195771646123,2.443771513581794,4.866429944879513,0.8875250404211834,False,China
China,CHN,1999,50.85460674311529,38.55582004547595,12.689486903645378,1.2,China,0.19662184905808597,0.1840734343695585,0.20153679515628856,0.17635013234530178,0.8992503069815647,7095.713290014542,8.86724611872197,4.405034707584754,2.443771513581794,2.4912029091567494,False,China
China,CHN,2000,50.74407300082945,38.13997631682963,12.760973959131642,1.2,China,0.2002251297439773,0.1546738776069956,0.17772875297934393,0.1627365154018069,0.17917967462532258,7036.808097763825,8.858909951133402,-0.8336167588568699,4.405034707584754,-2.4579653482190187,False,China
China,CHN,2001,50.919711880531175,38.923268895330914,12.220400696935249,1.2,China,0.19483883358128568,0.23732995817786595,0.11987865142447879,0.16202061411598018,0.956019710486567,7163.225040808625,8.876715583237882,1.780563210447994,-0.8336167588568699,-0.6170123697230108,False,China
China,CHN,2002,51.06583198758598,39.08490721066171,12.100404803181707,1.2,China,0.2008724143782061,0.17100379965751158,0.18874641643744558,0.2037965462917597,0.9290208857168011,7633.018943880703,8.940238713634864,6.35231303969821,1.780563210447994,4.340591438179349,False,China
China,CHN,2003,50.665683104084785,37.81557428236875,12.98770961824589,1.2,China,0.1933266661878352,0.14848834749765694,0.17810311330977774,0.1488155341676121,0.28821196844810604,7604.947250447951,8.936554268502073,-0.368444513279087,6.35231303969821,-1.7053740646211093,False,China
China,CHN,2004,50.90339321140856,37.566247499889364,13.304068875116958,1.2,China,0.20159840577165397,0.17721267805513272,0.16540132165772695,0.17258036835787213,0.6982154534944728,7802.052843284849,8.962142163087096,2.5587894585022752,-0.368444513279087,0.22987348242213468,False,China
China,CHN,2005,51.12864096535017,38.50536603299252,12.720911319399141,1.2,China,0.1882277358254879,0.19759853905640928,0.20506307424424203,0.15504676771116158,0.5294357405412765,7871.684127262023,8.971027311817009,0.8885148729913084,2.5587894585022752,-1.0083402321007124,False,China
China,CHN,2006,51.11203210596467,37.59883953298781,12.995466583245877,1.2,China,0.18377251594677485,0.16468060296099624,0.17761455123703024,0.15927862125984193,0.6717448404774834,7983.04284236526,8.985074926331293,1.404761451428449,0.8885148729913084,-0.7386268311143733,False,China
China,CHN,2007,50.96319713366558,37.17852384849466,13.797651144762067,1.2,China,0.19926892697991064,0.18345350859820356,0.19966077875319072,0.1613109930135504,0.4183833377132715,8239.954211649718,9.016750066049452,3.167513971815872,1.404761451428449,1.1003238847280068,False,China
China,CHN,2008,51.29249035333024,37.36481822203451,13.204060402248789,1.2,China,0.22026739678484353,0.20240855742225028,0.1732401464506782,0.19466167204091786,0.34594951786320294,8338.12859273874,9.02859408081387,1.184401476441721,3.167513971815872,-0.6226056540949758,False,China
China,CHN,2009,51.18673231402784,37.311289924177274,13.457789693168378,1.2,China,0.19568544355440115,0.15328369925199767,0.16139562612959074,0.1601138766942191,0.14562873852545144,8504.038387526723,9.048296434066948,1.9702353253078897,1.184401476441721,-0.12947997966194258,False,China
China,CHN,2010,51.369841106780655,38.434473220324385,12.374350262070033,1.2,China,0.19967009697172752,0.18932283718888288,0.2075097509451982,0.19603732776689073,0.8267276483962821,8545.389290442614,9.053147152199815,0.4850718132866305,1.9702353253078897,-1.4986541104222142,False,China
China,CHN,2011,50.8360655827356,38.697559001441086,12.599671127731016,1.2,China,0.20011862679180786,0.18050286662353668,0.1949056451402134,0.20369578041746725,0.8327790710232946,8248.429751111364,9.017778128014442,-3.536902418537302,0.4850718132866305,-5.739839053364393,False,China
China,CHN,2012,50.65643160873398,37.89595503014165,12.72970467257846,1.2,China,0.2020838231251962,0.19273610161928698,0.1366125049975737,0.18451707875669657,0.34027498223403085,8461.180046694999,9.043243928298022,2.5465800283580364,-3.536902418537302,-0.2500015649675804,False,China
China,CHN,2013,51.2940701306168,37.530225031677354,13.357704669838206,1.2,China,0.20855201507748264,0.21383781928054765,0.21397245710117055,0.17695978000132545,0.4021563818439675,8741.956700785911,9.075889322400917,3.26453941028948,2.5465800283580364,1.3658821885667962,False,China
China,CHN,2014,50.92859648313603,38.30843941411428,12.475645241818274,1.2,China,0.19859716966642632,0.1880939990524611,0.20374319095860835,0.15013251949366044,0.7428215015848658,9279.282852113041,9.135539543926951,5.965022152603439,3.26453941028948,4.172336014464012,False,China
China,CHN,2015,50.47145491171914,37.75329523818668,13.177472348086384,1.2,China,0.20363004284806077,0.1692084924288514,0.1760989670529969,0.14858553864765062,0.35562199925756555,9428.160001229098,9.151456234767883,1.5916690840931835,5.965022152603439,0.19757524741660082,False,China
China,CHN,2016,51.17000517209133,39.2837024686477,11.960591971393818,1.2,China,0.20051579089526372,0.22990940283933806,0.18803425478408775,0.1586506103639653,0.39688797822491895,9222.237145577477,9.129372927636355,-2.208330713152762,1.5916690840931835,-4.247933161076167,False,China
China,CHN,2017,51.52827071583828,38.55073721993449,12.838948090885738,1.2,China,0.1926518910246581,0.16466732584016547,0.130328431607042,0.16313837732269107,0.24190577259175783,9198.072617225465,9.126749242961667,-0.262368467468832,-2.208330713152762,-2.8628523611461714,False,China
China,CHN,2018,50.72400596667789,38.49958143616332,12.695811393922424,1.2,China,0.1974259139281504,0.19633918433317632,0.16546596697119267,0.1779294904829862,0.043904613630637246,9531.151110596666,9.162320777454337,3.55715344926697,-0.262368467468832,1.2438943387416739,False,China
China,CHN,2019,51.03080693128634,37.635876667160225,13.263522830296026,1.2,China,0.21189226461255786,0.2252371675611427,0.19013868057255748,0.2073949498040915,0.2053681846899853,9697.60422663414,9.179634147040241,1.731336958590468,3.55715344926697,-0.01815923376302986,False,China
China,CHN,2020,50.96352042289604,37.05786343768574,13.855055436828785,1.2,China,0.20890260531467203,0.2300523909007156,0.19543052059591057,0.17290144328254337,0.104371458082829,9972.809884927176,9.207617657242846,2.798351020260448,1.731336958590468,0.7793636048510422,False,China
China,CHN,2021,51.43180073136341,38.22281125736436,12.810126266599578,1.2,China,0.20396366956467352,0.20735862492408674,0.166637346550828,0.18552807047008757,0.44215613811281174,10066.630049767267,9.216981277247898,0.9363620005052198,2.798351020260448,-0.9251337250406819,False,China
China,CHN,2022,50.51407959185648,38.22432517927367,12.408535082640906,1.2,China,0.19825635879747847,0.1847140798798678,0.16495229536446981,0.1971945947610598,0.3302941754681341,10832.64288881698,9.290319344278693,7.333806703079482,0.9363620005052198,5.197480675138522,False,China
Colombia,COL,1990,54.681386122346034,49.87426660561128,4.880379647478389,1.2,Colombia,0.5548074457976799,0.5847416539465996,0.4894273916105505,0.46163487896184363,0.18424865157267423,7999.317720392288,8.98711153207404,,,,False,Colombia
Colombia,COL,1991,54.77769442606633,50.15123064335856,4.6925311514120445,1.2,Colombia,0.5512404511842672,0.5387227605662376,0.4980311227431718,0.45668788571402846,0.8194956853860523,8241.426367366077,9.01692871075864,2.98171786845991,,,False,Colombia
Colombia,COL,1992,54.94642840963184,50.156795871320114,4.962593308141667,1.2,Colombia,0.5384288338128673,0.5117662667173112,0.453555705450402,0.4709055454361067,0.02660836607768413,8476.879846455295,9.04509771844346,2.816900768482,2.98171786845991,0.5771212347921364,False,Colombia
Colombia,COL,1993,55.14113510667105,50.21520415242683,4.918435416284692,1.2,Colombia,0.5574707284384656,0.5854425485309876,0.5328711919426906,0.4842577136903981,0.6752308375620375,8045.525989158858,8.992871438166668,-5.2226280276791215,2.816900768482,-7.46434749414334,False,Colombia
Colombia,COL,1994,54.76546293108,49.817432635220875,5.010430756146218,1.2,Colombia,0.5441998366734632,0.5210715203385861,0.506781439654468,0.4709234762172317,0.962732583861139,8264.590422990806,9.019735453430206,2.6864015263537766,-5.2226280276791215,0.35005507395106283,False,Colombia
Colombia,COL,1995,55.136589531524976,49.85264928905501,5.203521580690097,1.2,Colombia,0.5385359969328222,0.5478514633026387,0.5220268813257862,0.48262028400248813,0.7814620887547092,8583.672380359672,9.057617117268071,3.7881663837865176,2.6864015263537766,1.544910913128155,False,Colombia
Colombia,COL,1996,55.28053262830684,49.93368222524645,5.248563375791681,1.2,Colombia,0.5584580287256293,0.5687392797741249,0.49338883121237403,0.4898206179150477,0.6404472739932529,8688.562719266196,9.069762809789209,1.2145692521137619,3.7881663837865176,-1.015718208812289,False,Colombia
Colombia,COL,1997,55.0685382045197,49.70063530686268,5.425839931650478,1.2,Colombia,0.5519948529944292,0.5503758888695524,0.49837342431787757,0.459968180750329,0.1665035470495151,9117.402131399453,9.117940188476549,4.817737868734007,1.2145692521137619,2.557158615121494,False,Colombia
Colombia,COL,1998,54.779274402924905,50.03308831000131,5.107181857667653,1.2,Colombia,0.5415484604157385,0.552616240077227,0.48671510985560645,0.428421072190111,0.9148349499968781,9264.828360874586,9.13398061300815,1.604042453160126,4.817737868734007,-0.6141267295808497,False,Colombia
Colombia,COL,1999,55.02129841462749,49.722128107365606,5.188630839764939,1.2,Colombia,0.5453916766020324,0.5379230827017087,0.4909301212754373,0.49602642348912457,0.9117851123817714,9663.308284713605,9.176091341113871,4.21107281057207,1.604042453160126,1.955077740442603,False,Colombia
Colombia,COL,2000,54.79810869468176,49.34011637094634,5.565067534380391,1.2,Colombia,0.5539542098538804,0.5348028307535762,0.4867721442399452,0.46168830565377666,0.6834294151572705,10515.545912800833,9.260610004316552,8.451866320268131,4.21107281057207,6.226556559094813,False,Colombia
Colombia,COL,2001,54.48748003211399,50.461527394105794,4.66483354573659,1.2,Colombia,0.564668732901547,0.5754543419191605,0.49804719354679716,0.4427801564473897,0.4054716763304185,10695.448670770913,9.2775735720878,1.6963567771247412,8.451866320268131,-0.47903793081788404,False,Colombia
Colombia,COL,2002,54.49997262010293,50.063975317247746,5.116024615638206,1.2,Colombia,0.5404122154381323,0.5133620416493179,0.4546992260985675,0.4676103613651684,0.9152899403792739,10286.19839741338,9.23855831425048,-3.9015257837320405,1.6963567771247412,-6.156434294380572,False,Colombia
Colombia,COL,2003,54.91539128566302,49.44351115204372,5.430125710139728,1.2,Colombia,0.5549715482835345,0.5490854480863304,0.5053398927603873,0.4568703191504301,0.9069855184382437,10388.054887778575,9.248411856536352,0.9853542285872763,-3.9015257837320405,-1.3354425657905806,False,Colombia
Colombia,COL,2004,54.9317738107733,49.67095697124814,5.229698088193121,1.2,Colombia,0.5565776317615038,0.5551869860366584,0.4771800008192385,0.4942472706136941,0.18830252491710642,10057.956782533316,9.216119319897595,-3.229253663875653,0.9853542285872763,-5.492530827696347,False,Colombia
Colombia,COL,2005,55.119109480688195,50.042911866923035,4.59974281430798,1.2,Colombia,0.5442666016078406,0.5387368064961056,0.5170115988394131,0.4555430362559505,0.1413835542163402,10443.550027449597,9.25373984457926,3.762052468166388,-3.229253663875653,1.4491684614711713,False,Colombia
Colombia,COL,2006,55.09091448487982,49.944011012555485,5.1740531020417935,1.2,Colombia,0.5534834173924613,0.5355268160639487,0.4883809681942403,0.491947564878997,0.6558207673273928,11062.649200022723,9.31132977623294,5.758993165368054,3.762052468166388,3.5283983380292643,False,Colombia
Colombia,COL,2007,55.27740975903094,49.77169014412947,5.31753805672006,1.2,Colombia,0.569728107547181,0.5780316395936423,0.5334331125738307,0.5136103241159701,0.2661013685373086,11514.850361513527,9.351392817078167,4.00630408452276,5.758993165368054,1.7992136794038829,False,Colombia
Colombia,COL,2008,54.86816094599593,49.430031472397104,5.301188745264629,1.2,Colombia,0.5494689319830309,0.538449295912266,0.4978823455953784,0.48595282287780595,0.8323910417019079,11855.79640292391,9.380572174895496,2.917935781732872,4.00630408452276,0.6902158485393026,False,Colombia
Colombia,COL,2009,55.32714159734157,49.56884192368547,5.24389382130547,1.2,Colombia,0.5609048472490764,0.5849023569246901,0.48299643072471343,0.49265514280125505,0.798555838130599,11863.529183398106,9.38122419855612,0.06520236606242236,2.917935781732872,-2.175327896529206,False,Colombia
Colombia,COL,2010,54.97864990334407,49.53548717789314,5.087360499992635,1.2,Colombia,0.5521668311896429,0.5460998298401003,0.49257282303596617,0.4846666660120067,0.6306352949830805,12661.582769388682,9.446327709162386,6.51035106062654,0.06520236606242236,4.236243511149662,False,Colombia
Colombia,COL,2011,54.71642303443799,50.81385712264314,4.456479151928884,1.2,Colombia,0.5327765664313022,0.4941107649979908,0.5008817950668902,0.4373913316292537,0.9361765641665052,13200.944497969685,9.488043658891169,4.1715949728782675,6.51035106062654,1.973348212056473,False,Colombia
Colombia,COL,2012,54.90118253877619,50.184630500163834,4.823894004451909,1.2,Colombia,0.5537021188994175,0.5653884022281237,0.4963223925980416,0.46949898700447396,0.26799726688437797,13577.621392821542,9.51617823060345,2.813457171228073,4.1715949728782675,0.5876827474001329,False,Colombia
Colombia,COL,2013,54.85693479309002,50.185187645784985,5.124557465907585,1.2,Colombia,0.5523287130774025,0.5667441547741668,0.4779163168989733,0.48693777306245783,0.7193881555748203,13932.619296190782,9.541988081846709,2.580985124325963,2.813457171228073,0.33922512598019017,False,Colombia
Colombia,COL,2014,54.556857110466275,49.65036277863597,5.315390672545565,1.2,Colombia,0.549206115755943,0.543196796781529,0.4741734766665594,0.47402848207146686,0.8230035744469347,14257.929526847893,9.565068488955854,2.308040710914483,2.580985124325963,0.06354446649371592,False,Colombia
Colombia,COL,2015,55.25176040654568,50.4232436599742,4.566775261808462,1.2,Colombia,0.5569923058072015,0.5326591215566645,0.5338718397393529,0.44128556380753986,0.10745055262890812,14736.518214495745,9.598083924441346,3.3015435485491906,2.308040710914483,1.0538346895803903,False,Colombia
Colombia,COL,2016,54.93380317802762,50.37505539662212,4.685167236798014,1.2,Colombia,0.5579185931038807,0.5465057844998784,0.5191761066621516,0.4496471321822903,0.9654486346006212,14760.099364415062,9.599682830138244,0.15989056968983562,3.3015435485491906,-2.0761245468432628,False,Colombia
Colombia,COL,2017,54.750471647721156,50.76617557102452,4.26564367741328,1.2,Colombia,0.5500593816941516,0.5672331519234641,0.487163989656176,0.47394232743592896,0.9774381842040123,15730.686569147103,9.663368642216605,6.368581207836144,0.15989056968983562,4.095588158915252,False,Colombia
Colombia,COL,2018,55.080262085837965,49.80130602491837,5.137720402482949,1.2,Colombia,0.5440358859203113,0.5380522504717625,0.5058106827161346,0.4507413971952558,0.37831560716525947,16117.192567664484,9.687641842559827,2.4273200343222,6.368581207836144,0.2274046117906665,False,Colombia
Colombia,COL,2019,55.34462270494682,49.97158041507576,4.882017998343097,1.2,Colombia,0.5474589654596445,0.5342008320140471,0.4932746443946398,0.46742467942326593,0.41616094640615775,16729.672212898255,9.724939201015363,3.7297358455536056,2.4273200343222,1.48343092991843,False,Colombia
Colombia,COL,2020,55.46810527896234,49.91338213383573,5.026556214517005,1.2,Colombia,0.5443360540878528,0.5609683898114609,0.49409185035202297,0.44299496496503554,0.9287634212054924,16846.662504026775,9.731907845184221,0.6968644168857452,3.7297358455536056,-1.5341107840633756,False,Colombia
Colombia,COL,2021,54.98087372050281,49.50660494244531,5.451251261739342,1.2,Colombia,0.5622793734738534,0.5620461663560771,0.5415731817340693,0.4687219671781423,0.7318727372865008,17373.079534155793,9.762677133915757,3.0769288731535838,0.6968644168857452,0.810256122097937,False,Colombia
Colombia,COL,2022,55.25627195817305,50.115025582548775,4.931176412902322,1.2,Colombia,0.5454034322772701,0.5238065833216403,0.47859133694228717,0.46751773624901394,0.3615401877629566,16531.309133454648,9.713011385105293,-4.966574881046348,3.0769288731535838,-7.205233760699045,False,Colombia
Czechia,CZE,1990,43.3192628466574,25.760071816975053,17.377650523220726,1.2,Czechia,0.7500613732516515,0.7584652041095513,0.6579252711783024,0.6395055747988705,0.37736317679665077,18396.911280762248,9.819938064330177,,,,False,Czechia
Czechia,CZE,1991,43.233042309659545,26.0501969054466,16.59754521362489,1.2,Czechia,0.754964958381127,0.7530724825281412,0.676785349701169,0.6499623978443636,0.043100108948324056,18223.976646028063,9.810493404190755,-0.9444660139422467,,,False,Czechia
Czechia,CZE,1992,43.18813288004475,26.9204630783357,16.155541581474022,1.2,Czechia,0.756023203063854,0.7323425918994028,0.6724229015148458,0.6480056176558905,0.9812575773912768,19141.703118893773,9.859624643226624,4.913123903586936,-0.9444660139422467,3.7751478520740704,False,Czechia
Czechia,CZE,1993,42.78638375014511,26.22154844900613,16.891435007248454,1.2,Czechia,0.773147798255965,0.7618375724916121,0.719776748122817,0.6276542866821359,0.19201608474003673,19418.5309019086,9.873983090266433,1.4358447039809263,4.913123903586936,0.6423753529435481,False,Czechia
Czechia,CZE,1994,42.70567018975954,26.64738520823382,16.20796765457801,1.2,Czechia,0.7718189109295996,0.7814370727845775,0.6905865352953431,0.6454801333569001,0.3137031247571562,18504.208107128943,9.825753450450332,-4.822963981610151,1.4358447039809263,-5.820945085869343,False,Czechia
Czechia,CZE,1995,42.57338447015796,26.14922897286455,16.68640396785394,1.2,Czechia,0.7459809193228376,0.7723846032668059,0.6773349262464964,0.6123963572552694,0.8143839206690815,18675.54591474049,9.834970241956116,0.9216791505783917,-4.822963981610151,-0.4444058256722041,False,Czechia
Czechia,CZE,1996,42.96525894700847,26.587382325579547,16.624328237648815,1.2,Czechia,0.7503195424148975,0.7441133883071994,0.6630011252914818,0.6235758312079922,0.2998975929945362,18921.29674833814,9.848043378752887,1.3073136796771578,0.9216791505783917,0.2790925823841799,False,Czechia
Czechia,CZE,1997,43.30742702012523,24.94760298973216,17.96874333219508,1.2,Czechia,0.7718332381044316,0.8053112698792728,0.6749460262382415,0.6841570989731292,0.8239976518799783,19575.297307802608,9.882023708881729,3.3980330128841274,1.3073136796771578,2.3924925199147236,False,Czechia
Czechia,CZE,1998,42.90813937630853,24.897575978203317,18.323323026837798,1.2,Czechia,0.7585005928092089,0.7298375565187146,0.672157285386952,0.6545986008406905,0.10986311374078295,20360.567635823172,9.921355350227843,3.9331641346114665,3.3980330128841274,3.0505866399475607,False,Czechia
Czechia,CZE,1999,43.14390715917926,26.022978470270992,17.041111432498216,1.2,Czechia,0.7567205807973264,0.7727422000730901,0.6588494659768688,0.666153721234536,0.05574085358744174,20567.575006342126,9.931471085874511,1.01157356466679,3.9331641346114665,0.16046912627067345,False,Czechia
Czechia,CZE,2000,43.012361820034485,26.89692436805497,16.0907724960241,1.2,Czechia,0.7460421079780751,0.7578690928132431,0.6569580905454154,0.6302279847578234,0.14716325109494532,21603.89378354483,9.980628845182682,4.915775930817112,1.01157356466679,3.892841859148119,False,Czechia
Czechia,CZE,2001,43.305093114471354,27.33649994738736,15.756765807046722,1.2,Czechia,0.7546382783337601,0.749357523093872,0.6579485798661544,0.6405332370611159,0.30767908947794853,19983.349851410916,9.902654698379916,-7.79741468027666,4.915775930817112,-8.590728055705725,False,Czechia
Czechia,CZE,2002,43.67022792423932,25.252188104669386,17.948178689240496,1.2,Czechia,0.7631952467078296,0.7962675920776753,0.6896734666938291,0.6686383239998777,0.5345592191563087,19954.980090311237,9.901234019753007,-0.14206786269088667,-7.79741468027666,-1.6830913734500312,False,Czechia
Czechia,CZE,2003,42.501548524078444,26.45430238826872,16.176873521497775,1.2,Czechia,0.7552975640769672,0.7467162865389381,0.6748429652302962,0.6539169744689325,0.37208225496289593,19688.16348578557,9.887772895865426,-1.3461123887580584,-0.14206786269088667,-2.436896413610266,False,Czechia
Czechia,CZE,2004,42.7256271165018,26.793478887110965,16.1939717760953,1.2,Czechia,0.7526062859254097,0.7764442726136811,0.6963459739062617,0.6445754374776862,0.04960590834948275,19341.14965557411,9.869990211685938,-1.7782684179488584,-1.3461123887580584,-2.939866790124981,False,Czechia
Czechia,CZE,2005,42.86533671391589,27.544486921734592,15.757487214889471,1.2,Czechia,0.7575967176256698,0.7241993642921952,0.6967150794007088,0.6273031056097104,0.9192080310537252,20284.827385294797,9.917628466129104,4.763825444316616,-1.7782684179488584,3.576810364961731,False,Czechia
Czechia,CZE,2006,42.8545807715353,25.391342452184343,17.717816299785646,1.2,Czechia,0.7415620641651925,0.7237557072047951,0.666124302465699,0.6410535727307575,0.4890484004492832,21195.111285517145,9.961525834328139,4.389736819903511,4.763825444316616,3.5874866698833685,False,Czechia
Czechia,CZE,2007,43.27274788066416,26.196714797167118,16.57296649615129,1.2,Czechia,0.766983208157562,0.7619241741730468,0.7205516129089203,0.6598962875331652,0.8118067183508864,21125.737553790612,9.958247365404807,-0.32784689233320563,4.389736819903511,-1.1520985889785744,False,Czechia
Czechia,CZE,2008,43.077862529671464,27.523093954155037,15.528555283244406,1.2,Czechia,0.7520005949329807,0.7138405521905145,0.6689394802984546,0.6592331421972047,0.7939351334518513,22294.871997538314,10.012111975737103,5.386461033229573,-0.32784689233320563,4.284750651049399,False,Czechia
Czechia,CZE,2009,42.74685700644258,26.624855953001035,16.105170564539822,1.2,Czechia,0.761596477694079,0.7730246454484546,0.7011324616049549,0.659787443012285,0.8450396488966425,22808.635178865516,10.034894479155342,2.278250341823984,5.386461033229573,1.512619712008406,False,Czechia
Czechia,CZE,2010,43.34481305228734,27.131140203015285,15.859913210147141,1.2,Czechia,0.7544388125323922,0.7518376066613198,0.7123763217956797,0.6224218305366959,0.4503503857807928,22976.266717983573,10.042217080327907,0.7322601172564447,2.278250341823984,-0.2161759709054647,False,Czechia
Czechia,CZE,2011,42.888888817101666,25.252348880195672,17.81605181128853,1.2,Czechia,0.7525801657190806,0.7784128702542895,0.6546128152309691,0.6494512497627023,0.7493694366449569,22958.16868281052,10.041429086050776,-0.07879942771307213,0.7322601172564447,-1.1181609645205537,False,Czechia
Czechia,CZE,2012,42.73703055274504,24.658149539831392,18.27436450934737,1.2,Czechia,0.7458473280807582,0.750218008928977,0.6914520310446017,0.6170714000967745,0.4826012356615207,22881.301249150674,10.038075316654103,-0.3353769396673201,-0.07879942771307213,-1.4224399119901885,False,Czechia
Czechia,CZE,2013,43.09915585857628,26.345458757638806,16.976923337854693,1.2,Czechia,0.7511584152005624,0.6993900825564784,0.6772379304279718,0.6574751112796982,0.7072789119056672,23663.4583922235,10.07168729727417,3.3611980620067428,-0.3353769396673201,2.259044809670409,False,Czechia
Czechia,CZE,2014,42.175169384188436,25.329012567648157,17.663201592254875,1.2,Czechia,0.756535734939931,0.7243043877578744,0.6756289710396146,0.6363276357907186,0.000943415267631087,24598.274963493957,10.110431596026487,3.8744298752316553,3.3611980620067428,2.989685979783876,False,Czechia
Czechia,CZE,2015,43.32443514088856,25.657537342384707,17.277213921290528,1.2,Czechia,0.7675268231528606,0.7437775151180918,0.6944044074677256,0.6766972699057763,0.1531445000839562,25266.24201465958,10.137224476013449,2.6792879986961893,3.8744298752316553,1.8247291795413143,False,Czechia
Czechia,CZE,2016,42.424955238470474,25.483396983739638,17.29020572824497,1.2,Czechia,0.7667153117172906,0.7972759389050472,0.7077938598938427,0.6669249480459265,0.9754103676847451,24217.527974367935,10.094831946430169,-4.239252958327988,2.6792879986961893,-5.164102526798239,False,Czechia
Czechia,CZE,2017,42.77010539511529,27.120234176361365,15.799821812380682,1.2,Czechia,0.7413955200007569,0.7586803922954415,0.6558284829523356,0.6341174629534927,0.8973973183215863,24917.19075515751,10.123313236015425,2.848128958525642,-4.239252958327988,1.516374203661888,False,Czechia
Czechia,CZE,2018,42.83284884188407,27.708815600385115,15.552087139037996,1.2,Czechia,0.7565056067278304,0.7410542317527056,0.6884381084295699,0.6676342092316715,0.3936355202774421,25838.17739141463,10.159608421020893,3.62951850054678,2.848128958525642,2.714599098372721,False,Czechia
Czechia,CZE,2019,42.5923368262231,26.15875596414219,17.05589560221564,1.2,Czechia,0.7716458347120195,0.7699007144483606,0.7115496802706599,0.6485112248639429,0.08813443097669149,25836.209344883337,10.159532249956017,-0.007617106487600722,3.62951850054678,-0.8765800766311118,False,Czechia
Czechia,CZE,2020,42.93485691607711,26.162530361301915,16.89293847464213,1.2,Czechia,0.7653762990294988,0.7739400239857103,0.6832388030890593,0.6249892394506782,0.16549977466365562,26386.456434199055,10.18060614364168,2.107389368566359,-0.007617106487600722,1.0245128939264692,False,Czechia
Czechia,CZE,2021,42.82510183490078,25.46134480910485,17.662729669681422,1.2,Czechia,0.7631447947248341,0.7999068088840668,0.6634796309460969,0.6590841366707575,0.21174586205241952,25438.746507026433,10.144028743717582,-3.6577399924098586,2.107389368566359,-4.616225051388394,False,Czechia
Czechia,CZE,2022,42.867585306290216,26.154090916253303,16.876217242899752,1.2,Czechia,0.7590705579338641,0.7542805194934291,0.7055001776510768,0.6489382976386654,0.6669274474586807,25008.855302020256,10.126985253212858,-1.704349050472409,-3.6577399924098586,-3.001902859897382,False,Czechia
Germany,DEU,1990,49.558758111649205,32.371671750339644,17.425212433418846,1.2,Germany,0.8573450106488004,0.8382550654095721,0.7565869210906419,0.7061346979890697,0.7464914051180241,28851.673839693613,10.26992328896011,,,,False,Germany
Germany,DEU,1991,50.599019267507536,32.83620597951907,17.746566513682396,1.2,Germany,0.8596337612924432,0.8678893798311731,0.7901115883630887,0.7686245567516556,0.09367476782809248,29721.773142441616,10.29963515864157,2.971186968146,,,False,Germany
Germany,DEU,1992,49.36038611578061,32.934367003442084,17.119175289026682,1.2,Germany,0.836301289432837,0.8208656744429719,0.7702446314533712,0.7060642058540353,0.6311386259972629,30305.659907098576,10.319089769667146,1.945461102557644,2.971186968146,-0.8769185236381984,False,Germany
Germany,DEU,1993,49.81637096028206,31.738077762004245,18.233764060712478,1.2,Germany,0.850130018918779,0.8792007004619253,0.759823880362142,0.7770138994127546,0.1952429877980445,33086.83934893247,10.406890879548937,8.780110988179146,1.945461102557644,5.910527780719384,False,Germany
Germany,DEU,1994,49.95240954888839,32.41935324444815,17.37351600498668,1.2,Germany,0.8403698437393388,0.8599134437556002,0.7571724606548054,0.7115689308364815,0.17711067940704894,34158.43488531184,10.438764829678156,3.1873950129218898,8.780110988179146,0.6323402405048735,False,Germany
Germany,DEU,1995,49.983865234754504,31.49653128229795,18.857054700418026,1.2,Germany,0.8477653721467414,0.8620453820285833,0.7724535874235382,0.7191439880715926,0.9636199770892528,35844.566286879715,10.48694726653124,4.81824368530841,3.1873950129218898,2.005813885234616,False,Germany
Germany,DEU,1996,49.850211320438255,31.070935474017976,18.69207577269862,1.2,Germany,0.8454753776765533,0.8610163735746255,0.7818392632758243,0.7118112367729627,0.31692200515627766,38968.21593030715,10.570501616692212,8.355435016097168,4.81824368530841,5.6180563582620415,False,Germany
Germany,DEU,1997,50.63854091973055,31.0825701140341,18.753152550121023,1.2,Germany,0.852140937441302,0.8272261618670623,0.7703904622141955,0.7320261444196835,0.570061170089365,38234.73435975763,10.551499657886717,-1.9001958805494823,8.355435016097168,-4.474794107442522,False,Germany
Germany,DEU,1998,50.27947190386227,32.533299524895476,17.54369066832569,1.2,Germany,0.8523095372294514,0.8361307994016441,0.7882270536837538,0.7254903238346264,0.7407686177542044,37807.89530875575,10.540273230399256,-1.1226427487461166,-1.9001958805494823,-4.1692018793109575,False,Germany
Germany,DEU,1999,49.80356369137118,32.06884846913467,18.02036597116174,1.2,Germany,0.8608305124317528,0.8819065534724508,0.7471940738294357,0.7129494347686873,0.8093611554785136,40541.835892612224,10.610089704935527,6.9816474536271045,-1.1226427487461166,3.9708710732837784,False,Germany
Germany,DEU,2000,49.616618727704115,32.021915163900786,18.012602419643635,1.2,Germany,0.8530444911987085,0.8581886410183106,0.7682186783681545,0.7425260972951501,0.5015162946871996,40382.024757139894,10.606140033183776,-0.3949671751751538,6.9816474536271045,-3.032786672994437,False,Germany
Germany,DEU,2001,49.96440850216703,33.08229867458992,16.97486655333059,1.2,Germany,0.8557089051069316,0.8784202179105436,0.7892180498661026,0.7403803943670079,0.8900053418175663,41225.625320512125,10.62681531579092,2.0675282607143686,-0.3949671751751538,-0.909760718927481,False,Germany
Germany,DEU,2002,49.87672183074988,33.73680985033901,16.484447891672975,1.2,Germany,0.8384743462833998,0.8084589784192563,0.7579273676172466,0.6955846159843024,0.035942273796742086,43372.63441206422,10.677583977711514,5.076866192059448,2.0675282607143686,2.212900476770854,False,Germany
Germany,DEU,2003,50.05497033116657,32.42806797619448,17.327038217461418,1.2,Germany,0.8731465856667351,0.8358012818149001,0.7995571309075519,0.7099202803929318,0.03050024993904943,45399.05558064693,10.723246581624677,4.5662603913163125,5.076866192059448,1.8407834597841477,False,Germany
Germany,DEU,2004,50.51709971623499,30.94113470834626,19.02296144899722,1.2,Germany,0.8410687972637078,0.834372452315813,0.7881695203599945,0.7174794976755732,0.21582102749684318,48697.14195166396,10.793375620524394,7.012903889971689,4.5662603913163125,4.26392904031363,False,Germany
Germany,DEU,2005,49.66788629538696,30.812229916963464,19.00882467924537,1.2,Germany,0.8426963336828286,0.8470255054744681,0.759338137112622,0.7032598766782879,0.5406351216101065,51856.09263620602,10.856227711792222,6.285209126782831,7.012903889971689,3.64882804031936,False,Germany
Germany,DEU,2006,49.99846343998398,32.31515869711786,17.65215272317724,1.2,Germany,0.863634354909517,0.8802096744616145,0.7775737849837626,0.7429306820104241,0.32295647294124596,54556.85024927236,10.90699856081557,5.077084902334761,6.285209126782831,2.4072155320696416,False,Germany
Germany,DEU,2007,50.027175472070525,32.091335709282845,18.03745204937253,1.2,Germany,0.8433821353523161,0.8604308020482406,0.7431935070484305,0.7145800862201307,0.02535074341545751,54383.29064597305,10.903812228418444,-0.3186332397126179,5.077084902334761,-3.0441001062667996,False,Germany
Germany,DEU,2008,49.74703091891214,30.323111482180284,19.43312590573499,1.2,Germany,0.8422818092224325,0.8755078438345956,0.7513686864771818,0.709582599708856,0.25024289816459533,56767.77388347948,10.946724082492622,4.2911854074178635,-0.3186332397126179,1.3174092914432802,False,Germany
Germany,DEU,2009,50.2747707627068,30.408565881962318,19.326155574489768,1.2,Germany,0.8676545424028109,0.87575417662203,0.755671409075829,0.7558635999834848,0.9548652806631941,58438.345006811345,10.975727545936104,2.9003463443482147,4.2911854074178635,0.1387126305708679,False,Germany
Germany,DEU,2010,49.90169807169141,31.65711128578652,18.5434402792744,1.2,Germany,0.8537729626546041,0.8867999823841939,0.7418590310664257,0.7625813342114504,0.24773098950115746,57281.96915138904,10.955741178686594,-1.9986367249510195,2.9003463443482147,-4.824276414341531,False,Germany
Germany,DEU,2011,49.95364829622503,31.545738840398943,18.315072637266915,1.2,Germany,0.8626691114918662,0.8485157221794906,0.7852785889056042,0.7487614258366729,0.4741738290873252,60863.17894217423,11.016383655773557,6.064247708696335,-1.9986367249510195,3.013158361477817,False,Germany
Germany,DEU,2012,50.05297200753611,31.574359692150512,18.208762693402814,1.2,Germany,0.8498055785910045,0.8311537454597828,0.7389261712423069,0.7202323717074255,0.43385164923797304,63554.37197059918,11.059651070012086,4.326741423852809,6.064247708696335,1.6467034787230461,False,Germany
Germany,DEU,2013,50.755242211260175,32.31128542050624,18.064083501750094,1.2,Germany,0.8663241130393163,0.8377212854801037,0.770890812001445,0.7389903076291408,0.3746126146264712,64912.19221517321,11.080790746607317,2.1139676595231194,4.326741423852809,-0.646029777576886,False,Germany
Germany,DEU,2014,49.5609673994489,31.287671423870783,18.59418717333652,1.2,Germany,0.8505850890230684,0.8975450275920749,0.7736260902961721,0.7411920891688045,0.1629344270814297,65756.52055948314,11.09371411713014,1.2923370522823774,2.1139676595231194,-1.569491536499946,False,Germany
Germany,DEU,2015,49.781274848676915,31.419697537691608,18.449473174294834,1.2,Germany,0.8519905969557346,0.8399862594125588,0.7681875789599616,0.7164857354751393,0.9402302414249576,64707.767554933715,11.077636528227853,-1.6077588902287943,1.2923370522823774,-4.507398660769281,False,Germany
Germany,DEU,2016,49.681275676442134,30.181222122885153,19.71288999164163,1.2,Germany,0.8310262301751135,0.8566370454086627,0.7356209336021755,0.7485986484811714,0.5456167893159349,66389.24562723575,11.103290358901786,2.565383067393334,-1.6077588902287943,-0.4677182049851374,False,Germany
Germany,DEU,2017,49.47268148259301,30.152536210760946,19.554054740160854,1.2,Germany,0.8484821490496441,0.8602484931793357,0.7692537714993803,0.7087558362957855,0.07118864846022899,68650.01013264895,11.13677655879478,3.3486199892994506,2.565383067393334,0.5075653954060684,False,Germany
Germany,DEU,2018,49.67096432646361,33.6658404164508,16.701542289213464,1.2,Germany,0.8588499046718666,0.8495593096989673,0.7605201709065543,0.7229126461527594,0.6967371653641506,68311.24639259884,11.13182969368151,-0.4946865113270249,3.3486199892994506,-3.299696788768574,False,Germany
Germany,DEU,2019,49.88952531296359,35.199950302430196,14.868360807757908,1.2,Germany,0.8589959987543325,0.8651419891718647,0.7893536412556784,0.7427391757796549,0.2820345725713065,72059.21953514624,11.185243553479433,5.341385979792257,-0.4946865113270249,2.3595079477090626,False,Germany
Germany,DEU,2020,49.92641664621737,35.224567356062536,14.930900159149811,1.2,Germany,0.8555173701046507,0.841314810946101,0.7342122008555501,0.7027783625033159,0.7764129607419968,71128.4960698146,11.17224332410202,-1.3000229377412964,5.341385979792257,-4.013326751957171,False,Germany
Germany,DEU,2021,49.959853110645184,33.57220187792919,16.152818960396818,1.2,Germany,0.8554709738117003,0.8514271207630224,0.7655702523659859,0.749125864779689,0.7508710677914974,68020.67794409642,11.12756702534622,-4.467629875579959,-1.3000229377412964,-7.486569236351824,False,Germany
Germany,DEU,2022,50.06965096688788,32.64547891717622,17.24345563905997,1.2,Germany,0.845920846472287,0.8511533075917364,0.7615716920065229,0.7376514011809255,0.8264574661077416,71502.77975095928,11.177491605562178,4.99245802159578,-4.467629875579959,1.827746387238268,False,Germany
Denmark,DNK,1990,44.119170215893696,27.057584872709636,17.332442924125367,1.2,Denmark,0.8920084509311571,0.8940242723840532,0.8036333549497903,0.7789503612646483,0.7746526197930176,29451.42362398109,10.290497528284247,,,,False,Denmark
Denmark,DNK,1991,44.3487389014046,26.5655398180135,17.575389748430627,1.2,Denmark,0.9074237608470254,0.9485135296535969,0.7820119948015991,0.7757400628626282,0.02103690246046863,31009.28568187417,10.342041976739669,5.154444845542194,,,False,Denmark
Denmark,DNK,1992,44.36879747939462,26.25733326339329,17.862583640564786,1.2,Denmark,0.8995629500209135,0.9460564161379699,0.8092665335291455,0.7747289292832518,0.06360143637779736,32481.644949953534,10.388430438004084,4.638846126441543,5.154444845542194,1.9580953239238026,False,Denmark
Denmark,DNK,1993,43.97637926232819,26.901500930505637,17.22665609634489,1.2,Denmark,0.9020459457936839,0.9056967077313374,0.8243804461794382,0.7611979919190495,0.19124212907612137,32137.76619900256,10.377787134667107,-1.0643303336976828,4.638846126441543,-3.655173042628041,False,Denmark
Denmark,DNK,1994,43.685422506551724,27.034078851093035,16.815513898176505,1.2,Denmark,0.8760804161904827,0.910162457751665,0.7861701806929697,0.7377499671809669,0.2652285225026746,32676.956383687808,10.394425410722626,1.6638276055518375,-1.0643303336976828,0.0674825629809912,False,Denmark
Denmark,DNK,1995,44.06460313798662,27.13985335501347,16.96030927169575,1.2,Denmark,0.8931311176857389,0.8957277560114996,0.8199453144103191,0.7471512296691748,0.05535981693840952,33773.85503099885,10.427442262357378,3.3016851634751987,1.6638276055518375,1.2296145804083478,False,Denmark
Denmark,DNK,1996,43.919686751885756,26.301222263451873,17.612092339591825,1.2,Denmark,0.8823313596199545,0.8836928050049269,0.8146736034864286,0.760015356580337,0.6475197955701631,34692.50687914383,10.454279002534223,2.6836740176845453,3.3016851634751987,0.3260002219925129,False,Denmark
Denmark,DNK,1997,43.76283966508313,27.805686347106516,16.39052821263185,1.2,Denmark,0.8903249986288786,0.9064368753287821,0.8028008536182399,0.7362776875028314,0.1268728280630933,36745.34653592365,10.51176687175055,5.7487869216327425,2.6836740176845453,3.498879499043248,False,Denmark
Denmark,DNK,1998,44.45334096990774,26.098869457964486,17.827239474470765,1.2,Denmark,0.8851935205851176,0.9359811530407748,0.7958762808515717,0.7243297011721181,0.9505035615891348,36735.791751262994,10.511506810871332,-0.02600608792189263,5.7487869216327425,-2.8103959434870793,False,Denmark
Denmark,DNK,1999,43.85996324358695,26.67938920118241,17.494165902922827,1.2,Denmark,0.877663865759641,0.8396934051583496,0.8048777582851595,0.7770011044311159,0.29892615009833323,37642.78311729539,10.535896531382845,2.438972051151289,-0.02600608792189263,0.6615680764983525,False,Denmark
Denmark,DNK,2000,43.760199060702504,26.931245600565955,17.137283839273007,1.2,Denmark,0.8761940129410035,0.8674709041108538,0.7834222019366833,0.7433722419338508,0.2217794919335464,37951.56982415323,10.54406614755858,0.8169616175734973,2.438972051151289,-1.3902756305313444,False,Denmark
Denmark,DNK,2001,43.61862525202628,27.04580096731097,16.737657668231666,1.2,Denmark,0.8834968432013791,0.8957043171958848,0.7941378979331845,0.7343821655435319,0.009969234734518495,38996.46195417859,10.571226201872928,2.716005431434887,0.8169616175734973,0.7916080362222204,False,Denmark
Denmark,DNK,2002,44.118117499794316,26.59131981832922,17.331300871540527,1.2,Denmark,0.8914959795751879,0.8934525230693463,0.8110664971221208,0.7746483728317444,0.05233285730066284,38514.19632101662,10.558782187920428,-1.2444013952499944,2.716005431434887,-3.4999466436633164,False,Denmark
Denmark,DNK,2003,43.88651443479074,27.220979985830933,16.587328193030014,1.2,Denmark,0.8952050188307697,0.9037270814504377,0.8064967986870035,0.7895759883706602,0.23290183864948166,38211.16155478822,10.550882939214391,-0.7899248706037199,-1.2444013952499944,-2.3548698238130874,False,Denmark
Denmark,DNK,2004,44.23935776008378,28.26195914911008,15.645291863330412,1.2,Denmark,0.8947950754800161,0.9093738993714251,0.7914685524473386,0.7473950286602408,0.7925397676213367,38138.433265395484,10.548977799794553,-0.19051394198381644,-0.7899248706037199,-1.8347087389135845,False,Denmark
Denmark,DNK,2005,43.78576067233998,26.529662283633936,17.334323885560384,1.2,Denmark,0.885751009107972,0.9069114568702883,0.8010085474385226,0.7768590102841999,0.9016312294863601,38256.27799848624,10.552062956466095,0.30851566715419665,-0.19051394198381644,-1.4402020695564546,False,Denmark
Denmark,DNK,2006,43.86744326531214,26.608641057110773,17.07658715678205,1.2,Denmark,0.8887571422283757,0.8845294576320163,0.8148136552975812,0.7619551272298607,0.45994195129396276,40797.937041567115,10.616386796407228,6.432383994113344,0.30851566715419665,4.596647420584178,False,Denmark
Denmark,DNK,2007,44.02243303674065,26.46989137501769,17.620326081723075,1.2,Denmark,0.8777782393484899,0.8861724557556634,0.789215685939666,0.7110157286037686,0.0861161105063738,43052.51498133733,10.670175928157331,5.378913175010247,6.432383994113344,2.4753203282587144,False,Denmark
Denmark,DNK,2008,44.50327083496262,26.963821612897995,16.998540015691788,1.2,Denmark,0.8913735247940704,0.9497369958952723,0.7985532560009994,0.7350639214852662,0.33410465208656326,43638.912186938425,10.683704512664244,1.3528584506913077,5.378913175010247,-1.367034263599253,False,Denmark
Denmark,DNK,2009,43.78329189233978,26.321006195208575,17.560048336036626,1.2,Denmark,0.9155117425250265,0.9285161903931654,0.8063320701491768,0.8062682999482804,0.05293593556881826,44738.089055883385,10.708580521925477,2.487600926123257,1.3528584506913077,0.4697559313719806,False,Denmark
Denmark,DNK,2010,44.077883404370965,27.305723978792702,17.112609839086396,1.2,Denmark,0.8823387916938933,0.8597775405977394,0.8003028081121167,0.7245162619678772,0.15484139464745494,43492.89021983712,10.68035276049634,-2.8227761429135967,2.487600926123257,-5.0384931045632175,False,Denmark
Denmark,DNK,2011,44.09788968302947,27.765602257698898,16.241973741199022,1.2,Denmark,0.9036862962209713,0.8837061715697742,0.7721088058506924,0.7899526852782139,0.4202496018075419,44128.80975385927,10.694868130539318,1.4515370042976983,-2.8227761429135967,0.16182288326810812,False,Denmark
Denmark,DNK,2012,43.99139651369756,26.951033430863376,17.038444150525546,1.2,Denmark,0.8887511311464993,0.8890650870656545,0.8042492041669953,0.7465120511698375,0.9200381641090526,45222.694168465954,10.71935432319178,2.4486192652462435,1.4515370042976983,0.4135670892044745,False,Denmark
Denmark,DNK,2013,43.715694099308244,27.968963813760716,16.63579247676376,1.2,Denmark,0.8821252469511225,0.8542381336177378,0.8137477291649414,0.7533878705375979,0.9419055872604202,47681.47585572376,10.772298254610098,5.294393141831755,2.4486192652462435,3.0854736501611812,False,Denmark
Denmark,DNK,2014,43.55130192473739,26.879285218176836,17.144008464833448,1.2,Denmark,0.8863106056096854,0.8905867814885067,0.7793200229565023,0.7879874074035785,0.4707009994910616,49102.58131335979,10.801666884974242,2.936863036414472,5.294393141831755,0.2317085958463041,False,Denmark
Denmark,DNK,2015,44.313519399731334,26.890193335776107,17.204208577899507,1.2,Denmark,0.8877197197021512,0.9164962472912357,0.781142659330963,0.7241134678614938,0.8543995133256802,50722.31351895013,10.834121201614812,3.2454316640569303,2.936863036414472,0.9513741279237595,False,Denmark
Denmark,DNK,2016,44.551068550948706,27.295032816324373,16.466590921487253,1.2,Denmark,0.8815356569854103,0.9000491011754647,0.7867665933664082,0.7391020921645943,0.9207564510547337,52189.85646877608,10.86264343446652,2.8522232851708296,3.2454316640569303,0.5043587552953173,False,Denmark
Denmark,DNK,2017,44.1731998225354,26.982131941809634,16.84687110200869,1.2,Denmark,0.9000012933575399,0.9487461448760243,0.7758178929179768,0.7895962019650685,0.8071070203195128,53654.82760251915,10.890326727282153,2.7683292815632754,2.8522232851708296,0.48903089512174835,False,Denmark
Denmark,DNK,2018,44.00871187145159,27.36657495371508,16.58345059446781,1.2,Denmark,0.8797413189403053,0.8809879459326877,0.7939105853514667,0.7262098662719676,0.9365702180708392,52479.6379709587,10.868180525174944,-2.2146202107208524,2.7683292815632754,-4.479289488034791,False,Denmark
Denmark,DNK,2019,43.97566785303519,26.09255801400182,17.81048190609773,1.2,Denmark,0.8976002294244103,0.8897171140007144,0.7923541780398722,0.7791774573227157,0.036340748316242455,52873.09198369428,10.87564983028272,0.7469305107775881,-2.2146202107208524,-0.6488314696467672,False,Denmark
Denmark,DNK,2020,43.731873098511656,26.036355515145054,17.51260937316014,1.2,Denmark,0.8929096473013745,0.8827694741159733,0.7933406700382601,0.7349941722462908,0.5016991660064248,56206.56087393243,10.936788770597067,6.113894031434697,0.7469305107775881,4.201708387474666,False,Denmark
Denmark,DNK,2021,43.94011045259671,26.53429171641238,17.236127708549617,1.2,Denmark,0.8842561754953706,0.8909529393958631,0.7877105446676638,0.7006831069358214,0.5408270639715397,58719.94365807107,10.980534703786422,4.37459331893546,6.113894031434697,1.526537509632548,False,Denmark
Denmark,DNK,2022,43.6918308209937,27.275702380878744,16.574158031820424,1.2,Denmark,0.8857115207439393,0.8940282574696605,0.809144627984431,0.7720134337366621,0.5558708141989593,60764.98518940189,11.0147690005692,3.4234296782777562,4.37459331893546,0.8786663432244834,False,Denmark
Egypt,EGY,1990,31.514294403995294,27.67683200712686,3.520632611678532,1.2,Egypt,0.29888681151202195,0.3048685261924441,0.28566128569340843,0.2414488038851299,0.995604201803506,4581.751345010006,8.429836593756082,,,,False,Egypt
Egypt,EGY,1991,31.215586487617315,28.361401369828794,2.6069943844218386,1.2,Egypt,0.2959390887110844,0.2641653261035326,0.22886577832632704,0.2552365567929613,0.01526483964602976,4676.728825245911,8.450354175554448,2.0517581798365825,,,False,Egypt
Egypt,EGY,1992,30.94812006614802,28.436577840515046,2.5962516315002375,1.2,Egypt,0.2928001046677806,0.27431884852095934,0.23844997395356735,0.2445809922060345,0.8732543566916726,4713.587069592962,8.458204483051922,0.7850307497474063,2.0517581798365825,0.015906208043502068,False,Egypt
Egypt,EGY,1993,30.82624150464253,27.764057388710107,2.967285720867853,1.2,Egypt,0.2950038640677727,0.2999400504313897,0.2918053578631515,0.2764450988313095,0.9562211736436277,4736.648119676116,8.463085016794565,0.48805337426429674,0.7850307497474063,-0.3350531146757648,False,Egypt
Egypt,EGY,1994,31.134226213360712,27.56627638905202,3.168925192001958,1.2,Egypt,0.30936056167936016,0.3248992957379905,0.27903403378983677,0.245011417304231,0.2315829912889994,4978.0391010688245,8.512791337671462,4.970632087689708,0.48805337426429674,4.134869824008483,False,Egypt
Egypt,EGY,1995,31.402334683504385,27.661653596676,3.0957682764156296,1.2,Egypt,0.30476813595024604,0.29497129711011794,0.2723818694694995,0.23682280794368668,0.938578239586033,5213.124450616646,8.558934657611221,4.614331993975895,4.970632087689708,3.969596088327367,False,Egypt
Egypt,EGY,1996,31.259373535385762,27.86368381268189,3.0675959684380305,1.2,Egypt,0.3001612478790047,0.3030273739790048,0.2598270168284575,0.2366292155442949,0.42449283267653515,5379.807126822108,8.590407802480136,3.147314486891517,4.614331993975895,2.4873947521079844,False,Egypt
Egypt,EGY,1997,31.33743878955137,27.323569857866097,3.659911849784868,1.2,Egypt,0.2888822170086556,0.2695546351328142,0.2754856052624249,0.24913216468472657,0.287934094093219,5281.220449869387,8.571912495798827,-1.8495306681309387,3.147314486891517,-2.571967768356201,False,Egypt
Egypt,EGY,1998,30.746268161582233,28.232428241355,2.972856894754448,1.2,Egypt,0.30520689496422665,0.28361623792090584,0.2946273925968768,0.2819728625067024,0.31931688002137404,5418.679670130314,8.5976074614606,2.569496566177243,-1.8495306681309387,1.6341174982496776,False,Egypt
Egypt,EGY,1999,31.450634544398383,27.700567575868774,3.0884639572675114,1.2,Egypt,0.29919371191550187,0.31518594443662673,0.26600818162392154,0.2780312391030201,0.4243890180725104,5464.592429470675,8.606044819507611,0.8437358047011401,2.569496566177243,0.09667483057278536,False,Egypt
Egypt,EGY,2000,30.830706028671628,27.97296273323278,3.183664573821708,1.2,Egypt,0.2975063037482752,0.27424545074258316,0.25948719796071884,0.25352828245970543,0.4441130051754064,5789.581707705642,8.663815324037746,5.777050453013466,0.8437358047011401,4.95644569657223,False,Egypt
Egypt,EGY,2001,31.019731502556297,28.207465545553667,2.8266022086076883,1.2,Egypt,0.3068466123054374,0.32824488101365684,0.29076762746103296,0.2656396255275667,0.01803200982523001,5592.338055692538,8.629152735536435,-3.4662588501310765,5.777050453013466,-4.0766290093584425,False,Egypt
Egypt,EGY,2002,31.13834391740795,28.164339659297696,2.899718677503751,1.2,Egypt,0.31434309669352073,0.3200381885612321,0.24364300406738917,0.27640812949756993,0.13625056509197786,5610.43088694806,8.632382802509854,0.3230066973419099,-3.4662588501310765,-0.681269698726561,False,Egypt
Egypt,EGY,2003,31.086651505497812,28.20088582168931,2.7324892251339614,1.2,Egypt,0.2992449002743319,0.3192635538582453,0.27378645703794285,0.2740278031440859,0.6741921166150008,5623.898674409118,8.634780416686862,0.23976141770081227,0.3230066973419099,-0.6030343567369457,False,Egypt
Egypt,EGY,2004,31.18985173970548,28.206308005725266,2.8693853821333315,1.2,Egypt,0.3056827337715278,0.3274103479956446,0.2817818574195926,0.2099741137178916,0.8030455246758799,5657.65769550171,8.640765250826998,0.5984834140136286,0.23976141770081227,-0.24785988152969873,False,Egypt
Egypt,EGY,2005,30.93514833300341,28.638864063940158,2.3814159427408956,1.2,Egypt,0.28618229757516445,0.2549723344176773,0.26265038034872223,0.22921994409627405,0.4131944788027977,5933.340432676256,8.688342644129822,4.757739330282362,0.5984834140136286,3.926683073937392,False,Egypt
Egypt,EGY,2006,31.276399059363307,27.90966868681756,2.9519004988438673,1.2,Egypt,0.31681492457418015,0.29913754667136555,0.2880793921245438,0.2556828049327722,0.7720317859723548,5633.286943134331,8.63644837726258,-5.189426686724197,4.757739330282362,-5.843235077363845,False,Egypt
Egypt,EGY,2007,31.231294476757945,27.37614633111812,3.5456994804552107,1.2,Egypt,0.29618595469528586,0.3037849458487418,0.27237871093753047,0.2665489656349117,0.8818548008206828,5710.792153761624,8.650113023984309,1.3664646721728957,-5.189426686724197,0.28875499201783583,False,Egypt
Egypt,EGY,2008,31.009472236684417,28.03796621349839,3.056570404949333,1.2,Egypt,0.3293540620638847,0.3087955867636699,0.2622065887687659,0.27208914874027273,0.39317043456426415,5970.756665360641,8.69462894297175,4.451591898744134,1.3664646721728957,3.653263380641473,False,Egypt
Egypt,EGY,2009,31.198779445127574,28.322583219767225,2.3401214389947476,1.2,Egypt,0.28487702008316,0.26894953058136983,0.269582364050389,0.23368948997848873,0.06986192068466168,6265.733092622935,8.742850874470669,4.8221931498918735,4.451591898744134,4.155338199982077,False,Egypt
Egypt,EGY,2010,31.120694617406986,26.966465349055426,3.155711733971608,1.2,Egypt,0.2904538189804994,0.3008181979894076,0.2512846558607427,0.24329545463597485,0.26997363685546205,6287.836494839019,8.746372331041801,0.352145657113212,4.8221931498918735,-0.2989160157979943,False,Egypt
Egypt,EGY,2011,30.401227724164062,28.037101560857018,3.266775974272085,1.2,Egypt,0.30412665023181823,0.30988060237205256,0.2697710375894682,0.228385875795842,0.4703240479372064,6285.36320906098,8.745978909181307,-0.03934218604939588,0.352145657113212,-0.8808961954858385,False,Egypt
Egypt,EGY,2012,30.99740541219633,26.571356056305547,3.9586497006455295,1.2,Egypt,0.3034611732879772,0.3133014588993152,0.3143994586562277,0.2611038948121168,0.8473550539093668,6476.352814957687,8.775912793696119,2.993388451481138,-0.03934218604939588,2.135151077027714,False,Egypt
Egypt,EGY,2013,31.10916610114647,27.56692994227349,3.5500355851384344,1.2,Egypt,0.2999769421262917,0.2997440311496087,0.27478153786809983,0.2631185353244806,0.5428413743340746,6635.224878078854,8.800147838894127,2.423504519800801,2.993388451481138,1.6945078180982034,False,Egypt
Egypt,EGY,2014,31.20755920670112,28.682473046557437,2.6674777373318204,1.2,Egypt,0.2787600718187436,0.28703239697017724,0.2935957992384166,0.24258674543011893,0.4183630384287931,6781.744533903781,8.821989653722472,2.1841814828345463,2.423504519800801,1.4308990164125914,False,Egypt
Egypt,EGY,2015,30.54553167783672,28.653096124840108,2.1777103268004216,1.2,Egypt,0.30718652628255744,0.31570745602745737,0.2731311154262065,0.2373281061556541,0.4080200912850811,6143.980150345966,8.723228044084328,-9.876160963814407,2.1841814828345463,-10.639642249056445,False,Egypt
Egypt,EGY,2016,31.118024741554155,27.33576319426026,3.3781861490912672,1.2,Egypt,0.28903124920616013,0.30547257076681067,0.2775711863992252,0.25215729067936676,0.4181315997936227,6059.100043764489,8.709316560405387,-1.3911483678940684,-9.876160963814407,-2.6685845530936767,False,Egypt
Egypt,EGY,2017,30.83555226254689,27.83583837076763,3.1296572320355738,1.2,Egypt,0.2975030582753321,0.2901340607680115,0.26796547781477253,0.22615754168533372,0.848417726430511,6023.371397703262,8.703402414384072,-0.5914146021314792,-1.3911483678940684,-1.5072595788586722,False,Egypt
Egypt,EGY,2018,31.0022154922391,27.573824788821067,3.459924730224572,1.2,Egypt,0.3005786404742676,0.2952667878090193,0.28420978597956936,0.24706786807086917,0.28346114926407917,6260.0314419862825,8.741940486763045,3.8538072378973,-0.5914146021314792,2.9720431414928217,False,Egypt
Egypt,EGY,2019,30.9206968908203,27.817827850592398,3.2394111379184665,1.2,Egypt,0.3111818301715071,0.3351546823514163,0.2476434814628296,0.25054796988070305,0.8089777496137086,6114.6560392787505,8.718443797852217,-2.3496688910828567,3.8538072378973,-3.041998603166349,False,Egypt
Egypt,EGY,2020,31.095278467249504,28.208955499978497,2.75381028748868,1.2,Egypt,0.2979979874569963,0.3259825464584195,0.2989810356275097,0.28474625354385336,0.8271581484276234,6044.956133987597,8.70697950644483,-1.146429140738725,-2.3496688910828567,-2.103121740307644,False,Egypt
Egypt,EGY,2021,30.83343221674894,27.8351079504385,3.242121429759939,1.2,Egypt,0.2835976413333653,0.2726413365988334,0.26048843744649525,0.20697066096743516,0.44914820273221256,6137.857920357829,8.722231087364987,1.5251580920157437,-1.146429140738725,0.619741894277763,False,Egypt
Egypt,EGY,2022,30.901557150356002,27.95540405108359,2.9429717504332724,1.2,Egypt,0.2913602015092392,0.288829549914298,0.24401769451974958,0.26155947624945614,0.19695363020872136,6023.522791144603,8.70342754840434,-1.8803538960646904,1.5251580920157437,-2.6719196492558197,False,Egypt
Spain,ESP,1990,47.709180426678415,34.30591672502476,13.502715932399314,1.2,Spain,0.7399778298107328,0.7249291250636721,0.636644343017346,0.6189531124014102,0.6723838432917036,22467.591943083906,10.019829191794496,,,,False,Spain
Spain,ESP,1991,48.49210622816949,35.33730220911985,12.559970538737167,1.2,Spain,0.7551651728439791,0.7746251037506391,0.6721387778325368,0.6655374537992179,0.15631697070886086,23719.86752458646,10.074068268129222,5.423907633472602,,,False,Spain
Spain,ESP,1992,47.682783976601016,33.83214975277969,13.788287347240356,1.2,Spain,0.7421980087088254,0.7688095067896061,0.6440424349094166,0.6487422611902838,0.08122963480667267,23946.445781781236,10.083575190230682,0.9506922101460091,5.423907633472602,0.9481307704143589,False,Spain
Spain,ESP,1993,47.99378809076813,35.62488902938995,12.257927328519735,1.2,Spain,0.7560522370101825,0.7783609029578052,0.7015028444472187,0.6471193678501412,0.28943952161948794,24283.6813973512,10.097559856305553,1.3984666074870589,0.9506922101460091,0.3949503757720205,False,Spain
Spain,ESP,1994,47.94601797363501,35.336669122162455,12.753293943148853,1.2,Spain,0.7728165183653884,0.7604636848267146,0.6648340615782025,0.6192938399324249,0.3302846675020844,23281.66646320131,10.055421482754246,-4.2138373551306785,1.3984666074870589,-5.117156773965043,False,Spain
Spain,ESP,1995,47.89578514992044,33.59838761037681,14.115849302777931,1.2,Spain,0.7614460628205009,0.7656403288044482,0.7038623579585646,0.6580857204228392,0.5561906926300116,22770.00490547584,10.03319937449368,-2.222210826056603,-4.2138373551306785,-4.381374646248213,False,Spain
Spain,ESP,1996,47.88013531752347,33.409099697367935,14.536625004045716,1.2,Spain,0.7404768361926121,0.7269369334234415,0.6509759636679344,0.6460091470009725,0.8655623831722035,23947.916683025902,10.0836366129606,5.043723846691961,-2.222210826056603,3.33021889365936,False,Spain
Spain,ESP,1997,48.207318769760064,34.217504305927356,14.069691319032998,1.2,Spain,0.7454689413201929,0.7633634116131357,0.6889545147093609,0.6674174432370866,0.603150120122947,23951.592223709067,10.083790081786242,0.015346882564237774,5.043723846691961,-0.07228687030217151,False,Spain
Spain,ESP,1998,47.92811485336961,33.42282650692668,14.650270962081015,1.2,Spain,0.7573562199724575,0.7929921981478787,0.6484881338216564,0.6332638242513359,0.768581330913202,23762.581849569164,10.075867431275515,-0.7922650510726825,0.015346882564237774,-2.0050800308247636,False,Spain
Spain,ESP,1999,47.467975638357096,34.938469142027714,13.152329984261678,1.2,Spain,0.7572890915556278,0.7365437767363733,0.69393278480226,0.6173703270008017,0.7470782671290289,23744.106597133577,10.075089635391564,-0.07777958839518817,-0.7922650510726825,-1.4713108893021478,False,Spain
Spain,ESP,2000,48.29869044183535,35.41488067673812,12.447096215031486,1.2,Spain,0.752837510236615,0.7330800434186001,0.6606167398904463,0.6649042618070561,0.4785283699195225,24178.054273719285,10.093200652515778,1.8111017124214257,-0.07777958839518817,0.577448168337914,False,Spain
Spain,ESP,2001,47.473056983776104,33.464476231138214,14.487569566283069,1.2,Spain,0.7479097890034864,0.758579490539977,0.6667835079844249,0.635271761831075,0.08159872000483837,23821.368076260078,10.078338275192019,-1.4862377323758835,1.8111017124214257,-2.2972233272073197,False,Spain
Spain,ESP,2002,47.61615096122583,35.173386802491336,12.620206748476352,1.2,Spain,0.7392914758131556,0.7775198575559501,0.6397532168117908,0.6321873508656037,0.2959320294366161,24388.20932547846,10.101855070125136,2.3516794933117424,-1.4862377323758835,0.8028605044401775,False,Spain
Spain,ESP,2003,48.41974091450883,34.65336100364332,13.537508662175023,1.2,Spain,0.7521911060003441,0.7537340017180066,0.7094158574312983,0.6783852810662484,0.5002785352077603,23880.92895456998,10.080835467695058,-2.1019602430078166,2.3516794933117424,-2.7919827566962674,False,Spain
Spain,ESP,2004,48.11796893309545,34.356520942554596,13.47108258638273,1.2,Spain,0.733314007411218,0.7544885780088956,0.6565265719221669,0.6387553093962688,0.14328145870264108,24913.062705473643,10.123147551540368,4.2312083845310156,-2.1019602430078166,2.5446114575938736,False,Spain
Spain,ESP,2005,48.25061309817067,35.542913313537035,12.694315186886731,1.2,Spain,0.7400232542725935,0.7607561908609787,0.7040521139476076,0.6339161536095953,0.9002641112020704,24621.289053661774,10.1113667563557,-1.1780795184668236,4.2312083845310156,-1.4475268368435152,False,Spain
Spain,ESP,2006,48.120092972492905,34.13528769374168,13.292408632238184,1.2,Spain,0.756386601686431,0.777548968188174,0.6881003383219821,0.6458903998294319,0.29582409749653604,26088.91607199959,10.169265831541379,5.789907518567894,-1.1780795184668236,4.310043948049941,False,Spain
Spain,ESP,2007,47.984811566082904,34.74448300175649,13.396823500823077,1.2,Spain,0.7565264640717708,0.7337727149407561,0.705125982413003,0.6777441322855497,0.0162434432094537,26602.84216236657,10.188773337271197,1.9507505729817964,5.789907518567894,2.030087567414772,False,Spain
Spain,ESP,2008,47.957579198752384,34.580343166472225,13.433167930343945,1.2,Spain,0.7409538562500624,0.7644089931554113,0.6801668070988918,0.668635126541828,0.3427309254279072,26460.002647991412,10.183389537744203,-0.5383799526994082,1.9507505729817964,-1.3181168409641995,False,Spain
Spain,ESP,2009,48.311810713475566,33.938549414802814,13.844243674590356,1.2,Spain,0.7423981055103791,0.7481407725928388,0.6988612693594922,0.617899286155854,0.7798208840100681,27712.720205243877,10.229646799955022,4.625726221081905,-0.5383799526994082,3.2890058451540325,False,Spain
Spain,ESP,2010,47.47961655091884,33.8916768593,14.14425247685601,1.2,Spain,0.7408372589943627,0.7679461150164726,0.6901575072788585,0.6323976000901641,0.9576316462725879,27124.24318634179,10.208183189489164,-2.1463610465858096,4.625726221081905,-2.327528574778629,False,Spain
Spain,ESP,2011,47.72855774903567,33.73036338698814,14.235726469871773,1.2,Spain,0.7560840775379922,0.8114036698267776,0.6824584365725556,0.6258372269865332,0.3799790789653946,27221.565802238274,10.211764798512746,0.35816090235822884,-2.1463610465858096,-1.338371427393977,False,Spain
Spain,ESP,2012,47.64911699925635,35.41847689325514,12.321136192712164,1.2,Spain,0.7343850677755814,0.7644534643441614,0.6543441591186943,0.6199939679706207,0.31491844458889573,27765.93543970502,10.231565204435558,1.9800405922811848,0.35816090235822884,0.8439358317782137,False,Spain
Spain,ESP,2013,47.992308281895696,36.08984730220495,11.829596109573798,1.2,Spain,0.7496848767557698,0.7551797148106967,0.6960955797856956,0.63905591071928,0.9955689004906878,28220.324859373042,10.247797737012164,1.6232532576605507,1.9800405922811848,0.8500704881672639,False,Spain
Spain,ESP,2014,48.73747308172097,34.60927206484161,13.669142119353236,1.2,Spain,0.7627696538608819,0.769530123482916,0.6623522555176494,0.6268479579207649,0.4027037209945602,27084.243323803454,10.206707410607546,-4.109032640461763,1.6232532576605507,-4.9620523859354995,False,Spain
Spain,ESP,2015,47.75054316820009,32.898260330409656,14.746466141821106,1.2,Spain,0.7620595601790454,0.7848966250752648,0.6700076363170588,0.6397686490757701,0.6323962564655086,26877.877741018758,10.199058838433027,-0.7648572174518975,-4.109032640461763,-2.9005692761157142,False,Spain
Spain,ESP,2016,48.31381567531437,34.09751087484342,13.808516075312662,1.2,Spain,0.7521662497540462,0.7316511960812406,0.6989660527470938,0.6605687315884019,0.7534721106595967,27551.088758464066,10.223797333163677,2.4738494730650373,-0.7648572174518975,1.0864511212348307,False,Spain
Spain,ESP,2017,48.11744881120443,33.83267814178177,14.088594363958823,1.2,Spain,0.749998808514409,0.7716656172726354,0.6898995389212241,0.6662879015403104,0.18663993979768256,27011.177048529174,10.204006024087034,-1.979130907664306,2.4738494730650373,-2.641815898989563,False,Spain
Spain,ESP,2018,48.323702891770836,32.49922997892534,15.26125236326783,1.2,Spain,0.7708604704953711,0.7505652806316541,0.6865451681119542,0.6635603206830945,0.1255497898984771,28577.63296967099,10.26037962683884,5.637360275180647,-1.979130907664306,3.9782484121568347,False,Spain
Spain,ESP,2019,48.2250444789697,33.97239519423186,14.20199990571194,1.2,Spain,0.7755468632590211,0.7627029702083357,0.6809261107965924,0.6609205184400349,0.05702691400361937,29573.718559864054,10.294641359416387,3.4261732577546056,5.637360275180647,3.471375322428538,False,Spain
Spain,ESP,2020,47.83994414229514,34.056072391428685,14.121753072076713,1.2,Spain,0.7519613145902391,0.7338799487955191,0.6457859726301456,0.6443266370261268,0.6377741418455916,29708.952913451223,10.299203724262755,0.4562364846368183,3.4261732577546056,0.0066494476005342085,False,Spain
Spain,ESP,2021,47.45359489742261,33.821718939183604,14.528810571726583,1.2,Spain,0.769708642707178,0.769319268725636,0.6759835897985609,0.6326644971591142,0.6136379029893838,30106.79221735662,10.312506080342375,1.330235607962038,0.4562364846368183,0.21607685603857574,False,Spain
Spain,ESP,2022,48.29031761603384,34.17643200662456,13.938909665684118,1.2,Spain,0.7658983897818068,0.7773798141996868,0.717300443706542,0.6241710763448334,0.46618159112755697,32390.299789968456,10.385614267756024,7.310818741364855,1.330235607962038,6.392231525325768,False,Spain
Finland,FIN,1990,45.86564007646706,28.75290350948079,17.638034993601458,1.2,Finland,0.8726492701637264,0.9059895242708678,0.7933556244651939,0.7243632246784302,0.5246723066856223,28917.511177183518,10.272202613689185,,,,False,Finland
Finland,FIN,1991,45.889089776437366,28.011356923120545,17.8693687433521,1.2,Finland,0.866021945215757,0.8900734753202616,0.7830180380851097,0.752875264137983,0.08540248429087383,29589.4065554993,10.295171689616907,2.296907592772257,,,False,Finland
Finland,FIN,1992,46.134492911726916,27.133787514670278,18.83037928668704,1.2,Finland,0.8958146372348332,0.8896214409911195,0.8056981485998672,0.7905690110892,0.8947475708313011,31081.26775397389,10.344360593674594,4.91889040576865,2.296907592772257,2.841334733559374,False,Finland
Finland,FIN,1993,45.533586978076045,27.35013388090506,18.53188985278418,1.2,Finland,0.8740017797668015,0.8428260398663246,0.8029890671529095,0.751379302450661,0.08877326695623267,32030.59893727802,10.374446941687758,3.00863480131639,4.91889040576865,0.7087049032379928,False,Finland
Finland,FIN,1994,46.26269665955599,26.531594541106216,19.02786693066671,1.2,Finland,0.8759908480645587,0.8923061513643586,0.7774520415889942,0.731090469275665,0.4179685080138871,32714.300588095834,10.395567588138912,2.1120646451153746,3.00863480131639,-0.02585366038253145,False,Finland
Finland,FIN,1995,45.858267936378276,27.072491699439528,18.662631858945094,1.2,Finland,0.8718231760339487,0.8491465688978216,0.7763912781927951,0.7262757496622652,0.5722838145420012,34671.418854213014,10.453670962393543,5.8103374254631746,2.1120646451153746,3.748458556011271,False,Finland
Finland,FIN,1996,46.142444896858926,28.00009592677776,17.861501083375796,1.2,Finland,0.860253291054129,0.8452717067211033,0.7834525718204493,0.7369925963364032,0.756789222902397,36542.679478755206,10.506236157258678,5.256519486513511,5.8103374254631746,2.8809846531451826,False,Finland
Finland,FIN,1997,45.91499704788775,28.569142909822546,17.553057482142506,1.2,Finland,0.8919108585477348,0.8755387580145332,0.8245619083726099,0.7471661236814359,0.24634824724230187,37165.99749892683,10.523149576538938,1.6913419280259134,5.256519486513511,-0.6372227898878355,False,Finland
Finland,FIN,1998,46.054716764417165,27.454787559064147,18.801401282691938,1.2,Finland,0.8836102514514276,0.9029723047269584,0.8024689479570264,0.7188453244702291,0.5275796224253504,36679.438997633915,10.509971631750547,-1.3177944788390406,1.6913419280259134,-3.3439912347185046,False,Finland
Finland,FIN,1999,45.651429933520056,27.843236682387456,18.20682285214551,1.2,Finland,0.8680027473490979,0.8819811410507137,0.7730064477383174,0.7534695094572138,0.6941316539762369,36414.58246246695,10.502724590499968,-0.72470412505794,-1.3177944788390406,-2.495691588300404,False,Finland
Finland,FIN,2000,45.695779242134414,27.663913087721674,18.082767658332155,1.2,Finland,0.8860982907766349,0.8445056251316941,0.8110326321259751,0.7315925389273511,0.8032121232440932,36966.498838055064,10.517767344661532,1.504275416156453,-0.72470412505794,-0.3170129139104554,False,Finland
Finland,FIN,2001,45.79431790229252,28.32350315891095,17.985914738315373,1.2,Finland,0.8961878763966087,0.9045044089857155,0.7822311545501446,0.7890272252078842,0.8088585390335653,37299.036837188956,10.526722783239235,0.8955438577702424,1.504275416156453,-1.1147875115945522,False,Finland
Finland,FIN,2002,45.84002434519519,27.58044928702786,18.468505969731872,1.2,Finland,0.8859833017380786,0.8514849638192424,0.7836462432053858,0.7809389042430478,0.30276760761742505,39900.00572021841,10.594131746241814,6.740896300257937,0.8955438577702424,4.782192351327505,False,Finland
Finland,FIN,2003,46.428501491879175,28.421866621795154,17.551102656798363,1.2,Finland,0.8932274446688514,0.8898449909559951,0.8054961709008096,0.7744198162917959,0.6614662053236519,38686.88497001403,10.563255931918075,-3.0875814323739093,6.740896300257937,-5.542038335094647,False,Finland
Finland,FIN,2004,45.95054668552607,28.245968935816787,17.58066059219854,1.2,Finland,0.8876447822030579,0.86803539150462,0.8045614353933496,0.7596495642903831,0.4151071768549326,39386.044661119995,10.581166836125384,1.7910904207308675,-3.0875814323739093,0.17020119680364676,False,Finland
Finland,FIN,2005,46.110116058004266,28.645878965546306,17.62575786387469,1.2,Finland,0.8787096588487021,0.8616764153620142,0.775659278985765,0.7273283932952015,0.7722675568375058,38913.93223279632,10.569107620569053,-1.2059215556330827,1.7910904207308675,-3.2405781281585324,False,Finland
Finland,FIN,2006,45.57348179588876,28.211996274505736,17.648867901590926,1.2,Finland,0.8990729783642656,0.8703511481135644,0.8039621735319271,0.7510834323373432,0.08970091901484578,39828.567477798635,10.592339709618749,2.323208904969576,-1.2059215556330827,0.5427333342649545,False,Finland
Finland,FIN,2007,46.05119558252502,27.492838394007716,18.229059119266164,1.2,Finland,0.8648995878801475,0.8604888232970168,0.7745355214960337,0.7459704085788392,0.16098443168737475,41081.890648091474,10.623322686549447,3.098297693069796,2.323208904969576,1.018511367818009,False,Finland
Finland,FIN,2008,45.984053053579075,28.055136430425616,17.613789068776946,1.2,Finland,0.8865450575272315,0.8884082331255845,0.8013940507606884,0.7342577721061555,0.8618438232948299,41404.510464254854,10.631145102290912,0.782241574146525,3.098297693069796,-1.3632811733195056,False,Finland
Finland,FIN,2009,46.57238454800407,28.183822733358337,17.98575192454113,1.2,Finland,0.8819839351717749,0.8818002881040721,0.7834303927101529,0.7540423916909831,0.9928321316819754,42891.53037085602,10.66642965817201,3.5284555881098356,0.782241574146525,1.579360972804758,False,Finland
Finland,FIN,2010,45.58070083571645,27.499028606169233,18.30847687309455,1.2,Finland,0.8639047901691902,0.8499586071552097,0.7412034785617645,0.7450585855826865,0.08645750712015232,43493.778574737255,10.680373185577851,1.3943527405841039,3.5284555881098356,-0.7876523317991158,False,Finland
Finland,FIN,2011,45.988851764519836,28.511837077467124,17.28411026410919,1.2,Finland,0.8825617060569428,0.9064279261754854,0.7788707191593129,0.7402182132120446,0.16406358826533518,44129.57635447711,10.694885502273646,1.451231669579478,1.3943527405841039,-0.5497769956986605,False,Finland
Finland,FIN,2012,46.12727444123656,28.39178592722685,17.61207955750663,1.2,Finland,0.8891183177851337,0.8757407970962735,0.8089080527703375,0.7496411695324063,0.32825508927733704,44458.93030908519,10.702321127604035,0.7435625330389328,1.451231669579478,-1.2622701180185616,False,Finland
Finland,FIN,2013,45.76940715851156,28.401012011208053,17.54961081762649,1.2,Finland,0.8694616450463566,0.8780179329494147,0.7484774359413542,0.727815638360559,0.736794568710197,46216.15746615222,10.741084744633595,3.8763617029559327,0.7435625330389328,1.9305475141208637,False,Finland
Finland,FIN,2014,46.17695507389458,28.19493188312391,18.298907324214653,1.2,Finland,0.8826082316767754,0.8821115783227003,0.7911760066621736,0.7404774709214988,0.4819001671099774,47332.51077915348,10.764952669859083,2.3867925225488307,3.8763617029559327,0.17528101992489553,False,Finland
Finland,FIN,2015,45.82727244266854,27.847677241245968,18.194745498980275,1.2,Finland,0.8600111109313875,0.8606917026583211,0.786285416954047,0.7385185614442245,0.938719301977863,50513.12244678311,10.829988431939524,6.503576208044137,2.3867925225488307,4.4183972624948185,False,Finland
Finland,FIN,2016,46.32589777506191,27.869581777380066,18.007022321868977,1.2,Finland,0.8840795690975065,0.8911800814562051,0.8211711598281722,0.7554226164436418,0.3035039091479522,53447.972559123504,10.886463984192584,5.647555225306,6.503576208044137,3.2132257892977245,False,Finland
Finland,FIN,2017,45.996391024030316,28.05979814252469,17.87721452932388,1.2,Finland,0.8636798511497358,0.8455808944909744,0.7411710381361258,0.7286309674638796,0.9616114422544468,55404.875911187126,10.922422881699786,3.5958897507201826,5.647555225306,1.2341607156072043,False,Finland
Finland,FIN,2018,46.08937995309052,28.96522652217783,16.884729663773744,1.2,Finland,0.8737151429368925,0.8678625305302884,0.7725453090826246,0.7434933446436568,0.11054316630858052,52923.665536222186,10.876605881442805,-4.581700025698154,3.5958897507201826,-6.769424288776781,False,Finland
Finland,FIN,2019,45.79649503634766,28.807241195134694,17.295277803551553,1.2,Finland,0.8780975915558679,0.8481486581837528,0.8175524119029262,0.7403104313645277,0.7394746538841134,51625.45599297511,10.851770163018031,-2.483571842477339,-4.581700025698154,-3.977742666916868,False,Finland
Finland,FIN,2020,46.22744926516845,28.795542270740373,17.282318807480507,1.2,Finland,0.86161223282021,0.8453178691955274,0.7968903168901715,0.7180096216290756,0.05207240622126974,54185.434179142845,10.900167409227878,4.839724620984676,-2.483571842477339,3.1676084537285325,False,Finland
Finland,FIN,2021,46.1293163477799,28.404509941800512,17.64136759049798,1.2,Finland,0.8690377967513143,0.8676803691173247,0.7907666496689348,0.7534756366009738,0.48222523033732656,54495.962406919476,10.905881893630253,0.5714484402375319,4.839724620984676,-1.721767290982334,False,Finland
Finland,FIN,2022,46.50812987222875,28.172977034098725,17.616938977231566,1.2,Finland,0.8844620183628948,0.8848436509184902,0.7855286174129736,0.7625690541720831,0.2135374778839514,55969.82275275594,10.932567945054519,2.66860514242655,0.5714484402375319,0.7373882034125576,False,Finland
France,FRA,1990,47.463987746589574,30.26706112615903,17.708401946341944,1.2,France,0.8064272275986755,0.8330102782013241,0.7297149282328373,0.6996432186106444,0.7965372909761763,28493.422436573546,10.257428547921066,,,,False,France
France,FRA,1991,48.30775105286557,30.691065354250348,17.316717287129944,1.2,France,0.7896928249719848,0.7886974947790031,0.7182231012415805,0.6560909108882208,0.4303058948994627,29339.030343224003,10.286674002180973,2.9245454259907433,,,False,France
France,FRA,1992,48.10338147142511,30.225454309974605,17.850401696898427,1.2,France,0.7995984204935566,0.7709829184511956,0.7222006667424167,0.6660376242700254,0.26899340443509767,29543.670208738284,10.293624793754764,0.6950791573791193,2.9245454259907433,-1.489446229920587,False,France
France,FRA,1993,47.96033140304065,30.36327414585633,17.387884678371496,1.2,France,0.7936539496470665,0.8135689943806936,0.7087505778864323,0.6740980762723168,0.07244688779455888,31049.640819495937,10.343342519484603,4.971772572983824,0.6950791573791193,2.7850098293149683,False,France
France,FRA,1994,47.93937502638318,30.035021150698157,17.84940002768631,1.2,France,0.7954769368075093,0.7469993502749301,0.684251186657044,0.6913636894092688,0.6949818861265425,31489.605480062623,10.357412785596857,1.407026611225426,4.971772572983824,-0.7754443037725882,False,France
France,FRA,1995,47.81158017488239,30.523670406638214,17.538620160222475,1.2,France,0.8037213139109316,0.8132987571895683,0.7228656429778759,0.6717430224315004,0.10493017841817487,32680.608728611427,10.394537175746954,3.7124390150097497,1.407026611225426,1.526390738382979,False,France
France,FRA,1996,48.08196120685564,29.53238507766199,18.239729122119698,1.2,France,0.7999639746090944,0.7767966808252436,0.7500355431835279,0.6975166242292437,0.5596486834869141,33139.00748696632,10.408466341436306,1.3929165689351208,3.7124390150097497,-0.7908181364132947,False,France
France,FRA,1997,47.651376146179715,28.67709422642553,18.899574883780364,1.2,France,0.7912368133202582,0.7919900179836169,0.7067294093546046,0.6708285224125522,0.07857849715502074,34090.966291784884,10.436787710045126,2.8321368608819952,1.3929165689351208,0.6460744242773715,False,France
France,FRA,1998,48.00927518340981,28.244147821445253,19.732330007469724,1.2,France,0.7899837999010509,0.7843617940433318,0.7469391504479364,0.6843030871412334,0.8005866991090829,35058.80473746335,10.464782065979175,2.7994355934049864,2.8321368608819952,0.6148174705054545,False,France
France,FRA,1999,48.118780162329244,31.223691321686037,17.08859631867468,1.2,France,0.7950653718363598,0.7861657054088826,0.7210690458996889,0.6598346597487822,0.7064757264869012,36022.89025114083,10.491909855686913,2.712778970773755,2.7994355934049864,0.5281280308766756,False,France
France,FRA,2000,47.774132424831414,29.08762480810531,18.733505982679183,1.2,France,0.8005963036992018,0.7876575681450902,0.7345011396015534,0.6883765658527564,0.7140869321324278,35690.426514032064,10.48263776693205,-0.9272088754862295,2.712778970773755,-3.111946778684482,False,France
France,FRA,2001,48.55121600264626,28.819832997760113,19.11297915723186,1.2,France,0.7942053672592994,0.8159855668949948,0.7170754978576787,0.694077471590381,0.8172977699624937,36870.93280905182,10.515178790855312,3.2541023923261747,-0.9272088754862295,1.0657116193329799,False,France
France,FRA,2002,48.526107308010324,31.15234871216224,16.828991557907063,1.2,France,0.8207526087262527,0.8069688523644613,0.7733966239169323,0.7015979330865677,0.08162998203058958,37255.54421381079,10.525556050687088,1.0377259831775731,3.2541023923261747,-1.1464686808508242,False,France
France,FRA,2003,48.95365610381026,30.756301726607187,17.41395538836177,1.2,France,0.7896842375312985,0.779098272780374,0.7230895447351268,0.6938180906523937,0.498195716453139,38705.33033897287,10.563732604390479,3.817655370339068,1.0377259831775731,1.6312364861261113,False,France
France,FRA,2004,47.8914502388747,29.39338245509137,18.50866750832839,1.2,France,0.8172754317010071,0.8260019050944878,0.7363079580942705,0.6970847434802213,0.19954245092914513,36980.047851198775,10.518133798915366,-4.559880547511241,3.817655370339068,-6.74350966414273,False,France
France,FRA,2005,48.08357277435354,30.611368382332582,17.391428662040475,1.2,France,0.7949774428380588,0.7992093422456666,0.7373006205975463,0.673516157830736,0.727169069766308,36094.24676824796,10.493888762319726,-2.424503659564081,-4.559880547511241,-4.616539960285979,False,France
France,FRA,2006,47.418909920188376,30.584039772920846,17.54927476080106,1.2,France,0.7951681353770063,0.8266478706428069,0.6911360085792588,0.646605417466259,0.9876495637360578,37209.68051780871,10.524324235380904,3.043547306117844,-2.424503659564081,0.8536539394012932,False,France
France,FRA,2007,47.9824766268424,29.952977909681366,18.063818290981526,1.2,France,0.7843819313860453,0.824416673436648,0.7038358997386942,0.7023412259374714,0.8734232380816606,40033.442336252236,10.597470442200228,7.314620681932382,3.043547306117844,5.130214717661493,False,France
France,FRA,2008,47.597347450088726,28.866242745462596,19.05236850478289,1.2,France,0.7982737270005918,0.8159469257503253,0.7314928118688011,0.647004824810818,0.912363345616691,41837.0194686128,10.641536859791543,4.406641759131524,7.314620681932382,2.2265219836023165,False,France
France,FRA,2009,48.08365928539417,28.942968809489447,18.855452600585846,1.2,France,0.8053285989281347,0.7802524342522695,0.7523318088928999,0.7000696310040603,0.1315676851272598,41817.20846737013,10.641063219615743,-0.047364017579987205,4.406641759131524,-2.230402063394725,False,France
France,FRA,2010,47.43241612400643,29.73409275254134,17.874188959379254,1.2,France,0.8049403018628274,0.8101537771793055,0.7134401685996362,0.6707667892246423,0.9713950940416396,40530.84537897022,10.6098185775092,-3.1244642106543097,-0.047364017579987205,-5.311972025010985,False,France
France,FRA,2011,47.96897396592761,30.12319414524699,17.871209363446965,1.2,France,0.8032380012760595,0.7974082016961896,0.6899043769476982,0.6817438440502208,0.8707499012725114,42244.51329839942,10.651229761592644,4.141118408344369,-3.1244642106543097,1.9505226039102421,False,France
France,FRA,2012,47.66666852972473,29.693008890682062,18.07259679073778,1.2,France,0.8077169871064835,0.7507461346938821,0.7499206024032772,0.651765163464949,0.16352387258502277,42987.27759451077,10.668659481002468,1.7429719409824074,4.141118408344369,-0.4403325678725678,False,France
France,FRA,2013,48.37348421359393,29.058247071999933,18.855485040352164,1.2,France,0.8037428005557731,0.8020059050131693,0.7395143829964174,0.658266059290413,0.3251900642246949,44608.80613212722,10.705686565426761,3.7027084424293477,1.7429719409824074,1.516997300045781,False,France
France,FRA,2014,47.7500889831612,28.01388718585557,19.874567036645388,1.2,France,0.7953229879868812,0.8022530656214955,0.7148522776106094,0.6855653563333115,0.23605046334646396,45655.282405161255,10.728874594666207,2.318802923944574,3.7027084424293477,0.1350584535869972,False,France
France,FRA,2015,47.90647610075327,28.678700235696375,19.531167686412306,1.2,France,0.7790484247732002,0.7841319026181243,0.6959585734442757,0.6868648994847409,0.2487142725876299,46608.98873679522,10.749548692860131,2.067409819392374,2.318802923944574,-0.11772345413736751,False,France
France,FRA,2016,48.143662661556135,28.650956454553327,19.041915131461447,1.2,France,0.8150075979063431,0.832012032748613,0.7265337954275516,0.6857713041340231,0.03667142693354297,51678.12471405204,10.852789851305312,10.324115844518111,2.067409819392374,8.138730288201431,False,France
France,FRA,2017,47.95576725302455,29.94833737091592,18.369317850513934,1.2,France,0.8084707900998503,0.832920808397588,0.7519138967959723,0.6854097193799147,0.8056701529500532,52702.18366159091,10.872412169374831,1.9622318069519196,10.324115844518111,-0.21486782278511773,False,France
France,FRA,2018,47.93237056523157,28.45946535591493,19.285131355091025,1.2,France,0.8103028345403185,0.8150786177208488,0.7240917081698726,0.6848304123775711,0.2697496115169896,53504.45022686391,10.887520111235224,1.510794186039277,1.9622318069519196,-0.6746969205157449,False,France
France,FRA,2019,47.77447324565595,30.12469493292769,17.95471172707541,1.2,France,0.800483851182858,0.7867329821560662,0.7178171466091772,0.6597121762147866,0.9338750175279049,54379.597893153,10.903744323770617,1.6224212535393079,1.510794186039277,-0.5635228882782983,False,France
France,FRA,2020,48.29622154351392,30.723824889015084,17.50767666258914,1.2,France,0.8007863519031609,0.7608223382125188,0.7390342702068945,0.6875981686356466,0.4547398556338591,54515.21509070247,10.906235117665165,0.24907938945482044,1.6224212535393079,-1.9367527302461216,False,France
France,FRA,2021,48.40902861362571,30.766894211185395,16.856946103219794,1.2,France,0.7789908113854809,0.8377458683288364,0.6836690549661825,0.6702099901447403,0.029973589872677953,57224.83862423007,10.954743324794599,4.85082071294336,0.24907938945482044,2.6636103911095184,False,France
France,FRA,2022,48.03576775833822,30.542425453613873,17.34328470254678,1.2,France,0.8110818281673752,0.7902837096248646,0.7422291234518891,0.6683512426787958,0.9699120461072704,57762.02935681687,10.964086907243434,0.9343582448835264,4.85082071294336,-1.2482340500242142,False,France
United Kingdom,GBR,1990,50.94908406107389,35.46825864679191,15.614499816646134,1.2,United Kingdom,0.8227656915259492,0.8097514207790475,0.7619508692815605,0.6960716202050184,0.1771497894473859,31477.054121670928,10.357014118790095,,,,False,United Kingdom
United Kingdom,GBR,1991,51.00180500413082,35.97234635153785,15.11731846165678,1.2,United Kingdom,0.8287006773068875,0.8386143150663395,0.7488389876790703,0.7116947957601788,0.4971747640084273,33436.53455913497,10.417404430223696,6.039031143360063,,,False,United Kingdom
United Kingdom,GBR,1992,51.09288602457275,35.92598120095541,15.19192817625171,1.2,United Kingdom,0.8296296552911413,0.8357820704001624,0.7376882732098313,0.7065351777149703,0.9309486955069778,33494.66985602156,10.419141596378537,0.17371661548413186,6.039031143360063,-1.003179963027987,False,United Kingdom
United Kingdom,GBR,1993,51.28208683946508,36.005442409167095,15.16775131851634,1.2,United Kingdom,0.8310552593295798,0.8547958654407875,0.7607243378372055,0.6835368721755332,0.3938644056541585,32837.56883051005,10.39932853008631,-1.9813066292227788,0.17371661548413186,-2.975902802716443,False,United Kingdom
United Kingdom,GBR,1994,51.147230012698145,35.94056881299949,15.299492438652383,1.2,United Kingdom,0.8122837167758312,0.8182162831693547,0.7511581965638084,0.6853935583901675,0.7823854840582735,32834.66080121786,10.399239968168725,-0.008856191758432885,-1.9813066292227788,-0.9364718804942702,False,United Kingdom
United Kingdom,GBR,1995,51.10075237707991,35.59061124119689,14.823269883632555,1.2,United Kingdom,0.8361371126905864,0.845207798720866,0.7476402687157149,0.7299982891527657,0.3270331615632387,34737.060287389344,10.455562415817045,5.632244764831995,-0.008856191758432885,4.6433231543216955,False,United Kingdom
United Kingdom,GBR,1996,50.482960977778376,37.33475359951621,13.755600120671982,1.2,United Kingdom,0.8304692012765,0.8418682073833277,0.7618516066245515,0.718606759729323,0.435583314812933,33951.78075617488,10.432696583928642,-2.2865831888402965,5.632244764831995,-3.4508364007930923,False,United Kingdom
United Kingdom,GBR,1997,50.78636938743632,36.84103364882664,14.43307454889619,1.2,United Kingdom,0.8184994441296747,0.8210109731991055,0.7331880632310298,0.6960361084618528,0.3245858299002703,33748.24471576868,10.426683686526522,-0.6012897402120743,-2.2865831888402965,-1.5194170988342548,False,United Kingdom
United Kingdom,GBR,1998,50.999424044047096,35.37262051071447,15.708986724661784,1.2,United Kingdom,0.8072197741656362,0.774344959853875,0.7087945267690756,0.7171880443505836,0.44869362262253065,33748.10212052874,10.4266794612537,-0.00042252728214009494,-0.6012897402120743,-0.9709306536874821,False,United Kingdom
United Kingdom,GBR,1999,50.69929680579276,36.40575337888225,14.572301130778888,1.2,United Kingdom,0.8136103825231049,0.7871485866549549,0.7650896474735218,0.7117651669314918,0.6194903460096145,33156.30565427497,10.408988193340507,-1.7691267913193087,-0.00042252728214009494,-2.75831052936642,False,United Kingdom
United Kingdom,GBR,2000,50.92325037859775,36.48380435804353,14.367757223156987,1.2,United Kingdom,0.7975090427194406,0.7838491961124181,0.7189409808929449,0.7004050268318321,0.47918187762973097,32641.394190448267,10.393336522333964,-1.5651671006542855,-1.7691267913193087,-2.4993775713413235,False,United Kingdom
United Kingdom,GBR,2001,50.91516127525573,36.357097519367414,14.621666094508075,1.2,United Kingdom,0.806104275332364,0.7731963003932261,0.7459452564393204,0.7339836821592948,0.6079050927934446,31807.6272489299,10.367461390603992,-2.587513172997191,-1.5651671006542855,-3.528062934448426,False,United Kingdom
United Kingdom,GBR,2002,50.700086331399184,35.86793355296441,14.923748920511335,1.2,United Kingdom,0.8267997307551676,0.8383091041050561,0.7390660439196315,0.7106214617359098,0.9270345447963066,32003.701474039968,10.37360684615623,0.6145455552237777,-2.587513172997191,-0.29422856961472943,False,United Kingdom
United Kingdom,GBR,2003,50.57494737222094,36.674515037856594,14.414247504020022,1.2,United Kingdom,0.8124603541113332,0.8068468525739977,0.6973551824162922,0.6886245084587381,0.28487290196192283,32303.02361447547,10.38291611518485,0.9309269028619838,0.6145455552237777,-0.07737071731053335,False,United Kingdom
United Kingdom,GBR,2004,51.06884451463908,36.976367854631775,14.170748763853902,1.2,United Kingdom,0.829709007319343,0.8173600750701611,0.7084960433657116,0.7131894295384177,0.6103337833109184,32287.642703374684,10.382439857165902,-0.04762580189474619,0.9309269028619838,-1.0657569011655472,False,United Kingdom
United Kingdom,GBR,2005,50.578719270572776,36.17394785086724,14.892260180131997,1.2,United Kingdom,0.8101037186342965,0.8289191423940608,0.7094435989001007,0.6840954978392116,0.18114934953468032,31331.575408524277,10.352381667026876,-3.0058190139026664,-0.04762580189474619,-3.993535622431117,False,United Kingdom
United Kingdom,GBR,2006,51.261166682825916,36.49857315440932,14.79728174772553,1.2,United Kingdom,0.8103080038968623,0.821328749941713,0.7662097335237855,0.6932074576614986,0.10687692309474384,33136.276608628745,10.408383931277635,5.600226425075938,-3.0058190139026664,4.7044537043149495,False,United Kingdom
United Kingdom,GBR,2007,50.967079745510944,36.24335328986214,14.827190742743126,1.2,United Kingdom,0.8040700626646833,0.8128795574238913,0.7232703004196813,0.6945093523533237,0.8059925497751581,32477.780429257684,10.388311455402933,-2.007247587470218,5.600226425075938,-3.17050563432525,False,United Kingdom
United Kingdom,GBR,2008,51.03922925637346,36.642069912474994,14.522680713900243,1.2,United Kingdom,0.8142103674480582,0.8154841353210905,0.7422285573681845,0.6948631205037475,0.6016118201463312,33398.233573373145,10.416258290541467,2.7946835138534354,-2.007247587470218,1.8678740985361162,False,United Kingdom
United Kingdom,GBR,2009,50.875658080249245,36.584619698095864,14.542162377450884,1.2,United Kingdom,0.820488600703257,0.8213004345273347,0.7243999068767962,0.6841572922467495,0.6109809888509917,32989.339073425326,10.403939729872967,-1.2318560668500567,2.7946835138534354,-2.3079147646195874,False,United Kingdom
United Kingdom,GBR,2010,51.201023772660655,35.94339247253848,14.981639234882005,1.2,United Kingdom,0.8314941972826371,0.8254761168954099,0.7428383130842647,0.7217975874317605,0.23687055897448206,34310.5458066566,10.443208043818549,3.926831394558228,-1.2318560668500567,2.975921960804537,False,United Kingdom
United Kingdom,GBR,2011,50.62955607392656,36.46189450537792,14.82656645285933,1.2,United Kingdom,0.812815927344308,0.8307144148831968,0.7256353410440366,0.7158483796961365,0.6675498992914705,35980.610616953156,10.490735478370889,4.752743455233954,3.926831394558228,3.6414963602842962,False,United Kingdom
United Kingdom,GBR,2012,50.68648688712411,36.28563931178191,14.510151656082424,1.2,United Kingdom,0.8223947746170589,0.8067544218789068,0.7846092097380545,0.6742791395427578,0.16801420774486342,35752.9106473143,10.484386961516085,-0.6348516854803421,4.752743455233954,-1.771769032631349,False,United Kingdom
United Kingdom,GBR,2013,50.89895040970782,36.21840741083864,14.905532982257858,1.2,United Kingdom,0.826337768809321,0.834613750758351,0.7399982387508347,0.6997906894932543,0.023638586046336396,34404.61576241975,10.445946013500382,-3.844094801570286,-0.6348516854803421,-4.813559785926461,False,United Kingdom
United Kingdom,GBR,2014,51.12294853719861,36.13653111380411,14.98669581979634,1.2,United Kingdom,0.8322458443762614,0.8647137756222423,0.7182823007381088,0.7127639922071113,0.39090599590551467,35810.85693868902,10.486006392856646,4.006037935626416,-3.844094801570286,3.1363197452546636,False,United Kingdom
United Kingdom,GBR,2015,50.34593698065316,35.53821672920414,15.468995256155422,1.2,United Kingdom,0.8191171795164874,0.8707113662695738,0.7211319702054441,0.7290319386978956,0.42819961492561476,38542.2948281791,10.559511484258449,7.35050914018025,4.006037935626416,6.23680021910887,False,United Kingdom
United Kingdom,GBR,2016,51.35629031781634,35.436342069628886,15.604212940021588,1.2,United Kingdom,0.829763839534621,0.851844822264288,0.7528411625610786,0.6946162966106659,0.5783869170064091,39793.79537019264,10.591466283898315,3.195479963986614,7.35050914018025,1.9778212117058374,False,United Kingdom
United Kingdom,GBR,2017,50.841624708802705,35.5587881839362,15.440933285775134,1.2,United Kingdom,0.8162087225901251,0.8121371153880779,0.7229542320521397,0.673482279587749,0.22665640222698802,40781.33143328218,10.61597969276865,2.4513408870335596,3.195479963986614,1.3628249962453114,False,United Kingdom
United Kingdom,GBR,2018,51.24170359177275,36.45096009661781,14.684520177120648,1.2,United Kingdom,0.8141343592043727,0.8101836546904334,0.7175401143397625,0.6926833807435628,0.8003565078223616,42599.88593544171,10.659606854682087,4.36271619134363,2.4513408870335596,3.2973289587840013,False,United Kingdom
United Kingdom,GBR,2019,51.20956990361145,35.51585360341132,15.504531574063206,1.2,United Kingdom,0.8223378591179075,0.791219946193835,0.7467216778504059,0.7156577594823998,0.5329577865513353,44429.62112936544,10.701661668532926,4.205481385083942,4.36271619134363,3.080686512838163,False,United Kingdom
United Kingdom,GBR,2020,50.838701226929096,36.03140199302378,15.077116899634618,1.2,United Kingdom,0.8082739674313868,0.7836046054057847,0.7413465287037856,0.725963729066974,0.7306505102392461,44213.263757818466,10.696780108067804,-0.48815604651224476,4.205481385083942,-1.6080638886204397,False,United Kingdom
United Kingdom,GBR,2021,50.62747334133648,35.37380570570221,15.585380577410024,1.2,United Kingdom,0.8129498814424159,0.8118344998892617,0.7428214315486088,0.6925275070543017,0.17530294235765964,44223.232110290555,10.697005543334464,0.022543526666041203,-0.48815604651224476,-0.951480918955379,False,United Kingdom
United Kingdom,GBR,2022,50.58680530334389,35.36669474474053,15.927708168557505,1.2,United Kingdom,0.8100930761136229,0.8226813478113587,0.7107845871466067,0.69020465155192,0.45037093625818514,45918.47251056199,10.73462276629737,3.7617222962905927,0.022543526666041203,2.771824748111641,False,United Kingdom
Greece,GRC,1990,51.74954465416855,34.12565475409111,17.859945527420937,1.2,Greece,0.68989860140586,0.6775948478915479,0.6183307575829102,0.5932268939232239,0.66231373873072,21573.301471923696,9.979211786174593,,,,False,Greece
Greece,GRC,1991,51.733058803195476,35.000668512435915,16.900882069811,1.2,Greece,0.6873138025257499,0.6991222437507791,0.615739491534364,0.5909904785053212,0.8585064545515545,22446.179757011072,10.018875711964835,3.9663925790241805,,,False,Greece
Greece,GRC,1992,52.14559098491894,34.90900787822929,17.19556087392052,1.2,Greece,0.6840191895517392,0.6695799230092366,0.6325277925942696,0.6044407039346905,0.252314736135153,23094.800212674367,10.047362772152873,2.8487060188037816,3.9663925790241805,0.4766561206364899,False,Greece
Greece,GRC,1993,52.29875761731171,34.44346335327723,17.36968883389318,1.2,Greece,0.6793531139496749,0.6808105959099852,0.6128817423747414,0.5744452870812584,0.4754757152327337,23919.29102170769,10.082440568064593,3.507779591171989,2.8487060188037816,1.376750288150932,False,Greece
Greece,GRC,1994,51.864647392828175,33.600928044177905,18.171406610429905,1.2,Greece,0.6764928955537651,0.6974927789027765,0.615621437962759,0.5683362322515035,0.5489096316400717,24569.00642189108,10.109241026028089,2.680045796349617,3.507779591171989,0.406892296517948,False,Greece
Greece,GRC,1995,51.79844567807164,33.62877352083239,18.30806858193661,1.2,Greece,0.6860309468494884,0.6690202412745475,0.6671316504981174,0.5884218110416247,0.4608983382065819,24244.902477466265,10.095961667154224,-1.3279358873864666,2.680045796349617,-3.422594897840542,False,Greece
Greece,GRC,1996,52.74154272281664,34.691879674072666,17.34222196313127,1.2,Greece,0.683788105294966,0.6913446897194092,0.6035478520768248,0.5875140156518105,0.8388538619040689,24996.542118394922,10.126492779019696,3.0531111865471416,-1.3279358873864666,1.8227429040398986,False,Greece
Greece,GRC,1997,52.07694759353306,34.21253303210971,17.874517759324508,1.2,Greece,0.6921819471175427,0.7133293132251072,0.6404076924072479,0.5820529204260291,0.7253716002348575,26264.295873186893,10.175965724469288,4.947294544959213,3.0531111865471416,2.7721868241295393,False,Greece
Greece,GRC,1998,52.25771381745332,36.01987637243929,16.021673747083533,1.2,Greece,0.6777905773849524,0.6592277246193714,0.6114660121945229,0.5798679017736739,0.6313759776433766,26624.07227749693,10.189571058366985,1.3605333897697136,4.947294544959213,-1.223040547447626,False,Greece
Greece,GRC,1999,52.380287068241174,33.20284194727118,18.625722771973326,1.2,Greece,0.6708367908092658,0.6540983767333403,0.6009456105502325,0.5763635255516598,0.7755052967189994,27596.891026065874,10.225458401377312,3.588734301032659,1.3605333897697136,1.7786180925194213,False,Greece
Greece,GRC,2000,51.6223580620947,34.52280853113974,17.686797384383713,1.2,Greece,0.6697741464972792,0.6637149189597932,0.6032746337872772,0.5640246043243806,0.9757788185489327,28496.209524059723,10.25752635825577,3.206795687845876,3.588734301032659,0.9161849213305473,False,Greece
Greece,GRC,2001,52.06883810933753,33.75282336989625,18.14269414381755,1.2,Greece,0.6656409047613148,0.6393245884327646,0.6046969992908194,0.5231428565240208,0.44066488342429355,30618.30976362783,10.32935346728402,7.182710902825029,3.206795687845876,4.9744622896503055,False,Greece
Greece,GRC,2002,51.65147999231969,32.98280430539125,18.836122652072383,1.2,Greece,0.6801522702061745,0.7011092928354776,0.5893822832693292,0.5786175764659116,0.982739540910386,30998.512348910124,10.341694493570952,1.2341026286931012,7.182710902825029,-1.8315218226381456,False,Greece
Greece,GRC,2003,52.371448090446954,33.39226629023735,18.47472136569032,1.2,Greece,0.6781855093075249,0.6760587692568986,0.630278588656813,0.6105211351097568,0.4151456539927457,31346.93175652133,10.352871670666046,1.1177177095094137,1.2341026286931012,-0.665134668191125,False,Greece
Greece,GRC,2004,52.54786280407204,34.666440842259966,17.106804952656088,1.2,Greece,0.6939928334127006,0.6863541879781933,0.6347981029748228,0.5801980948736576,0.6487471138950182,31863.90685329521,10.369229201598834,1.6357530932788578,1.1177177095094137,-0.12200176291067044,False,Greece
Greece,GRC,2005,52.60397393643838,35.706969206100894,16.411294939669602,1.2,Greece,0.668003024716347,0.6216801474569694,0.6183630061507552,0.5512386455495902,0.5128747423052678,32403.307599969736,10.386015782988776,1.6786581389942157,1.6357530932788578,-0.19080710268862888,False,Greece
Greece,GRC,2006,52.23435436156712,34.25026681800168,17.960262065521434,1.2,Greece,0.6889658865423602,0.6555208910510139,0.6200142930674406,0.5860422075282934,0.9206914007786196,30842.16382961339,10.336637988303286,-4.937779468549053,1.6786581389942157,-6.8164968566038215,False,Greece
Greece,GRC,2007,52.22750590979322,33.897922923041456,18.128436762360703,1.2,Greece,0.6754215161381751,0.672234271495257,0.600467709276342,0.5471473464786456,0.219634928594569,30864.42276593464,10.337359432755646,0.07214444523597763,-4.937779468549053,-0.379788559186633,False,Greece
Greece,GRC,2008,52.0705359829455,33.39466516418506,18.84843131911448,1.2,Greece,0.6847881874821308,0.6983797011853436,0.6192977582041017,0.5763021153538052,0.9288079606878853,31759.38460550511,10.365943538772374,2.858410601672823,0.07214444523597763,1.3261256575259712,False,Greece
Greece,GRC,2009,52.08618722831091,34.66252812704143,17.487234650155063,1.2,Greece,0.6700485151814662,0.6664184519387529,0.5595023627344625,0.5731107711819541,0.3748249243499977,32386.705642870093,10.38550329791177,1.9559759139395894,2.858410601672823,-0.17714610847345957,False,Greece
Greece,GRC,2010,51.752760783598156,33.63613217380862,18.114119304049833,1.2,Greece,0.6945558081848936,0.7107050448971425,0.6229704697027934,0.5812965872538779,0.8024017844513243,32257.8008988534,10.38151518131019,-0.39881166015796055,1.9559759139395894,-2.337330514510028,False,Greece
Greece,GRC,2011,52.206295745352705,34.24036328744838,17.868859078730107,1.2,Greece,0.6730774967073411,0.6336990338590194,0.6078385096227692,0.6129573930041148,0.8614456860213242,32259.6274140796,10.38157180214194,0.00566208317493988,-0.39881166015796055,-1.4250647633354718,False,Greece
Greece,GRC,2012,51.98719507113176,34.203106153022965,17.87947212602152,1.2,Greece,0.6778757107008954,0.7079599963574938,0.6098848252159503,0.5821216428808538,0.9868959453882975,32560.66155168874,10.39086013783663,0.9288335694689565,0.00566208317493988,-0.5891149595853498,False,Greece
Greece,GRC,2013,52.200525305585806,33.31799285138561,18.548070862999953,1.2,Greece,0.6718698562773987,0.6883354545909528,0.609198101111894,0.571441642874462,0.8575306077519237,32428.883558799753,10.386804772523131,-0.4055365313497816,0.9288335694689565,-2.1225599611568913,False,Greece
Greece,GRC,2014,51.84204799104516,33.78498101840855,17.990033110571023,1.2,Greece,0.6828841114871607,0.671630270998356,0.5861726375355322,0.5701087531551112,0.8188692705204715,32578.331474800543,10.391402667670887,0.45978951477554375,-0.4055365313497816,-0.9694871644745451,False,Greece
Greece,GRC,2015,52.1612301562682,34.99879664637608,17.395642544012684,1.2,Greece,0.6900182485368194,0.6800668317691152,0.6053763538329168,0.5713214489066907,0.0681866197654627,32702.725201098434,10.395213692895936,0.38110252250493915,0.45978951477554375,-1.234775128838379,False,Greece
Greece,GRC,2016,51.93174117539103,33.45214489276496,18.598893777586238,1.2,Greece,0.6823538826054801,0.6558380071783951,0.6009383591802855,0.5467112655079936,0.3768668803471885,34235.211707610484,10.441009975488445,4.5796282592508675,0.38110252250493915,2.980718858562356,False,Greece
Greece,GRC,2017,52.250684478365876,33.702614195692604,18.274602525696782,1.2,Greece,0.6592441199092147,0.6575227260533969,0.5903132987128558,0.5538235776591053,0.29806620117000415,35963.80704945081,10.490268351987691,4.925837649924603,4.5796282592508675,2.4215481473157965,False,Greece
Greece,GRC,2018,52.08114561583306,35.086379124561965,16.731821336535287,1.2,Greece,0.6707941710599412,0.6609443632432679,0.5960188432704858,0.5759476884189176,0.6349066591531628,37690.34141641142,10.537159144761183,4.689079277349251,4.925837649924603,2.1101323561445327,False,Greece
Greece,GRC,2019,51.817528081198816,34.88967426868082,16.955030849689507,1.2,Greece,0.6818106274277109,0.7078761881740322,0.6253528806927956,0.5712907569492247,0.16881000578456418,38926.62433955698,10.569433725813724,3.227458105254044,4.689079277349251,0.699566324099246,False,Greece
Greece,GRC,2020,51.56290437376562,36.57919007894638,15.2811656291071,1.2,Greece,0.6956986643625998,0.6970714053311541,0.6133441867007372,0.5735260724693686,0.2889685249210585,38877.97872848729,10.568183269786955,-0.12504560267689868,3.227458105254044,-2.3377499088143208,False,Greece
Greece,GRC,2021,52.166438956517595,35.249964126908985,16.885358783446325,1.2,Greece,0.666114574461688,0.6341091523716138,0.5751574631711096,0.5693866384285174,0.6912466637859893,40775.02633759136,10.615825073413994,4.764180362703918,-0.12504560267689868,3.274417950719844,False,Greece
Greece,GRC,2022,51.73718216076683,33.897371688206185,17.978699715191016,1.2,Greece,0.6748759478537588,0.656916195022871,0.6363056462612235,0.5739708677094105,0.7394692332387273,41206.11958608519,10.626342057950433,1.0516984536439011,4.764180362703918,-1.4923883046471889,False,Greece
Hungary,HUN,1990,46.993325661545235,28.62749672573694,18.05992640519509,1.2,Hungary,0.6917240977935127,0.6934469754544402,0.6011089077744494,0.5295384734545937,0.16577454016327575,13519.85563988592,9.511914672016719,,,,False,Hungary
Hungary,HUN,1991,47.08788014704919,28.346535286754726,18.33568520040953,1.2,Hungary,0.6955161978094612,0.7357163835954612,0.6613618264420543,0.5705013115795701,0.5454318694069055,13476.896136741649,9.508732101034829,-0.31825709818900094,,,False,Hungary
Hungary,HUN,1992,46.43660337021023,28.5025726787777,18.282474118458758,1.2,Hungary,0.700207937076754,0.6856478782521713,0.6265292145469818,0.6226742748982046,0.05195657755426841,14047.569634890131,9.550204680076051,4.14725790412227,-0.31825709818900094,2.1002450336871292,False,Hungary
Hungary,HUN,1993,47.123591474638026,29.523900688707474,17.847998272817186,1.2,Hungary,0.6937151513610395,0.7057646955498291,0.6101629619916414,0.5794491576083443,0.33021506487149754,14434.494846668931,9.577376096449637,2.7171416373585444,4.14725790412227,0.9848782664827418,False,Hungary
Hungary,HUN,1994,47.8132236581655,29.01695369752481,17.940285390857092,1.2,Hungary,0.701226703159948,0.7337202723293391,0.6375656183062738,0.5909956276434299,0.8795818549515292,14422.312905939854,9.57653179367317,-0.08443027764659661,2.7171416373585444,-1.9174946488644815,False,Hungary
Hungary,HUN,1995,47.13169730881667,28.6554936791875,18.239163242423256,1.2,Hungary,0.696395265957954,0.706623575976553,0.6331051780567803,0.5912976061713936,0.7720124763099904,15095.399184920174,9.62214528663528,4.56134929621097,-0.08443027764659661,2.530817587458453,False,Hungary
Hungary,HUN,1996,47.09805304111641,27.795458329751547,19.058084593968037,1.2,Hungary,0.7088310977714716,0.7072743538312155,0.6343383897225119,0.666368584462648,0.10547369995663058,15923.110878808176,9.675526847269234,5.338156063395338,4.56134929621097,3.635079708656373,False,Hungary
Hungary,HUN,1997,46.92413556610465,29.23741157686467,17.87504299751823,1.2,Hungary,0.710383887557346,0.72049236942168,0.6655349567286257,0.5924634578270573,0.9644766539008116,16194.432075304156,9.69242276308712,1.689591581788541,5.338156063395338,0.041268047519115836,False,Hungary
Hungary,HUN,1998,47.57388644231953,28.64598941930149,18.44724611313797,1.2,Hungary,0.7011327041053776,0.6723671445390303,0.649404012386344,0.5825999167787911,0.5775933658811575,16413.874867239945,9.70588228462215,1.3459521535031271,1.689591581788541,-0.5595385482937463,False,Hungary
Hungary,HUN,1999,46.876898007996466,28.817746441402466,18.131461022987978,1.2,Hungary,0.7118814573470698,0.7226163298073189,0.6560011158957715,0.6012628095808765,0.53302886724614,15868.718533521405,9.672105062529962,-3.3777222092188808,1.3459521535031271,-5.307434157171172,False,Hungary
Hungary,HUN,2000,46.480037269037304,28.64236831437435,18.530031695708075,1.2,Hungary,0.7048473281729447,0.6879201950731273,0.6214915987093009,0.6197194452986262,0.857179256998753,15992.091825366058,9.679849618120107,0.7744555590145197,-3.3777222092188808,-1.4882021165813915,False,Hungary
Hungary,HUN,2001,46.66190362693974,28.911166788425657,18.35455942494423,1.2,Hungary,0.6973445316198157,0.7070130413821077,0.616679930567659,0.5824285104781832,0.8939897100078704,16172.079598421704,9.691041552738513,1.1191934618405952,0.7744555590145197,-0.8508001259722837,False,Hungary
Hungary,HUN,2002,46.54557356726194,29.13089999992194,18.03492421429127,1.2,Hungary,0.6904487742065064,0.6989207555183756,0.6626543951707188,0.565530799790445,0.08346408498938329,16614.570049570655,9.718035303208651,2.6993750470138522,1.1191934618405952,0.7536801307623682,False,Hungary
Hungary,HUN,2003,46.992710784868756,29.802421269954014,17.27048562785264,1.2,Hungary,0.7019152096386596,0.7067399723917666,0.6421495944867088,0.5967441393637097,0.4177609792750997,16862.91146816636,9.73287190159214,1.4836598383489275,2.6993750470138522,-0.3506568017376037,False,Hungary
Hungary,HUN,2004,47.08736942505421,29.5323329495167,17.762389328933917,1.2,Hungary,0.6893760647185312,0.6979422066626841,0.6166955729465872,0.6056842549243487,0.16223340578247936,17323.619837141014,9.759826157804948,2.6954256212807337,1.4836598383489275,0.7754199277847054,False,Hungary
Hungary,HUN,2005,46.904768433548696,30.34039099417461,16.6266788003166,1.2,Hungary,0.700327244915407,0.6949889506751206,0.6661529722504839,0.5997572637398906,0.8902580530178021,18467.372142916327,9.82376078602256,6.3934628217612754,2.6954256212807337,4.558867808458575,False,Hungary
Hungary,HUN,2006,47.374627331723154,28.48540429556838,18.2972821325135,1.2,Hungary,0.7019438430157733,0.6948805171595596,0.6385191355834298,0.5907442383606267,0.8190635138616561,18543.13595987727,9.827854970440786,0.40941844182249554,6.3934628217612754,-1.1645223451254343,False,Hungary
Hungary,HUN,2007,46.7984263928961,29.536632444107997,17.758846282726008,1.2,Hungary,0.7180787615879919,0.7250944651030881,0.6401976549517129,0.5712614188235912,0.8216368977104717,18640.87370543032,9.833111959750019,0.5256989309232907,0.40941844182249554,-1.4700241080049254,False,Hungary
Hungary,HUN,2008,46.4386345651817,29.05423575658477,18.318227755694206,1.2,Hungary,0.678781451009914,0.6666250112680254,0.6368431968401448,0.5765068721124493,0.33520804737087273,18281.571621035593,9.813648816205049,-1.9463143544969697,0.5256989309232907,-3.933841423702982,False,Hungary
Hungary,HUN,2009,47.17266395299997,28.863799796401956,17.854236317808482,1.2,Hungary,0.7054581717456201,0.6886605538154054,0.6236066590430764,0.5914252728017287,0.3479414115821666,18642.453245166067,9.833196691444632,1.9547875239583234,-1.9463143544969697,-0.20697811439085578,False,Hungary
Hungary,HUN,2010,46.93877914548547,29.399130396879848,17.502538480127054,1.2,Hungary,0.7161537568946944,0.7097073475104676,0.6688815516217349,0.6391570143989392,0.3523749466096544,19561.608020718217,9.881324149857951,4.812745841331889,1.9547875239583234,2.9259473374203444,True,Hungary
Hungary,HUN,2011,47.07677205503127,28.94788606758042,18.18246356070019,1.2,Hungary,0.6739697679860278,0.6984724149493853,0.6073317999132339,0.5755851946312963,0.12626474156450274,18925.227627504482,9.848251106106735,-3.307304375121589,4.812745841331889,-4.992661175290298,True,Hungary
Hungary,HUN,2012,46.87434537682249,29.302316829507248,18.14362953877466,1.2,Hungary,0.6382096020884019,0.6619631898576332,0.5650962959335939,0.5465013548925984,0.1748814371759594,18925.68734000852,9.848275396801133,0.0024290694398132473,-3.307304375121589,-2.2552652417892323,True,Hungary
Hungary,HUN,2013,47.41037223521629,27.986073119083088,18.843495119723794,1.2,Hungary,0.6209793325548333,0.6314646261076967,0.5486974944896407,0.5433830574879072,0.6428819100587077,19324.607048205653,9.869134539391482,2.0859142590348156,0.0024290694398132473,0.06150478613042498,True,Hungary
Hungary,HUN,2014,47.29134170204687,29.14313247436092,17.862471963044253,1.2,Hungary,0.6012637957954641,0.6400423757766298,0.5211307897238062,0.4975193270156474,0.03318935456242622,20203.936314409453,9.913632731455152,4.449819206367067,2.0859142590348156,2.5722631020942686,True,Hungary
Hungary,HUN,2015,47.117159178895854,29.49597961657273,17.78425763843405,1.2,Hungary,0.5852868261069639,0.5589518491705228,0.5412303552408451,0.5108430178237056,0.6649849034759953,20840.079618477088,9.944633316324357,3.1000584869204317,4.449819206367067,1.389120991877155,True,Hungary
Hungary,HUN,2016,47.247328118715494,29.588517358305605,17.595712790973355,1.2,Hungary,0.5540981865692851,0.5492730334769143,0.5121398419364113,0.5089810972817966,0.11098946921348107,21460.36184857365,9.973962877579051,2.932956125469488,3.1000584869204317,1.1268814489923131,True,Hungary
Hungary,HUN,2017,46.918721560952655,28.852377414193455,17.96182475238043,1.2,Hungary,0.5079512144586766,0.4624113903080156,0.45997266154336397,0.4537704844251014,0.38040054897040965,21745.154078919208,9.987146210723775,1.3183333144723974,2.932956125469488,-0.49951948493452814,True,Hungary
Hungary,HUN,2018,47.07108458346379,29.34440364848834,17.63890659486634,1.2,Hungary,0.49464671814046074,0.4928360524943775,0.45182165293779497,0.4242597040149729,0.28003732955048943,22494.410059463695,10.02102211552412,3.387590480034497,1.3183333144723974,1.4559318325953983,True,Hungary
Hungary,HUN,2019,46.62580475909175,29.914084681523395,17.31008344875724,1.2,Hungary,0.4706477776719937,0.4856595147487092,0.4275025005820864,0.4063901993766627,0.8049067768414386,23628.783285086214,10.070220878592323,4.919876306820292,3.387590480034497,3.134068173147947,True,Hungary
Hungary,HUN,2020,46.582794371007424,28.881791245125473,18.405949851346374,1.2,Hungary,0.440645612979554,0.46236525530305467,0.38586178277931765,0.3907099269982438,0.872753839566128,22889.91706106567,10.038451789570265,-3.1769089022057884,4.919876306820292,-4.854714667301816,True,Hungary
Hungary,HUN,2021,47.69773393756451,29.024181429131755,18.279106590986125,1.2,Hungary,0.42839514483818836,0.415479717825457,0.3673415538930749,0.36597316802542995,0.24189382825883898,23847.99884932198,10.079455587107402,4.100379753713668,-3.1769089022057884,1.8518762994907703,True,Hungary
Hungary,HUN,2022,46.90233649654414,29.091928782749765,18.01005086694554,1.2,Hungary,0.3998058039411226,0.39374220828443707,0.37582406158585135,0.3075087211812224,0.2972378077086172,24254.302114208363,10.096349287402388,1.6893700294986047,4.100379753713668,-0.04619752339735417,True,Hungary
Indonesia,IDN,1990,38.146815181681525,34.79746075747563,3.1506973906613496,1.2,Indonesia,0.540213832954294,0.5819826884116925,0.45447278341410546,0.421583270308369,0.5409050038380808,4485.273779294074,8.408554815950692,,,,False,Indonesia
Indonesia,IDN,1991,38.06452944074571,35.07041597494834,3.0840919865682093,1.2,Indonesia,0.540859266963228,0.5619636439898488,0.48678225015065607,0.43378700448104623,0.41195809503410197,4472.737202896388,8.405755849839325,-0.2798966111367207,,,False,Indonesia
Indonesia,IDN,1992,37.75726220451769,34.91883871627194,3.0946955353405974,1.2,Indonesia,0.5332782117284309,0.5517636145191875,0.4596724715097371,0.45500022319723343,0.6056378893234114,4474.385708131685,8.406124349360422,0.03684995210964104,-0.2798966111367207,-1.8619616714575347,False,Indonesia
Indonesia,IDN,1993,38.66195759214212,34.7993775316021,3.0958679126896564,1.2,Indonesia,0.5266426900508028,0.510853782845983,0.482648215394693,0.43152493536818626,0.2062521138361526,4543.83386461107,8.42152639824736,1.5402048886938857,0.03684995210964104,-0.30642604268815377,False,Indonesia
Indonesia,IDN,1994,38.02940057422982,35.08584478237576,3.381724241458674,1.2,Indonesia,0.5385845111665667,0.5338920997674185,0.4854908199491106,0.4288250061989108,0.419271661166022,4905.536176980694,8.498119678355723,7.659328010836219,1.5402048886938857,6.060359123161637,False,Indonesia
Indonesia,IDN,1995,37.7603582765321,34.83967940480578,3.0900156481655587,1.2,Indonesia,0.5295429976890322,0.5142431587139097,0.5171612764055264,0.46928107858777246,0.6886316293078756,4904.240708203788,8.497855560466071,-0.026411788965141625,7.659328010836219,-0.6173189732800248,False,Indonesia
Indonesia,IDN,1996,38.09572845020707,34.976643919400196,3.275179050466757,1.2,Indonesia,0.5328063640449013,0.567978773728804,0.4869678370925485,0.4606685933515247,0.8433261677878832,4958.801013643079,8.508919259376949,1.1063698910877662,-0.026411788965141625,-0.7506827522278974,False,Indonesia
Indonesia,IDN,1997,38.81119553218382,35.177350704012156,2.90149682587625,1.2,Indonesia,0.5091418414107671,0.5054044494737592,0.45344940043000986,0.4613736779303496,0.1834421964034345,4752.653975186018,8.466458472614402,-4.246078676254683,1.1063698910877662,-5.916517354279025,False,Indonesia
Indonesia,IDN,1998,37.7171960256406,35.46696746202966,2.7203464091417007,1.2,Indonesia,0.5219996143560236,0.5207291228637165,0.494548415614104,0.43455363910088424,0.9017740285462287,4933.336252652439,8.503770762837794,3.7312290223391997,-4.246078676254683,1.1790302763704519,False,Indonesia
Indonesia,IDN,1999,37.98094739766852,35.180214699272504,2.9660837823156823,1.2,Indonesia,0.5272429780707913,0.546056900947245,0.484441978375671,0.4490418908271549,0.06656472791422285,4798.540418066798,8.476067071084998,-2.770369175279619,3.7312290223391997,-4.008389692382531,False,Indonesia
Indonesia,IDN,2000,38.067289192154476,35.56360043226192,2.5565914246780617,1.2,Indonesia,0.5239329970523471,0.5281586708979366,0.4955412764756496,0.4355049985443709,0.4334722327556344,4764.002032487088,8.46884335710967,-0.7223713975328394,-2.770369175279619,-3.03146239693018,False,Indonesia
Indonesia,IDN,2001,38.20324545262742,35.12117914673983,2.730048667841049,1.2,Indonesia,0.5192212818862282,0.5054469285577698,0.44221317643889035,0.411919914459542,0.06871367772396098,5008.252707550412,8.518842372279678,4.999901517000893,-0.7223713975328394,3.028196788005888,False,Indonesia
Indonesia,IDN,2002,38.39034750459561,35.475581836815586,2.6511024713898848,1.2,Indonesia,0.5239525533546179,0.47984123221263647,0.48949862195689875,0.47085717117699966,0.7087656552291542,4792.15735650226,8.47473597658968,-4.410639568999919,4.999901517000893,-5.439659526635985,False,Indonesia
Indonesia,IDN,2003,38.84379477447162,34.2563477509041,3.4018070283138653,1.2,Indonesia,0.5279104584477599,0.5701131700894723,0.48049009233228007,0.47898407500067564,0.06646332577627212,4901.790474929263,8.49735582040207,2.261984381239124,-4.410639568999919,-0.31732405520911167,False,Indonesia
Indonesia,IDN,2004,37.74475411328519,35.02935173283376,2.7551316176454974,1.2,Indonesia,0.5345728040461525,0.5636892504890878,0.4952056544380317,0.47016801718674,0.8030020719578371,5117.6059638211955,8.540442023490336,4.308620308826505,2.261984381239124,2.828557063379059,False,Indonesia
Indonesia,IDN,2005,38.10051271026122,35.43529401382916,2.575045650456569,1.2,Indonesia,0.5185573856860829,0.5197031927751432,0.48818659179636786,0.47129750418040367,0.7422531871990872,5454.156758754122,8.604133304971612,6.369128148127601,4.308620308826505,5.226226822474731,False,Indonesia
Indonesia,IDN,2006,38.180902056028,34.75488342814569,3.1704347844895366,1.2,Indonesia,0.5255695597887152,0.5159797004407304,0.47894411471265896,0.45599782172575964,0.9082284887003229,5412.689932538653,8.59650146315716,-0.7631841814450979,6.369128148127601,-1.5666383345519987,False,Indonesia
Indonesia,IDN,2007,37.441254574212564,34.50802305113973,3.2915017997070266,1.2,Indonesia,0.5354140756887259,0.5642484109077269,0.4975552199371473,0.46131378951287105,0.5788067545119405,5419.614140453008,8.597779900101097,0.12784369439362564,-0.7631841814450979,-1.8505845150165012,False,Indonesia
Indonesia,IDN,2008,37.963458432784,34.9645785381963,2.941736322223809,1.2,Indonesia,0.5196747609647246,0.5276333019636609,0.5038934118629144,0.4373626289121684,0.2709426983163654,5821.386881677861,8.669293808158482,7.151390805738522,0.12784369439362564,5.31975014420576,False,Indonesia
Indonesia,IDN,2009,38.2178295084339,34.47972986220925,3.334055440202333,1.2,Indonesia,0.5236968752074702,0.5035357656652313,0.4561654811529792,0.43139465768453567,0.42485084286808694,5933.438075403811,8.688359100614198,1.9065292455715976,7.151390805738522,1.2319447052123922,False,Indonesia
Indonesia,IDN,2010,38.05190214189567,34.6329302369915,2.9958074495856155,1.2,Indonesia,0.5301561833394961,0.548201726815229,0.4589854414026081,0.481018434311407,0.8218309465853593,5921.049543077619,8.686268999846478,-0.20901007677203154,1.9065292455715976,-1.747630847926447,False,Indonesia
Indonesia,IDN,2011,37.93545525026866,34.858748095025305,2.9785738225053624,1.2,Indonesia,0.5410833768663715,0.553019032459871,0.5055071493406226,0.43794985352028787,0.2640619846937188,5912.022458264593,8.684743261380056,-0.15257384664213447,-0.20901007677203154,-2.039707653118433,False,Indonesia
Indonesia,IDN,2012,38.027240007083016,35.24079349395241,2.8801648225577026,1.2,Indonesia,0.5317183933979354,0.5427834177976311,0.4550346619456448,0.4340592375427129,0.1909265850716435,5857.769662624142,8.67552420647535,-0.9219054904706425,-0.15257384664213447,-2.7997420167418605,False,Indonesia
Indonesia,IDN,2013,37.86315314116539,35.10113854095518,2.9863925937516833,1.2,Indonesia,0.5198668416440227,0.5338905681654302,0.43736156310416857,0.4542443114067107,0.6619689447938686,5897.6601006833225,8.682310958125445,0.6786751650095013,-0.9219054904706425,-1.3259007243773206,False,Indonesia
Indonesia,IDN,2014,38.23711804308985,35.22774425116285,2.9681728170683486,1.2,Indonesia,0.5355229993767953,0.5480356180497152,0.46803526307052423,0.46683508081197045,0.08838494698451871,6208.151937238045,8.733618535989793,5.130757786434792,0.6786751650095013,3.3898608637432845,False,Indonesia
Indonesia,IDN,2015,37.74007515840217,34.29089824976168,3.711881392104821,1.2,Indonesia,0.5205057567327424,0.5492004563260292,0.4592536559767982,0.44110214087103156,0.2595764492750492,6497.656575135664,8.779196863976075,4.557832798628247,5.130757786434792,3.5503700463674916,False,Indonesia
Indonesia,IDN,2016,37.80522112411696,34.64198934020723,3.0608982591465512,1.2,Indonesia,0.533496500472997,0.5022004450457559,0.4820537344145235,0.4482030610804025,0.32302734575409386,6398.7095520141875,8.763851616519416,-1.534524745665955,4.557832798628247,-2.6363709132588404,False,Indonesia
Indonesia,IDN,2017,38.02579804422429,35.017269880068554,2.823921411591678,1.2,Indonesia,0.536707409459502,0.5308622142214666,0.4736536879130356,0.4690938629669306,0.5767023988577563,6567.875962032648,8.789945765757933,2.609414923851716,-1.534524745665955,0.5039164026471958,False,Indonesia
Indonesia,IDN,2018,38.04527645804195,35.12831866600752,2.9875377282566613,1.2,Indonesia,0.5375678867998699,0.549817262680142,0.46347743554835297,0.45205109430640533,0.022425889162055124,6619.993423566895,8.797849655511662,0.7903889753729132,2.609414923851716,-0.6324387123656345,False,Indonesia
Indonesia,IDN,2019,38.14552453011924,34.52409038814972,3.2603973460768123,1.2,Indonesia,0.5421479705689439,0.5301965978536046,0.45169239548945717,0.473636446816223,0.6543420054927197,6907.785801923367,8.840404431536756,4.255477602509394,0.7903889753729132,2.532984364743958,False,Indonesia
Indonesia,IDN,2020,37.72295606602001,34.35644785237113,3.434763333335142,1.2,Indonesia,0.5362206999030605,0.5627993662937687,0.49033480032653853,0.4776072034213208,0.5633953507126401,7013.538532849419,8.855597636241649,1.5193204704893049,4.255477602509394,0.3676644383234513,False,Indonesia
Indonesia,IDN,2021,37.729248048067014,34.99001572274069,2.948989633516699,1.2,Indonesia,0.5396676046260895,0.5462790724785983,0.5183798078339535,0.4938129748291078,0.9906791570657658,7231.980383657627,8.886268189631611,3.067055338996205,1.5193204704893049,1.464645961276112,False,Indonesia
Indonesia,IDN,2022,37.581898254690145,35.31935555629953,2.869163167880429,1.2,Indonesia,0.5264858576428627,0.5577541248195048,0.45746869855973643,0.4781603334899956,0.228875462483499,7342.209098966684,8.901395043488703,1.5126853857092115,3.067055338996205,0.1652491825360669,False,Indonesia
India,IND,1990,52.009314160146566,50.100659769706276,1.8489276672130568,1.2,India,0.554929243844765,0.5215602128065441,0.4728700204309875,0.4732393316427949,0.9706765454097441,3323.6740018865257,8.108826077124407,,,,False,India
India,IND,1991,52.05951434818793,50.00358567780248,1.8429709084913932,1.2,India,0.5576959928579424,0.5392113299725763,0.5197303617946439,0.49474658062372606,0.42272863689393225,3448.8454481286103,8.145794801300344,3.6968724175936885,,,False,India
India,IND,1992,52.117217507826666,50.632799069172606,1.4762655832208063,1.2,India,0.5489174253818402,0.5156925621277118,0.47745537412090616,0.45332412199867683,0.48303969755889,3655.761417700831,8.204059672704188,5.826487140384451,3.6968724175936885,3.28644855793234,False,India
India,IND,1993,52.02636029112422,49.82351568798167,2.254886499491481,1.2,India,0.5507814018687469,0.5307022544271169,0.4998486082698511,0.4695510783291599,0.6036372005593751,4009.6226973020102,8.296452425425455,9.23927527212669,5.826487140384451,7.041413690825763,False,India
India,IND,1994,51.840753451561106,50.45724111058365,1.9855894125747342,1.2,India,0.5591661572472572,0.5628800090420784,0.5071960867744356,0.4590366745217999,0.6236487782902661,4094.0135346397615,8.317281072185423,2.0828646759968095,9.23927527212669,0.4333546796030312,False,India
India,IND,1995,52.13020294703503,50.28880358518039,1.7615672978786165,1.2,India,0.5470041876307241,0.5635988359883076,0.5085316999574836,0.44198829371106313,0.7066298698787096,4204.467930818856,8.343903031896701,2.662195971127801,2.0828646759968095,-0.13717418099466006,False,India
India,IND,1996,51.97174162739475,49.60082415374139,2.1769896272154625,1.2,India,0.5442502053056698,0.5627714528619091,0.502937213326093,0.43188220221094364,0.8660956336116915,4491.203831796206,8.40987605878596,6.5973026889258435,2.662195971127801,3.8910169070040066,False,India
India,IND,1997,51.620637402415625,50.12876240971414,2.226674158337404,1.2,India,0.5655147627523953,0.5723265470804052,0.5167772048957188,0.4541581057733144,0.7011395944174736,4603.760891185364,8.434628833476893,2.4752774690933066,6.5973026889258435,0.4012670943124772,False,India
India,IND,1998,52.477065641686536,49.949552911187546,2.082306645578384,1.2,India,0.5513543427272171,0.5852621118962563,0.4970945037087731,0.46353436858007263,0.25310153917960876,4733.864352037675,8.462497135678959,2.786830220206582,2.4752774690933066,0.05051120654505281,False,India
India,IND,1999,52.174555131792125,50.25353619564885,1.8417843978159492,1.2,India,0.5657205744171415,0.5644767540771553,0.5316355841728374,0.4741809436349715,0.18854060574925113,4738.983781390452,8.463577999592129,0.10808639131703046,2.786830220206582,-2.578173715005316,False,India
India,IND,2000,52.03897895624982,50.20163091870761,1.784409324139963,1.2,India,0.5513560892908582,0.5485375310053058,0.502551286893945,0.4724458934384979,0.43402097270875883,4635.525825688593,8.441504918315864,-2.2073081276264617,0.10808639131703046,-5.323976852189623,False,India
India,IND,2001,52.16954601364293,50.043810859110216,1.4358114778794462,1.2,India,0.5556323576276179,0.5235008156128442,0.5350607999489645,0.4999165855572849,0.6376882468959355,4855.159997120984,8.487797335305174,4.629241698930997,-2.2073081276264617,1.140545703662394,False,India
India,IND,2002,52.392473982063976,50.085512631160896,1.8157937270083297,1.2,India,0.5680753099981881,0.5486104637307374,0.5184514399822109,0.4942228483599625,0.013745554011345251,4766.7615790445625,8.469422439069325,-1.8374896235849647,4.629241698930997,-4.227719265838069,False,India
India,IND,2003,52.034124446045844,50.220883714962916,1.9264835912210907,1.2,India,0.552162343344136,0.5383515222978109,0.4786222707000976,0.4527015476779067,0.06252629574284574,5025.2139012388325,8.522223299432023,5.280086036269793,-1.8374896235849647,1.8508108298081476,False,India
India,IND,2004,51.70189063686806,49.7834288029984,2.275489765513277,1.2,India,0.5770501414720703,0.5710340752277318,0.5516446637030863,0.5104344953611505,0.08114917853623915,5006.897163573611,8.518571673587692,-0.36516258443306526,5.280086036269793,-2.6508174596245597,False,India
India,IND,2005,52.57493346302062,49.5687752666401,2.2785368698977635,1.2,India,0.5649968511030294,0.5744368965214149,0.5100162713510483,0.4951009718047695,0.2002820178676259,5146.875081464717,8.546145029194001,2.7573355606309136,-0.36516258443306526,-0.43537269990419514,False,India
India,IND,2006,52.19813276996453,50.495537233356934,1.604047353496937,1.2,India,0.5741702041298163,0.5877969941935285,0.519839917458123,0.5222834174266845,0.06845871933357806,5192.331500164161,8.554938104605373,0.8793075411372087,2.7573355606309136,-1.8116916356167847,False,India
India,IND,2007,52.23006018799872,50.13054655021455,1.624512494255339,1.2,India,0.5668332899281108,0.5626470135365236,0.5316095218906199,0.5290857463312814,0.2688535143821935,5479.145544636831,8.608704445273355,5.376634066798225,0.8793075411372087,2.3838817189607164,False,India
India,IND,2008,52.109935343971465,49.162795337458164,2.9538262896733887,1.2,India,0.5681034501553631,0.5627106176494259,0.5334324004658797,0.49571166588028004,0.45434542306765513,5638.179892257674,8.637316578269981,2.8612132996626016,5.376634066798225,0.5910713316649394,False,India
India,IND,2009,51.81918419109093,50.32547354363013,1.4559474081501138,1.2,India,0.5466139420027676,0.5604723144633998,0.47983533138731294,0.4990094088264984,0.4425455148147456,6082.3154508084635,8.713140733187673,7.58241549176919,2.8612132996626016,4.90810692710002,False,India
India,IND,2010,52.08185875540773,49.70442428892753,2.3715132271952726,1.2,India,0.5653832402239694,0.5690681985028514,0.4992638950543374,0.4451056675113817,0.021913328775008956,6006.223675038682,8.700551489780995,-1.2589243406678108,7.58241549176919,-3.174651181312079,False,India
India,IND,2011,52.2893652046718,50.14889351521532,1.8446390610456331,1.2,India,0.5602538842054241,0.521860421081471,0.503951740862997,0.46242124609332697,0.9271106288584273,6200.920775695791,8.732453072215336,3.190158243434027,-1.2589243406678108,-0.14615567225510473,False,India
India,IND,2012,51.897354132780386,49.77609886954132,1.9425182973383006,1.2,India,0.5625206034270528,0.55499795580757,0.5412530271348907,0.4577775200264303,0.26023659798522936,6333.746088796033,8.753647139272035,2.119406705669924,3.190158243434027,-0.5020484516674029,False,India
India,IND,2013,52.01694900759797,50.01835767586898,1.7244163167892692,1.2,India,0.557210370696682,0.5516151673267653,0.5172967715480481,0.4804298409835575,0.8141256855911618,6513.613755557917,8.781649689567585,2.800255029555032,2.119406705669924,0.006756287878653122,False,India
India,IND,2014,51.353197598182184,49.90285434215582,1.9141207259482822,1.2,India,0.5530564202926662,0.5596560095118034,0.47759450028865097,0.44775647439953137,0.24995694639762123,6955.742453554713,8.847322849710338,6.567316014275271,2.800255029555032,3.8832129464795266,False,India
India,IND,2015,51.65389752508007,49.92584812338211,2.1058414867178357,1.2,India,0.5894909442530873,0.614384535867823,0.5035203625036182,0.47461814348025283,0.8285555979060814,7216.996946748125,8.884194210008324,3.6871360297986655,6.567316014275271,1.6083075297970533,False,India
India,IND,2016,51.97141426389582,49.57618019315227,2.3302245441828733,1.2,India,0.5533192934790223,0.5734299979985135,0.4750765997711417,0.4430539469627458,0.5056341534219588,7112.886264560909,8.869663384806845,-1.4530825201479303,3.6871360297986655,-3.9946855019921435,False,India
India,IND,2017,52.05853119194287,49.99991798653819,2.1259628146822487,1.2,India,0.5577020036942482,0.5406738750090418,0.5054360317029936,0.5337518831921791,0.19386306793689267,7368.988043005047,8.905035668158144,3.5372283351298606,-1.4530825201479303,0.16971794859908318,False,India
India,IND,2018,52.02837775988731,49.905312736905316,2.2516250063210235,1.2,India,0.564176736984838,0.5811166787386272,0.5112554186625297,0.48284332954428366,0.7483558536657398,7424.48697746516,8.912538867339718,0.750319918157416,3.5372283351298606,-1.8153695638702856,False,India
India,IND,2019,51.45755678593878,50.45997637262529,1.8487221985776154,1.2,India,0.5805654356482954,0.5579476669417771,0.531981533619695,0.47495299770142035,0.17925325573928075,7467.5441826841925,8.918321466736195,0.5782599396477295,0.750319918157416,-2.4352175645030325,False,India
India,IND,2020,51.78585415083439,50.59801466022905,1.5563601982449196,1.2,India,0.5496298243061224,0.5645061382761316,0.49690894081200054,0.5020781341253776,0.1613628010553837,7851.1946405140725,8.968420982702696,5.009951596650097,0.5782599396477295,1.9688282620894908,False,India
India,IND,2021,52.42026455809389,49.936775696185386,1.8537668745378504,1.2,India,0.5529042014525083,0.5277341032390016,0.49327344029877007,0.46379891546551566,0.5192245707802051,7866.345879929268,8.970348923539055,0.19279408363583883,5.009951596650097,-2.136264789221296,False,India
India,IND,2022,52.117136479616164,50.11197534996235,1.987293256905791,1.2,India,0.5458237606581523,0.5578209466548653,0.4883196481617035,0.452091665898469,0.23420337092633414,7934.060094592529,8.978920175357732,0.8571251818677794,0.19279408363583883,-2.2459330882681585,False,India
Ireland,IRL,1990,51.53548443686404,31.4586595446598,19.41957027371113,1.2,Ireland,0.8297372623085236,0.8357132179149589,0.7312944191970027,0.7432513725893498,0.8194278536703651,35476.85717117538,10.476635852206233,,,,False,Ireland
Ireland,IRL,1991,50.70390607326118,30.760671599617247,20.13006352868022,1.2,Ireland,0.8019668274631128,0.807311466480088,0.72434271852989,0.6747584758501258,0.8627707774592256,36239.25969917718,10.497898332221368,2.126248001513531,,,False,Ireland
Ireland,IRL,1992,51.090337422855605,30.580907774628642,20.740364455497502,1.2,Ireland,0.8239457998548422,0.8154306877618104,0.7505611343449187,0.695118764072194,0.32066275473643224,35064.061273413456,10.464931989570694,-3.2966342650674108,2.126248001513531,-5.549695420156999,False,Ireland
Ireland,IRL,1993,50.703241268510794,31.52168838834383,19.690262333819817,1.2,Ireland,0.813725571645235,0.8151867354882262,0.6998782428383669,0.6842685265093068,0.1904134960249102,36039.23628829793,10.49236352082899,2.7431531258296005,-3.2966342650674108,-0.31726232381489616,False,Ireland
Ireland,IRL,1994,51.060001592465476,29.750329989507097,20.71962530103327,1.2,Ireland,0.8155203866155002,0.7912242638977274,0.6898027324293852,0.6885806006527029,0.3207121649842939,35640.431414503466,10.48123598629553,-1.1127534533459382,2.7431531258296005,-3.273970276037079,False,Ireland
Ireland,IRL,1995,50.92889283808807,30.724983605447207,20.418017556751508,1.2,Ireland,0.8210175105077163,0.8276856907555705,0.7377946481381407,0.6902130162738113,0.8750086997439702,34943.871189216385,10.46149837289175,-1.973761340378033,-1.1127534533459382,-4.7090423936877475,False,Ireland
Ireland,IRL,1996,50.97856637908572,31.032183989743267,19.974129143714716,1.2,Ireland,0.8142591742291273,0.8086366645313656,0.7444201920013501,0.7203608356656231,0.5703125078265039,36186.52579355461,10.49644211287676,3.4943739985010325,-1.973761340378033,0.6309067923174361,False,Ireland
Ireland,IRL,1997,50.744937787458284,30.406968544379612,20.655664577086856,1.2,Ireland,0.8075425754976633,0.8179927769018736,0.7885861101016247,0.6920152999940177,0.2835071902709394,37138.59784321189,10.522412080914862,2.5969968038101143,3.4943739985010325,0.547621132723572,False,Ireland
Ireland,IRL,1998,50.60429094489945,31.34604936369254,19.656332839557187,1.2,Ireland,0.8161612525866921,0.8202068607391165,0.734187227787856,0.6742090637254124,0.16071334919098568,37387.37725165302,10.529088419794146,0.6676338879284316,2.5969968038101143,-1.5153425689310493,False,Ireland
Ireland,IRL,1999,50.48230955245661,30.736807630413573,19.64109475656256,1.2,Ireland,0.7973050213550259,0.7931186890225959,0.6995207473430819,0.6844928197344817,0.4303164280423909,37796.28784680368,10.539966171674228,1.0877751880082442,0.6676338879284316,-1.382443248174928,False,Ireland
Ireland,IRL,2000,51.34237979085311,31.33897963214103,19.484876783716683,1.2,Ireland,0.8257042117336079,0.8190755843079778,0.7327604561678229,0.7189126108745977,0.7892906546771047,41127.31298327788,10.624427729240585,8.446155756635676,1.0877751880082442,6.038487614975711,False,Ireland
Ireland,IRL,2001,50.86576090853806,31.009124182105413,19.905658703848374,1.2,Ireland,0.8009506422258211,0.8061013052884008,0.7091249981413863,0.67709033717049,0.9893495140420392,41710.320249851255,10.638503865172813,1.407613593222834,8.446155756635676,0.09545515673601068,False,Ireland
Ireland,IRL,2002,50.99569979864643,31.213671880443307,19.98112738710859,1.2,Ireland,0.8210720796204013,0.8146951525105067,0.7514935651074401,0.6963130986240902,0.24599974030679517,42292.743105482434,10.652370792526636,1.3866927353822334,1.407613593222834,-0.973358125038764,False,Ireland
Ireland,IRL,2003,51.593092610433956,31.229849015980093,19.64922423671142,1.2,Ireland,0.8044192726414648,0.8610891848793503,0.7161646147622913,0.6874253132696078,0.19378913002335485,43966.231355521326,10.691177149052452,3.88063565258161,1.3866927353822334,1.5174701118867162,False,Ireland
Ireland,IRL,2004,51.0201543328962,30.748000243533497,20.174663027968847,1.2,Ireland,0.826975869703392,0.8102540362989995,0.7504384807773997,0.6768725939773882,0.2152438205009537,44960.58791655364,10.713541560917879,2.2364411865426703,3.88063565258161,0.24457183588016607,False,Ireland
Ireland,IRL,2005,51.05244579810624,30.437998996401035,20.0905035118015,1.2,Ireland,0.7981550726494818,0.8036256480723171,0.7353224175031775,0.6529414296059122,0.5336169313092108,47191.66058368366,10.761972473414371,4.843091249649234,2.2364411865426703,2.6064355661871996,False,Ireland
Ireland,IRL,2006,51.174186785834095,31.281613027240937,19.442766704452257,1.2,Ireland,0.8186191766533851,0.8304418990118638,0.7346178295908771,0.7346712120505033,0.5125762159242117,48528.29188599048,10.78990224470566,2.792977129128893,4.843091249649234,0.9443973837745396,False,Ireland
Ireland,IRL,2007,51.44091712935256,31.19975536089786,19.683081917734963,1.2,Ireland,0.8167049619936387,0.7827335677811801,0.7720555493312702,0.6889651978182761,0.9406399991861139,50606.888405521124,10.831842980506561,4.194073580090141,2.792977129128893,2.0402745144252767,False,Ireland
Ireland,IRL,2008,50.86421431810382,31.431051760028307,19.519838206931556,1.2,Ireland,0.8171516306225779,0.8150277488217829,0.7974024562417452,0.6894153832685624,0.16844055113191525,52292.09335573246,10.864600459957684,3.2757479451122506,4.194073580090141,1.3305429777814446,False,Ireland
Ireland,IRL,2009,50.60530093341767,31.705166131253108,18.905372835608933,1.2,Ireland,0.8237883363268947,0.8376958810549293,0.7796640397003357,0.6567447077895807,0.8496001749824581,54350.26376423601,10.9032047456054,3.860428564771645,3.2757479451122506,1.7785040249418564,False,Ireland
Ireland,IRL,2010,50.515655623772886,31.034235513447282,19.818934937229784,1.2,Ireland,0.7969578806405603,0.7897376961755089,0.771322643864606,0.6728009652116821,0.18907765377834884,55367.723034676696,10.921752086245727,1.8547340640326482,3.860428564771645,-0.1401437014030038,False,Ireland
Ireland,IRL,2011,51.36012611997306,30.75049241061279,20.33022520344343,1.2,Ireland,0.8229219729488334,0.8363723669156539,0.7250095967829864,0.7046813417048944,0.6041739381725918,56844.70318555098,10.948078323079805,2.6326236834078642,1.8547340640326482,0.33913975447205136,False,Ireland
Ireland,IRL,2012,50.539174512286586,30.81143174314177,19.960737041751372,1.2,Ireland,0.795646876682171,0.8093301408543502,0.699787068957483,0.6798228542175991,0.4309830628472584,57519.38928434988,10.959877374889848,1.1799051810042371,2.6326236834078642,-0.9977671750411634,False,Ireland
Ireland,IRL,2013,51.2707102251406,30.721921186192308,20.40420128630436,1.2,Ireland,0.8383420203585626,0.8503099805109711,0.7415216108152987,0.7069964115183708,0.9758708627835366,59712.32090270954,10.997293658367106,3.7416283477258006,1.1799051810042371,1.347676444377151,False,Ireland
Ireland,IRL,2014,50.90359724098882,30.65925591216629,20.30050613513476,1.2,Ireland,0.8140310521526802,0.7805416629436154,0.7304474785381428,0.6926139005103074,0.8102591305172869,58495.314504356924,10.97670193606964,-2.0591722297465864,3.7416283477258006,-4.071736874725447,False,Ireland
Ireland,IRL,2015,50.929596955223325,32.23551762892148,19.006832152517752,1.2,Ireland,0.8023555182776944,0.8081756555269707,0.7283927737980813,0.6953228820038374,0.24990172163688984,60939.48791394492,11.017636649385668,4.093471331602849,-2.0591722297465864,1.21728822178284,False,Ireland
Ireland,IRL,2016,50.84128845072971,30.940982722849597,20.014359332739605,1.2,Ireland,0.821843090640781,0.8134425360948977,0.7015652877073937,0.7274548709457656,0.36361144919006383,63982.85228525412,11.066370393398435,4.873374401276642,4.093471331602849,2.9131918531381853,False,Ireland
Ireland,IRL,2017,51.19988618475394,30.340560318860575,20.761114746143015,1.2,Ireland,0.8266220333394618,0.804509523305173,0.7148280705403284,0.739945619384248,0.4466887217446649,66686.31035897415,11.107754968844304,4.138457544586949,4.873374401276642,2.2943863301792686,False,Ireland
Ireland,IRL,2018,50.730167928129276,30.355150864301383,20.578329803544314,1.2,Ireland,0.8272099695290563,0.8163062446345299,0.8030343744256173,0.6832413727870804,0.30476091279732576,67811.77978121325,11.124491201922647,1.6736233078342266,4.138457544586949,-0.27986172955938193,False,Ireland
Ireland,IRL,2019,50.64374202720385,31.377210549851107,19.658856518281677,1.2,Ireland,0.8110962294173991,0.8236484536692481,0.7118504519551221,0.7208779201285048,0.41577480098965147,70195.83013691615,11.159044188490638,3.455298656799144,1.6736233078342266,1.1348511060071123,False,Ireland
Ireland,IRL,2020,50.68766305921536,31.050228496994972,19.86090961256589,1.2,Ireland,0.797764258320628,0.7874028779311268,0.7119682262407008,0.6654708790228702,0.6637343606939384,69964.36921176649,11.155741380180809,-0.33028083098294303,3.455298656799144,-2.385474007112631,False,Ireland
Ireland,IRL,2021,51.1568985984742,30.777479960993404,20.00273512588849,1.2,Ireland,0.8076135387288592,0.826825096803039,0.6993476824967293,0.6828918390916965,0.21037208152983577,73120.6764468426,11.199866457272911,4.412507709210267,-0.33028083098294303,1.793720542542629,False,Ireland
Ireland,IRL,2022,50.81150400438348,30.785724240002413,20.158602471937368,1.2,Ireland,0.8134286503772193,0.7994742722992545,0.7190165274250013,0.6836835205026812,0.6392628831813628,72171.8290075161,11.186805068789614,-1.306138848329752,4.412507709210267,-3.2188235204460938,False,Ireland
Israel,ISR,1990,46.642828299166005,35.049632553696426,12.127049881121696,1.2,Israel,0.6850249969612929,0.6672100196902476,0.5879859657295368,0.583657990651406,0.3195894262599983,25487.36976675375,10.145938305178777,,,,False,Israel
Israel,ISR,1991,46.879811324068996,34.09015317283282,12.701176790443716,1.2,Israel,0.6728550390869691,0.6759219344390114,0.6173422443741976,0.5864936874853146,0.7533129318792571,26373.27795885506,10.180106577987315,3.4168272808537736,,,False,Israel
Israel,ISR,1992,46.9637694269978,35.43877751163083,11.527198650143134,1.2,Israel,0.6895408510215664,0.7139104553190001,0.6646270444126021,0.5789878823959503,0.03836155478797465,26750.904645706243,10.194323570283393,1.4216992296077535,3.4168272808537736,-1.4831388963000984,False,Israel
Israel,ISR,1993,47.34855990825906,35.82020981966216,11.343910039337375,1.2,Israel,0.692958270717727,0.7042867712774823,0.5788455087654995,0.5891272467160049,0.2774267348009791,27334.02877762089,10.215887680338302,2.156411005490888,1.4216992296077535,-1.2382272625613169,False,Israel
Israel,ISR,1994,47.304169050230826,35.142279916063266,11.563471276955354,1.2,Israel,0.6937718093650457,0.7141725395030875,0.6171319954921995,0.6067940779827032,0.7697723073855856,28149.13528303775,10.245271914909088,2.9384234570786205,2.156411005490888,-0.275844467306698,False,Israel
Israel,ISR,1995,46.50457945027312,35.430791149680175,11.344380746686955,1.2,Israel,0.6899589341558925,0.6931510991039092,0.656284046821349,0.642186092788775,0.5778770814409091,28392.09098317996,10.253865898856981,0.8593983947893236,2.9384234570786205,-2.162886960002474,False,Israel
Israel,ISR,1996,47.11282205950874,35.09943680539479,11.538915683604408,1.2,Israel,0.6804932816579485,0.6949422213623682,0.605138336328076,0.6261786435197509,0.09365745260747449,29541.036866438368,10.293535655890434,3.966975703345277,0.8593983947893236,0.4342936497576275,False,Israel
Israel,ISR,1997,47.27114003882043,33.84719241645457,12.942948216362675,1.2,Israel,0.6876167218629501,0.7041358049753513,0.5963497518805019,0.5626035678543141,0.8378413809055185,31572.061279444664,10.360027871769164,6.649221587873022,3.966975703345277,3.8794438533864337,False,Israel
Israel,ISR,1998,47.125760182487184,34.45727661507534,12.57236800416136,1.2,Israel,0.6857645134512242,0.6555933940869672,0.620887473607565,0.5919549634750745,0.4144298124670366,31859.541878273536,10.369092204147648,0.9064332378484252,6.649221587873022,-1.2048582332189763,False,Israel
Israel,ISR,1999,47.00935353459939,35.410932296245186,11.585497976096336,1.2,Israel,0.6692794193815697,0.6953262342786449,0.6171279431124199,0.5944941525517687,0.3552896432193188,33650.873548063275,10.423794294559498,5.470209041184937,0.9064332378484252,1.9490739521150275,False,Israel
Israel,ISR,2000,47.021860471348546,35.13963867899367,11.867242820203439,1.2,Israel,0.6954863929502404,0.701890724509217,0.6503636525689194,0.593842601619309,0.03342653309322163,35208.56538854043,10.46904466688677,4.525037232727236,5.470209041184937,2.1243004237542573,False,Israel
Israel,ISR,2001,46.707084437670126,34.40919400854524,12.547159302545325,1.2,Israel,0.6670316615283203,0.6538874273640984,0.5850135890013631,0.5650885470563513,0.9541316415710726,36480.20532091341,10.504525072486942,3.548040560017185,4.525037232727236,0.9152658696439153,False,Israel
Israel,ISR,2002,46.3642688179348,34.82885647258451,12.349325490401375,1.2,Israel,0.6826425476360735,0.6818358694317925,0.6292855073540237,0.5821166354194346,0.005348988694222845,37332.30151370042,10.527614223201303,2.3089150714360684,3.548040560017185,-0.5637104439852894,False,Israel
Israel,ISR,2003,46.85655052264515,34.300197986834625,12.690033296018571,1.2,Israel,0.6839844804551201,0.6888925616792363,0.62965229363876,0.5789403407441972,0.5423865601904387,38457.25502351417,10.557302644352129,2.968842115082637,2.3089150714360684,-0.20798635115317055,False,Israel
Israel,ISR,2004,47.37165496540204,35.50312413797881,11.5046848791341,1.2,Israel,0.6685666100891614,0.6703160851627762,0.606370808110835,0.5539203229034219,0.9146164545151915,38975.589782145675,10.570690826130809,1.3388181778680064,2.968842115082637,-1.6759994542355643,False,Israel
Israel,ISR,2005,47.25435548789004,35.172588578807925,11.690305098621465,1.2,Israel,0.6862458230931725,0.6642251613754996,0.6212233501331635,0.5686824574902245,0.16393172095320274,41902.89257633834,10.643110138762212,7.241931263140344,1.3388181778680064,3.826945854513454,False,Israel
Israel,ISR,2006,47.029913112897226,35.01753578219826,11.938300460691675,1.2,Israel,0.6710464562634081,0.6923035301240724,0.6506983655448333,0.5531743517898605,0.17127341066623958,41837.85532000139,10.641556838342828,-0.155330041938484,7.241931263140344,-2.121112414973326,False,Israel
Israel,ISR,2007,46.7072484988295,34.60993653576971,12.243273705907495,1.2,Israel,0.6713115392168157,0.6925870188925273,0.5851026035268679,0.5796798983600088,0.6881176592063503,44099.12198387357,10.694195151574007,5.263831323117962,-0.155330041938484,1.4820353681760632,False,Israel
Israel,ISR,2008,47.09140084973655,34.13004964330821,12.965910820702106,1.2,Israel,0.6779301541090164,0.6573096486060702,0.6265841481160298,0.5595010239038721,0.26203500450687456,47031.34544036557,10.758569582660137,6.437443108612939,5.263831323117962,3.986040962354215,False,Israel
Israel,ISR,2009,47.152774395323924,34.36933748134867,12.58011098054444,1.2,Israel,0.684622624644542,0.6599711035522324,0.6120967474476703,0.566482874093404,0.7133217295012723,47516.04907625409,10.768822808245291,1.0253225585154624,6.437443108612939,-1.137960126439149,False,Israel
Israel,ISR,2010,46.71588115187181,34.13451391193648,12.661068638868182,1.2,Israel,0.6917181014327385,0.7216800541024941,0.6062231915089038,0.5588592941160166,0.10294614470028618,50128.26329777293,10.822340265687213,5.351745744192193,1.0253225585154624,1.8597977572362523,False,Israel
Israel,ISR,2011,47.31270659510891,34.243948218190084,12.728946218251187,1.2,Israel,0.6803225422906096,0.7166546655617191,0.592213293520931,0.5949691553998842,0.3244382286350662,51347.35460874346,10.846368697160015,2.402843147280187,5.351745744192193,-0.026976175804954927,False,Israel
Israel,ISR,2012,47.267008147322954,35.05640738723445,11.86761224794384,1.2,Israel,0.6908990495909083,0.6794753701092245,0.622685720621026,0.6063802470545218,0.45550169521922024,52470.362006330135,10.868003755958084,2.1635058798068485,2.402843147280187,-0.9902634224464455,False,Israel
Israel,ISR,2013,46.943601518575036,34.63605924010373,12.316947561196706,1.2,Israel,0.6586088587556915,0.6556901100334255,0.6193002819122285,0.6040012092761113,0.21932040121138208,53402.39772778753,10.885610925209685,1.7607169251601107,2.1635058798068485,-1.4518092210740345,False,Israel
Israel,ISR,2014,47.49394792264515,34.81450786910106,12.302589377348164,1.2,Israel,0.6989219176083308,0.6812475347945095,0.6135691316554437,0.5766690745342063,0.03782013655203531,51885.13238063728,10.856787561460182,-2.882336374950256,1.7607169251601107,-6.193746443505546,False,Israel
Israel,ISR,2015,46.787660641049385,35.39975635555952,11.731040890887504,1.2,Israel,0.6728260783634057,0.6659343476487131,0.6118648333750978,0.5605818749541593,0.8545686640326409,53775.7082415024,10.892577124509497,3.578956304931502,-2.882336374950256,-0.8723145184047025,False,Israel
Israel,ISR,2016,46.90157911297232,35.56608288254987,11.417337712753824,1.2,Israel,0.6784146230758354,0.6600542418430562,0.6124206966010505,0.545359987067744,0.25349375325719037,57180.06296167101,10.953960566989215,6.138344247971794,3.578956304931502,3.2733084891297564,False,Israel
Israel,ISR,2017,47.14395171107066,34.75491379141717,12.519721192160556,1.2,Israel,0.6606059459185813,0.6784061484551099,0.5682526034108831,0.5260634827235651,0.727579322134944,57114.785476822915,10.952818302174352,-0.11422648148631254,6.138344247971794,-2.350937367886818,False,Israel
Israel,ISR,2018,46.71902065471693,35.01939687730847,11.982989029330835,1.2,Israel,0.6913594784594382,0.6882795251554816,0.6189844342746679,0.5964238106804554,0.5606944813756801,59708.94815683147,10.997237173523065,4.4418871348712585,-0.11422648148631254,0.6701820258475149,False,Israel
Israel,ISR,2019,46.83814175906888,35.370107484007974,11.565235996288754,1.2,Israel,0.6665687473235546,0.6586567398586405,0.6446789358266164,0.5478043522656441,0.6918639081608444,60750.50138943365,11.014530614492747,1.729344096968255,4.4418871348712585,-0.923843784289549,False,Israel
Israel,ISR,2020,46.82560445541044,35.09172766937987,12.002046251128506,1.2,Israel,0.6896415588417198,0.6835326647928862,0.5860937451674795,0.6252536726652521,0.06724063405203662,59974.068777690285,11.001667560746007,-1.2863053746739794,1.729344096968255,-4.60541741288392,False,Israel
Israel,ISR,2021,46.85458939041454,36.090239447914016,11.125558280114465,1.2,Israel,0.6931563186218825,0.6902595010871665,0.6463017507102236,0.5969282168372907,0.4940116705993056,62968.975796343446,11.050397436404403,4.872987565839537,-1.2863053746739794,0.8135393176577921,False,Israel
Israel,ISR,2022,47.47557836425558,34.31630617849946,12.531571230898443,1.2,Israel,0.6908299993851688,0.6693023756371276,0.6082711973334624,0.6063562427429887,0.4956539208832471,67413.39568491942,11.118599026186839,6.82015897824364,4.872987565839537,4.272805432899705,False,Israel
Italy,ITA,1990,49.871730690622364,36.38061429797604,14.146333852906963,1.2,Italy,0.7259873901599314,0.7075826195644038,0.6128802894775287,0.633267776081522,0.9113391900786307,28949.37855704325,10.273304016692789,,,,False,Italy
Italy,ITA,1991,50.139649032249885,36.28396443180191,13.513861784626828,1.2,Italy,0.7097363079233411,0.734336319377724,0.6194685686159926,0.6358452328302864,0.7562537914224343,29050.96360325609,10.276806932237884,0.35029155450949645,,,False,Italy
Italy,ITA,1992,50.15032562978674,37.788620671046026,12.424574854902604,1.2,Italy,0.6974375006525178,0.6738686937153169,0.6320542524299173,0.5732455906330173,0.9693218122841789,29468.219160731835,10.291067645019918,1.4260712782034446,0.35029155450949645,-0.44582966713001415,False,Italy
Italy,ITA,1993,50.003240625456804,36.95673782661831,13.03197395400427,1.2,Italy,0.714061885919313,0.7107492577129603,0.6442272379217647,0.5643779211431197,0.1619230066322137,28995.015538073156,10.274879216198418,-1.6188428821500622,1.4260712782034446,-3.215580557975514,False,Italy
Italy,ITA,1994,50.44387711209528,36.14996243302269,13.82833024044028,1.2,Italy,0.6993504261241527,0.6856304652897642,0.6108597013305223,0.5896603251753514,0.8832736014262238,29165.402812009874,10.280738450579069,0.5859234380650946,-1.6188428821500622,-1.7896433207785285,False,Italy
Italy,ITA,1995,50.33011120420917,35.67978595549954,14.455335371133362,1.2,Italy,0.7020610750213211,0.6749521249590753,0.6176745483665792,0.6358170965186543,0.648233468807846,30416.44738241618,10.322738773405419,4.200032282635036,0.5859234380650946,2.3884013331487326,False,Italy
Italy,ITA,1996,50.17200874105188,36.091695152172704,13.779592622837164,1.2,Italy,0.7217252678292309,0.7319425276121972,0.6984443960979579,0.602620830899593,0.5817366474211867,29375.333806066963,10.287910614992684,-3.4828158412734567,4.200032282635036,-4.370028915867194,False,Italy
Italy,ITA,1997,50.262283303675716,35.37656096826064,14.427057062549194,1.2,Italy,0.7031734130587731,0.6826928412410456,0.6272598649053557,0.5784066452017533,0.16266081510548513,29686.05929468935,10.298432830578436,1.0522215585751837,-3.4828158412734567,-1.8001127786215183,False,Italy
Italy,ITA,1998,50.51783971240085,34.83179730076949,14.78508966633672,1.2,Italy,0.7115960846379455,0.725124920967841,0.6420523087685905,0.5912355687299601,0.5952297327194016,30381.089477264213,10.32157563716785,2.3142806589413922,1.0522215585751837,0.6219195865303122,False,Italy
Italy,ITA,1999,49.80970070194233,36.18635415726916,13.740760159118,1.2,Italy,0.7221257403063222,0.7426654655727168,0.6720311747628361,0.602527929499209,0.5402788931874211,31083.106561076638,10.34441975318914,2.284411602128955,2.3142806589413922,0.914860395641595,False,Italy
Italy,ITA,2000,50.00216211811291,35.63989441452716,14.253054472146722,1.2,Italy,0.7212391742634264,0.7054049872520746,0.6450293501710471,0.6291316847415268,0.29632580189980007,30605.418003167808,10.328932331194443,-1.5487421994697215,2.284411602128955,-2.9259333225204918,False,Italy
Italy,ITA,2001,50.225861650144665,34.558111443342135,15.610523418662398,1.2,Italy,0.7192602713640562,0.7177469592775396,0.6867850877634468,0.5836514718114678,0.08061540516960175,30132.117861749623,10.31334692045226,-1.5585410742183115,-1.5487421994697215,-3.9161774588261826,False,Italy
Italy,ITA,2002,50.202793656742074,33.78321527607279,16.010544310239293,1.2,Italy,0.73202477747653,0.7383677171707396,0.6579050745414966,0.6055956453760044,0.6300931268616634,31719.326009239827,10.364681427390625,5.133450693836572,-1.5585410742183115,2.7733079500234323,False,Italy
Italy,ITA,2003,50.55264519757048,35.4666833673093,14.918215840093211,1.2,Italy,0.724914294527202,0.7363095016711749,0.6563324997055477,0.6142002463233356,0.12434584143087035,31188.475404339464,10.347803927494649,-1.68774998959762,5.133450693836572,-2.3362130150983575,False,Italy
Italy,ITA,2004,49.725432283654,33.639923525639766,16.55621113322572,1.2,Italy,0.7255957706151046,0.7093251636277799,0.6510086284283102,0.6069009504579802,0.516283299197674,32755.99347869793,10.396841231302806,4.903730380815752,-1.68774998959762,2.5105385407775294,False,Italy
Italy,ITA,2005,50.14798033815173,36.149582188136655,13.828911063010134,1.2,Italy,0.7268206949006263,0.7293442529738656,0.6496891274749984,0.6587348345799234,0.8096750362658893,32937.10269479057,10.402355042813717,0.5513811510910571,4.903730380815752,-0.15583980692226107,False,Italy
Italy,ITA,2006,50.35890184561107,36.3255331560896,13.689546752539613,1.2,Italy,0.7141009070213424,0.7309865715832908,0.639191924999182,0.585587864386531,0.6439565794476135,34662.80564706604,10.453422507687279,5.106746487356162,0.5513811510910571,3.2862803010544415,False,Italy
Italy,ITA,2007,50.17411878945758,35.87307162249326,14.273291056370915,1.2,Italy,0.7144988471706346,0.7115583387020176,0.6598636520961622,0.6114800702421056,0.3832153659472517,34918.188888157034,10.46076314400821,0.7340636320931182,5.106746487356162,0.07877019642296834,False,Italy
Italy,ITA,2008,49.82968335702419,35.685509326249665,14.190326396614216,1.2,Italy,0.7170659448415795,0.6880775502580311,0.65187616740038,0.6336730094668138,0.3531028889383895,34394.62068874323,10.445655455806362,-1.5107688201847935,0.7340636320931182,-3.284508425154644,False,Italy
Italy,ITA,2009,49.95346091314028,36.37039538808211,13.915788415682764,1.2,Italy,0.7225256884599662,0.7502163294118444,0.6591570861597831,0.6361732943456865,0.7844054732127973,35966.33948406071,10.49033876570803,4.468330990166791,-1.5107688201847935,2.1204074482238005,False,Italy
Italy,ITA,2010,49.753432468537085,37.525334569681775,12.78974076020533,1.2,Italy,0.7047840315736733,0.7397188103238402,0.6353413054402851,0.6106023033158987,0.6050895185405384,36666.9013156587,10.509629755603932,1.9290989895901944,4.468330990166791,1.1105114411550194,False,Italy
Italy,ITA,2011,49.89811849231803,36.37701795234596,13.445023982394604,1.2,Italy,0.7257374442100442,0.7002113558792774,0.627397547439769,0.6227311372213746,0.059587097353143714,38993.68378303984,10.571154957714743,6.152520211081125,1.9290989895901944,4.684447118413114,False,Italy
Italy,ITA,2012,49.764979683831015,35.54354699274729,15.068359253052076,1.2,Italy,0.7340039979479528,0.7450884920268736,0.6297160510861898,0.6265488540657084,0.6665219766930349,40817.262498432625,10.616860371362275,4.570541364753211,6.152520211081125,4.1827362546648414,False,Italy
Italy,ITA,2013,50.153041614684035,35.37496919420544,14.930893501588017,1.2,Italy,0.7188849117285705,0.7027855821115193,0.6392424222275422,0.6027798616566921,0.20229394915820365,41352.670740269394,10.62989228700621,1.3031915643935577,4.570541364753211,0.5107474170928317,False,Italy
Italy,ITA,2014,49.44693577476239,35.09044256831883,14.774055122542817,1.2,Italy,0.7146176381400884,0.7119005438123235,0.64887976950704,0.557455120661646,0.4832942849663252,41621.87546685071,10.63638116060587,0.6488873599659328,1.3031915643935577,-0.9792805269551836,False,Italy
Italy,ITA,2015,50.035094070207165,34.959864449108906,14.591570026569007,1.2,Italy,0.7308876965421667,0.7233616820436668,0.658175307882762,0.5978214551144904,0.062041416956554296,42483.49699903784,10.656870973597256,2.0489812991385747,0.6488873599659328,0.2534552810147912,False,Italy
Italy,ITA,2016,49.75061424921468,34.602641174998794,15.47664052544262,1.2,Italy,0.7212652320501806,0.7065740701128711,0.6694078252799845,0.6166151734717548,0.5578736756600732,43575.59054070582,10.682252422578795,2.538144898153938,2.0489812991385747,1.1007353395951527,False,Italy
Italy,ITA,2017,50.225715119813806,35.3855877557903,14.842574802081977,1.2,Italy,0.7217528677893392,0.6950183590118206,0.6413411136311321,0.6161284969563774,0.9459708898455993,43294.420968697865,10.675779059700721,-0.6473362878073985,2.538144898153938,-1.9596274301469316,False,Italy
Italy,ITA,2018,50.15345411057576,35.64853896007529,14.379792379402913,1.2,Italy,0.7151200668379277,0.7315394045252958,0.6108559618050016,0.6102440620655806,0.35813971652914445,45253.84797721378,10.720042983683003,4.426392398228174,-0.6473362878073985,2.2993178957081772,False,Italy
Italy,ITA,2019,49.75473248050101,35.721924523771285,14.362398842210684,1.2,Italy,0.729778155496862,0.6876652166600555,0.6798721468135143,0.6480384201175895,0.41078880999961176,45619.45812525558,10.728089617759409,0.8046634076405823,4.426392398228174,-0.0246512067749467,False,Italy
Italy,ITA,2020,49.801326554202625,35.65059443911004,14.107325815333402,1.2,Italy,0.693591023206563,0.6871222658556709,0.6264397136680607,0.5997007882822443,0.7286562842366027,45952.89839258541,10.735372202891083,0.7282585131674679,0.8046634076405823,-1.0274230594391531,False,Italy
Italy,ITA,2021,49.74115999412802,36.76805835178841,13.393651198131993,1.2,Italy,0.710754358856219,0.6788023754643103,0.6331385766184016,0.5998720694407773,0.1790316374415838,46126.57047355708,10.7391444289704,0.37722260793167095,0.7282585131674679,-1.398001832147341,False,Italy
Italy,ITA,2022,50.30636668676574,36.181138793718716,13.711441808368056,1.2,Italy,0.7262074755527942,0.7470112468486493,0.6255067020698929,0.6701770900281782,0.9224342836561245,47368.782910909904,10.765718702341148,2.657427337074836,0.37722260793167095,0.7924148248915155,False,Italy
Japan,JPN,1990,44.03550437401646,32.010546512430444,12.078398851208604,1.2,Japan,0.7226447005741023,0.7473665640783111,0.6722064329285775,0.6264307579061306,0.9271778194794527,30504.215677828975,10.325620171989357,,,,False,Japan
Japan,JPN,1991,43.86305865673258,31.7666026907881,12.459844223647751,1.2,Japan,0.724660908986832,0.6965180284625336,0.653654753207616,0.6315633362331388,0.8420332943764213,32190.407065443313,10.379423769924092,5.380359793473488,,,False,Japan
Japan,JPN,1992,43.67841123431293,31.903955577320726,12.187049166748777,1.2,Japan,0.7531932953998169,0.7610596521877043,0.681714948189636,0.6340319718057943,0.12771348363523483,33490.968591050856,10.419031087169094,3.9607317245001994,5.380359793473488,2.3285482917213614,False,Japan
Japan,JPN,1993,43.940934290388824,32.13125888807605,11.645817719310365,1.2,Japan,0.7350373604621242,0.7466852796618054,0.6401217376511997,0.6069868343570741,0.3601364074715191,33151.068261803135,10.408830220186893,-1.0200866982200907,3.9607317245001994,-2.6243283467208993,False,Japan
Japan,JPN,1994,43.72613660398435,32.619895404444286,11.425461804777544,1.2,Japan,0.711637946268967,0.7217977728072179,0.6184068195185929,0.5618344424695723,0.6005943333606173,34450.8076223516,10.447287719486363,3.84574992994704,-1.0200866982200907,2.339543081502234,False,Japan
Japan,JPN,1995,43.82402447447873,31.888350690935653,12.398709340393435,1.2,Japan,0.7383632372299554,0.738988574774929,0.6695530263230876,0.6275777415287441,0.8514249577450957,36560.909906642904,10.506734913295663,5.944719380929975,3.84574992994704,4.342740857940363,False,Japan
Japan,JPN,1996,44.12977833551785,32.352910293868106,11.659473002867884,1.2,Japan,0.7308182935854757,0.7288405005216528,0.6761179938866835,0.6153900586638813,0.8680566901074503,37149.05280912276,10.52269355343117,1.595864013550674,5.944719380929975,-0.0474274088436073,False,Japan
Japan,JPN,1997,43.58056710206034,31.99446997758135,11.696804981914232,1.2,Japan,0.7356844100625616,0.7476762923281914,0.6519735078551736,0.6206046538113974,0.40298017876516146,37614.91398578775,10.535155899291928,1.2462345860758006,1.595864013550674,-0.3114606289826074,False,Japan
Japan,JPN,1998,43.82117333010315,32.3710321519736,11.630668973371034,1.2,Japan,0.735365098435704,0.7173957387998833,0.6623922117395161,0.6248779537374644,0.640972077345332,37611.55066972033,10.535066480864913,-0.008941842701482017,1.2462345860758006,-1.5597554876830042,False,Japan
Japan,JPN,1999,43.80318351900771,32.572789583898185,11.672469007231607,1.2,Japan,0.7277485347264998,0.7317001131675279,0.7042712339710034,0.612583448829675,0.7648098009029954,38348.43178605323,10.554468913809444,1.9402432944531256,-0.008941842701482017,0.4141346195762923,False,Japan
Japan,JPN,2000,44.29209905340323,32.76460074149855,11.48379125786421,1.2,Japan,0.7301035261984338,0.7038668015514306,0.635790900317083,0.6144835031815753,0.36753442229153144,39904.84202779359,10.594252949595184,3.9784035785739746,1.9402432944531256,2.4139301292814697,False,Japan
Japan,JPN,2001,44.179504114122466,32.59102002582319,11.51291208884611,1.2,Japan,0.735077576703115,0.7361573450720309,0.6255216408829192,0.611885349773799,0.5061418628402441,39724.07113857473,10.58971260884268,-0.45403407525039796,3.9784035785739746,-2.058623549456484,False,Japan
Japan,JPN,2002,43.593255808662036,31.63732069169684,12.203759417278151,1.2,Japan,0.7206066460618125,0.7177248949473801,0.6243520865988091,0.6245142237524646,0.6195879548978296,38914.0684557257,10.569111121183953,-2.0601487658726825,-0.45403407525039796,-3.577496927050528,False,Japan
Japan,JPN,2003,44.44621948690576,32.08789735968657,11.857767763575971,1.2,Japan,0.7203348297406501,0.7286786390283014,0.6345280116673263,0.6110314661555036,0.9948663171697671,39253.691092094705,10.577800759351941,0.8689638167988178,-2.0601487658726825,-0.6167720431066255,False,Japan
Japan,JPN,2004,44.03060938917217,31.939403392622218,12.076394350645783,1.2,Japan,0.7314866745720211,0.7247449551496603,0.6460699538440002,0.6157142796564554,0.6921613416941319,38413.98597080707,10.556176890254314,-2.162386909762759,0.8689638167988178,-3.7057749348372533,False,Japan
Japan,JPN,2005,44.105610341540874,32.17649708635768,11.6257774837554,1.2,Japan,0.730156867137956,0.715582233510468,0.6264552078964714,0.6388820420524459,0.6238958362916385,39785.232866116174,10.591251088907894,3.5074198653580524,-2.162386909762759,2.023696304465285,False,Japan
Japan,JPN,2006,43.775055998514645,32.21991744029426,11.732916687270764,1.2,Japan,0.7044607886509804,0.7231471868757658,0.606677135817574,0.5942963623154797,0.3677593508772896,40071.658967614705,10.59842460451049,0.717351560259516,3.5074198653580524,-0.8779677920035303,False,Japan
Japan,JPN,2007,44.531402372680304,32.14011255327745,11.840198246260973,1.2,Japan,0.74207809308461,0.7357450924993855,0.6854431539706699,0.6460103471377627,0.011031264428647214,38762.83622498815,10.565217237346916,-3.320736716357331,0.717351560259516,-4.861140638018605,False,Japan
Japan,JPN,2008,43.73173779440616,32.542829376807525,11.40455593830121,1.2,Japan,0.7242348959927328,0.6724140501498346,0.64088651742841,0.6234357417018738,0.5353101314525917,39132.702469469645,10.574713776695704,0.9496539348788247,-3.320736716357331,-0.511270442818184,False,Japan
Japan,JPN,2009,43.95051866738113,31.620525156205193,12.637163693658458,1.2,Japan,0.7200589376695781,0.7194401577264656,0.6088498837367436,0.6532612693514624,0.844357082739616,39689.2301709518,10.588835149543447,1.4121372847743174,0.9496539348788247,-0.13283892098076233,False,Japan
Japan,JPN,2010,43.97336106568625,31.89677658179037,12.103982668533922,1.2,Japan,0.7297269546049007,0.7110615954234367,0.6478886141205804,0.6025718571336276,0.7373570773877997,41017.790176468996,10.621761158319282,3.292600877583496,1.4121372847743174,1.7385218580158475,False,Japan
Japan,JPN,2011,43.3995362766684,33.056480393925376,10.834885439863402,1.2,Japan,0.7069730301045528,0.6980741149020594,0.6187793194925751,0.5553996054170299,0.7850165438370569,41659.27124062615,10.637279221638101,1.5518063318818776,3.292600877583496,-0.03928485249240454,False,Japan
Japan,JPN,2012,44.14192615940824,31.955093525631565,11.968057291792316,1.2,Japan,0.7233092726134008,0.7441073663613224,0.6388660345573235,0.6513330759923295,0.2546706220460512,44827.95013563938,10.710587110822754,7.330788918465281,1.5518063318818776,5.7739608673238765,False,Japan
Japan,JPN,2013,44.05521734938147,32.30867301934252,11.883858495154847,1.2,Japan,0.729116573409909,0.747543565469639,0.6844162761690212,0.6440386700765696,0.8951177407065364,45026.93622659354,10.715016172486413,0.4429061663659084,7.330788918465281,-1.227666525579608,False,Japan
Japan,JPN,2014,44.2093450517,32.48496117447573,11.537161450040012,1.2,Japan,0.7430174128939879,0.7742476368285249,0.6693557545859045,0.6164964435529661,0.15016900081704165,45843.18648709599,10.732981862216493,1.7965689730079504,0.4429061663659084,0.2615668140758538,False,Japan
Japan,JPN,2015,43.26473836143797,31.422175869300123,12.294287296667964,1.2,Japan,0.7308864669739801,0.7653290390876795,0.6532181630467772,0.6230543536809487,0.08479201604580322,46618.51770240356,10.749753116769027,1.6771254552534032,1.7965689730079504,0.11547987121930858,False,Japan
Japan,JPN,2016,43.923617549070194,31.525191324298174,12.173343546147215,1.2,Japan,0.726346784486879,0.7300403906041771,0.6267695802475971,0.597962486043634,0.34970322974584955,47155.61656620121,10.761208402201618,1.1455285432591111,1.6771254552534032,-0.41376609753890037,False,Japan
Japan,JPN,2017,44.73722722762277,32.181892613204326,12.178455776345105,1.2,Japan,0.7368026537929547,0.7599589506334349,0.6540941952616465,0.617561185971014,0.09839564971339732,48300.213885807854,10.785191267908454,2.3982865706836165,1.1455285432591111,0.8494550691841636,False,Japan
Japan,JPN,2018,43.65523880084351,31.385569939190507,12.232803978164442,1.2,Japan,0.7418570415466299,0.7562361077599312,0.6875922911080833,0.6154425835432462,0.6246635688542638,50050.46578601424,10.820787091113933,3.5595823205479604,2.3982865706836165,1.9860934490514621,False,Japan
Japan,JPN,2019,43.974544840501395,31.773310886613707,11.906647943577592,1.2,Japan,0.7174741098763451,0.7074248601381328,0.6513502901340996,0.591340576399406,0.774633780637788,53063.65203107149,10.87924745365094,5.846036253700682,3.5595823205479604,4.249690215573793,False,Japan
Japan,JPN,2020,44.10986287933518,31.707312156389076,12.376182235359327,1.2,Japan,0.7345588777208161,0.7778589246188378,0.6482326253411317,0.6429318486243184,0.9799703293588506,51626.81123894232,10.851796414179457,-2.7451039471483085,5.846036253700682,-4.386453042032176,False,Japan
Japan,JPN,2021,43.759936491019445,31.308222115249443,12.818349467672018,1.2,Japan,0.7445561869008112,0.7805416184011912,0.6850165932319381,0.6447413423295617,0.6564786073315027,51868.92620732733,10.856475165518042,0.4678751338584419,-2.7451039471483085,-1.0043791174950067,False,Japan
Japan,JPN,2022,43.90514068862564,32.20182552083501,11.871247227577749,1.2,Japan,0.7263504727045711,0.7095662793577909,0.6328192415536933,0.5780707700113654,0.4394049896944522,52209.54204089351,10.86302055488353,0.6545389365488319,0.4678751338584419,-0.8809546732911255,False,Japan
Kenya,KEN,1990,43.567650649119884,40.22789785448392,2.8654007088659808,1.2,Kenya,0.44941569881002513,0.4659437651566356,0.383153485496469,0.3809724998163683,0.21427180931025958,2930.008302170837,7.9827605355125035,,,,False,Kenya
Kenya,KEN,1991,43.23131086502794,39.73972141373125,3.1776565957094007,1.2,Kenya,0.4511831114811667,0.437312293691923,0.4082967946710803,0.43093771636234707,0.8171021330026149,2799.4370166947224,7.9371736104807535,-4.558692503174999,,,False,Kenya
Kenya,KEN,1992,43.131539087433,40.274494746846436,2.7938434303451984,1.2,Kenya,0.4532099756368602,0.4732546989709187,0.43909408866379285,0.34619642103367343,0.6490806020188844,2867.619657998223,7.961237577164532,2.4063966683778304,-4.558692503174999,-1.7517029299185705,False,Kenya
Kenya,KEN,1993,43.04387111708965,40.30586135324412,2.6532847491944187,1.2,Kenya,0.4565383322306238,0.45184302520184744,0.41871125062445386,0.37135443029878007,0.004359579956580428,2944.8642807339725,7.98781801038334,2.658043321880843,2.4063966683778304,2.01123342465828,False,Kenya
Kenya,KEN,1994,43.289602633672835,39.76022390702707,3.745447388014722,1.2,Kenya,0.44723110644231195,0.43379669065715043,0.3774247760581687,0.36904610644508296,0.5851216609271247,3098.8317457447847,8.03878046323373,5.096245285038936,2.658043321880843,4.576297267254139,False,Kenya
Kenya,KEN,1995,42.667173690868225,39.78940827059187,3.2523201107055315,1.2,Kenya,0.4450036459688752,0.4437790584648357,0.4204090893624283,0.36668869574112556,0.6897015348618686,2827.297187504752,7.947076476860543,-9.170398637318655,5.096245285038936,-8.461183146710587,False,Kenya
Kenya,KEN,1996,42.94752103539885,39.70138438139053,2.9028824852315944,1.2,Kenya,0.45945888156554643,0.48093132044369785,0.40089608239317465,0.3845827132315772,0.272467184033096,2981.2889943286136,8.000111034409764,5.303455754922126,-9.170398637318655,-1.179529548977885,False,Kenya
Kenya,KEN,1997,42.989603094576104,40.15064242515826,2.5640188905821857,1.2,Kenya,0.44720646724586677,0.4471363527106933,0.3941849285125274,0.3633316639517618,0.5785853485929497,2998.467471765497,8.005856594380804,0.5745559971039427,5.303455754922126,1.3882318859833087,False,Kenya
Kenya,KEN,1998,42.996612745911754,40.107506435079365,2.988440068025132,1.2,Kenya,0.45714745649888944,0.45247297534185493,0.42558186506628815,0.4041139718711526,0.606719579782232,3231.710572034518,8.080766864899186,7.491027051838195,0.5745559971039427,5.920736761956398,False,Kenya
Kenya,KEN,1999,43.28864936294387,40.46497135716349,2.8242494648251357,1.2,Kenya,0.4645902234829189,0.49139835188520326,0.4355401845294532,0.436609902402324,0.9864140184828889,3129.755177190924,8.048710062325135,-3.2056802574050636,7.491027051838195,-1.2891905529326304,False,Kenya
Kenya,KEN,2000,43.302733571876516,40.59430828933767,2.620293567854657,1.2,Kenya,0.45872817083178336,0.4733697898604438,0.40667402901383987,0.39801541338318125,0.08380415909506078,3243.5535982830415,8.084424797345632,3.571473502049649,-3.2056802574050636,0.09546394552935222,False,Kenya
Kenya,KEN,2001,42.74756195407161,40.760334346424365,2.184694832769536,1.2,Kenya,0.47243921275503054,0.41791983575304104,0.4209173617066411,0.4266232454247759,0.5708530255443127,3348.4876330980164,8.116264070077051,3.18392727314194,3.571473502049649,3.1244640970123285,False,Kenya
Kenya,KEN,2002,43.34106059003517,40.69279600175061,2.570251323998246,1.2,Kenya,0.4444322122715664,0.4450849890053838,0.42273661299698806,0.3857567678828751,0.15750054807580383,3373.0540071391947,8.123573846537141,0.7309776460090234,3.18392727314194,0.47614194143979893,False,Kenya
Kenya,KEN,2003,42.68890182860238,40.30628844629052,2.790238653600631,1.2,Kenya,0.4662164759595132,0.49889929613722306,0.41847453492688846,0.40134417429914204,0.22742172872352928,3362.212414012735,8.120354492821258,-0.3219353715882889,0.7309776460090234,-1.8133692805541548,False,Kenya
Kenya,KEN,2004,42.91375866038325,40.863120338118314,2.4018270550071374,1.2,Kenya,0.4550091732908586,0.43536268784532306,0.4416153752090089,0.41123652418198764,0.08800602751145226,3391.7583571376153,8.129103755322761,0.8749262501503097,-0.3219353715882889,-1.1473095687057886,False,Kenya
Kenya,KEN,2005,43.05316904358043,40.0741668650649,3.415393685653677,1.2,Kenya,0.4475692194392079,0.46484665263024805,0.395041977048158,0.34190473773413577,0.39006606574762825,3424.3137809872374,8.138656374706263,0.9552619383502048,0.8749262501503097,-0.4636035886817127,False,Kenya
Kenya,KEN,2006,42.61618297362355,40.36359938978159,2.8585131582769603,1.2,Kenya,0.457663884765724,0.4493859859202269,0.421113441161471,0.35856761568523055,0.27454458474044463,3364.0351054352495,8.120896456661233,-1.7759918045030076,0.9552619383502048,-3.1543579398319355,False,Kenya
Kenya,KEN,2007,43.384369169128775,40.34923675218425,2.8824077815749454,1.2,Kenya,0.43090943649648866,0.4463007393721088,0.4101861184890514,0.33890261816751105,0.8514844493139939,3531.529623128196,8.169486377070399,4.858992040916554,-1.7759918045030076,2.1037270745620695,False,Kenya
Kenya,KEN,2008,42.984707240408426,40.398040834141746,2.5899882863190835,1.2,Kenya,0.46050049041553426,0.4669936551255846,0.4173102540701652,0.35690520447986873,0.450536539067076,3486.446079256285,8.156638180961746,-1.2848196108652843,4.858992040916554,-0.6952098930067923,False,Kenya
Kenya,KEN,2009,43.11044396655952,40.31434145745713,3.0806367596143382,1.2,Kenya,0.4502999423869318,0.44514335485421114,0.4249507772063282,0.41734074454337156,0.7362798987834215,3663.194006025756,8.206090725074283,4.945254411253686,-1.2848196108652843,2.437602622921081,False,Kenya
Kenya,KEN,2010,43.24861342183869,40.87350251985296,2.467685535888791,1.2,Kenya,0.44288696773050523,0.4452294520535023,0.40332274388273937,0.3576708111755158,0.2749791919736402,3539.861454848287,8.171842868313439,-3.4247856760844186,4.945254411253686,-2.791688765873519,False,Kenya
Kenya,KEN,2011,43.0077023360974,40.43101796374993,2.525643385438882,1.2,Kenya,0.4486799614714573,0.43291557937713093,0.36523833662705474,0.39361370823079195,0.720433702225778,3591.841865752425,8.186420404441987,1.457753612854873,-3.4247856760844186,-2.1287129071168724,False,Kenya
Kenya,KEN,2012,43.130130736664334,40.176746885831285,2.9141594885424755,1.2,Kenya,0.43627920812730386,0.45987805072807314,0.40728924869926114,0.3959277009558321,0.6374453787179021,3646.1893210541807,8.201437879577346,1.5017475135358893,1.457753612854873,0.3767010124723511,False,Kenya
Kenya,KEN,2013,42.95135964800682,40.43488830215301,2.592196894896089,1.2,Kenya,0.44740016074747296,0.44796872602170734,0.3839770605317348,0.40990786244841865,0.9426097101586556,3717.3854293658633,8.220775858589949,1.9337979012602702,1.5017475135358893,0.8309299145798978,False,Kenya
Kenya,KEN,2014,43.01578362277341,40.56898649350716,2.257937974411539,1.2,Kenya,0.45342926377321346,0.47829864634013275,0.39249883089068976,0.3723771025566038,0.3403848376775491,3898.3807490316544,8.268316553345457,4.754069475550793,1.9337979012602702,3.8690097666104397,False,Kenya
Kenya,KEN,2015,43.487349353787025,40.18073241728021,2.8599404876589283,1.2,Kenya,0.43125271719438596,0.4269445946349661,0.3628357431829893,0.36769319868070416,0.9777128128254999,3952.683568805185,8.282150011725628,1.3833458380171137,4.754069475550793,1.9200612548688452,False,Kenya
Kenya,KEN,2016,43.158405603908356,40.5561960451129,2.5065969853869396,1.2,Kenya,0.4505305931293262,0.4678363882520312,0.39594000460351686,0.4164933215636647,0.6300345775424382,3977.435738510258,8.28839260383008,0.6242592104451106,1.3833458380171137,-0.538298260978251,False,Kenya
Kenya,KEN,2017,43.135576685018094,40.140991680504214,2.800177832526668,1.2,Kenya,0.43719059200000654,0.416650280235441,0.3921695220248998,0.4260709769544916,0.5795363691499811,4033.200073489584,8.30231540274022,1.39227989101407,0.6242592104451106,-0.1529536656635191,False,Kenya
Kenya,KEN,2018,43.813164030653915,39.294743106146555,3.4643835041466406,1.2,Kenya,0.4412251597784437,0.4130834158827633,0.39270228324740586,0.3724932483638779,0.1037747086347407,4232.561982618707,8.350562758346301,4.82473556060814,1.39227989101407,3.6666819867666187,False,Kenya
Kenya,KEN,2019,42.96901347548843,40.11237313921449,3.06678296299296,1.2,Kenya,0.4374198008873366,0.4550025673681274,0.39279931813950053,0.3935559017681194,0.30557645932782573,4164.129038231405,8.334262418263213,-1.6300340083088116,4.82473556060814,-1.057693908044484,False,Kenya
Kenya,KEN,2020,43.15868066408737,39.81038490458696,3.0511978640873614,1.2,Kenya,0.4263252234662672,0.433400636084095,0.3641066965139878,0.36564364704464314,0.9969905028125511,4119.905758842468,8.323585568014595,-1.0676850248618308,-1.6300340083088116,-3.749368721264842,False,Kenya
Kenya,KEN,2021,42.52473509833845,39.700735230515825,3.067002728539657,1.2,Kenya,0.4313009731708359,0.41295691956820313,0.3700937650147056,0.3945262545028402,0.8332743050287577,3960.461502065047,8.284115838383677,-3.9469729630917882,-1.0676850248618308,-6.345161337991757,False,Kenya
Kenya,KEN,2022,43.07360648457173,39.51999440800016,3.6022178320146283,1.2,Kenya,0.46753194802065584,0.46022889575669157,0.40396889350845644,0.4111469248254632,0.14528600974578665,4280.535944561439,8.361833501428311,7.771766304463412,-3.9469729630917882,3.9220510596383877,False,Kenya
South Korea,KOR,1990,40.72927307156225,30.42921186545953,10.502319946807695,1.2,South Korea,0.6359484007763554,0.6459690676467023,0.5515038632141771,0.5661146772446654,0.7247667715287615,20633.67040846164,9.934679506307084,,,,False,South Korea
South Korea,KOR,1991,40.515302498203795,31.329838303628758,9.766575063476346,1.2,South Korea,0.6481312835583865,0.639336662392903,0.6122577128896225,0.55484268655486,0.3187525029320699,20879.648423311028,9.946530203890784,1.1850697583700054,,,False,South Korea
South Korea,KOR,1992,41.23545321098244,31.527946280609616,9.526527670445233,1.2,South Korea,0.6586776502417089,0.6643382943496132,0.5658206137890275,0.5715860719226241,0.02440078155653802,21227.80566928553,9.963067189453534,1.6536985562749962,1.1850697583700054,0.08285861471439304,False,South Korea
South Korea,KOR,1993,41.2507423688943,31.10278125412291,9.967088870389174,1.2,South Korea,0.6508228398927542,0.6721324473940613,0.5753947869014714,0.5813863627125527,0.47987562030390885,21435.034660851234,9.972781996052055,0.9714806598520198,1.6536985562749962,-0.6802284140649166,False,South Korea
South Korea,KOR,1994,41.116310942378604,31.374269552312708,9.592344861665582,1.2,South Korea,0.6591982751014767,0.6654755143708794,0.5596420410886644,0.5251465538363722,0.7375823015888915,21723.584783596874,9.986153805714704,1.337180966264917,0.9714806598520198,-0.19680087960216697,False,South Korea
South Korea,KOR,1995,41.37551750256956,31.220098475034284,9.67563694123826,1.2,South Korea,0.6457981318290414,0.6401624396518313,0.5543293084254517,0.5305553731250012,0.2963081204559901,22616.408988468895,10.026430983241964,4.027717752726012,1.337180966264917,2.4306286744091374,False,South Korea
South Korea,KOR,1996,41.237240516353694,31.56872790701785,9.7309469810415,1.2,South Korea,0.6306632169889245,0.606515300355997,0.5461853336964887,0.5497161991697287,0.9499611839502253,22662.927324484637,10.028485710902306,0.20547276603419817,4.027717752726012,-1.8559099631778109,False,South Korea
South Korea,KOR,1997,41.09422316716094,31.00328870423301,9.94755899576441,1.2,South Korea,0.6598432239847659,0.6555634471002557,0.5928696273932407,0.5743631302303831,0.6134113892107077,24612.41642309629,10.111006327231967,8.252061632966168,0.20547276603419817,6.850266272496655,False,South Korea
South Korea,KOR,1998,40.75198848592493,31.767170459284223,9.076346273923487,1.2,South Korea,0.6616710291438364,0.6940932002995907,0.5641047194763058,0.5638996340537323,0.17652803200550826,25612.884271639163,10.15085079571969,3.984446848772194,8.252061632966168,1.1940883803460802,False,South Korea
South Korea,KOR,1999,40.72545316524622,30.676824068136433,10.282955000959804,1.2,South Korea,0.6437685947357524,0.6326590523525474,0.5666439927160469,0.5709836361475406,0.05784267656339637,26120.295550440074,10.170467898427427,1.9617102707737644,3.984446848772194,-0.09220539607531864,False,South Korea
South Korea,KOR,2000,40.690755883918655,31.10999378747736,9.878615304279933,1.2,South Korea,0.6462660073162343,0.6227946031759918,0.5975575366815604,0.5702967249889512,0.15389590633985506,26480.759048289223,10.184173674605717,1.3705776178289497,1.9617102707737644,-0.3342836315805222,False,South Korea
South Korea,KOR,2001,40.72682753482356,31.74318277330315,9.368527018551696,1.2,South Korea,0.6444777695571903,0.6571364059123005,0.5840884530184972,0.5174912218236671,0.5929399348417032,26941.638954715236,10.20142828533416,1.7254610728443254,1.3705776178289497,0.1226088868233064,False,South Korea
South Korea,KOR,2002,40.995905962461414,31.048969155992747,10.091363573625165,1.2,South Korea,0.6415988992141667,0.6448928557629094,0.5701883087907628,0.5570350718551674,0.12951492128280417,26740.67555547567,10.193941114191546,-0.7487171142614102,1.7254610728443254,-2.412809918065653,False,South Korea
South Korea,KOR,2003,40.93679299569105,30.5013646929973,10.255457122181875,1.2,South Korea,0.6528586539072491,0.6595477897069896,0.6007436739699807,0.5951339465964887,0.08698675991141014,27199.115660154508,10.210939739261226,1.6998625069680529,-0.7487171142614102,0.4627273382487358,False,South Korea
South Korea,KOR,2004,40.89471428533461,29.991234590018355,10.804309353652181,1.2,South Korea,0.6325145301504248,0.6073677241418479,0.586945093866566,0.5186236747997546,0.4958757350787708,27970.496329478734,10.238905531103946,2.796579184271941,1.6998625069680529,1.1369038081230944,False,South Korea
South Korea,KOR,2005,40.315778646388424,30.034120602202652,10.666551659816681,1.2,South Korea,0.6448238870096383,0.6492996460424163,0.5800130403872195,0.5718681694271542,0.480586577326648,29016.208255003447,10.275609858184136,3.670432708019078,2.796579184271941,1.8215019413974773,False,South Korea
South Korea,KOR,2006,41.08477609487579,30.27417085420162,10.879292593890623,1.2,South Korea,0.6620562807795284,0.6689189817998659,0.6223281487773198,0.5401115158199452,0.5657319639957911,30101.144400751982,10.312318469972764,3.670861178862772,3.670432708019078,1.6711334988037634,False,South Korea
South Korea,KOR,2007,41.134344115016816,30.784997886093116,10.226656980093974,1.2,South Korea,0.6558392818532597,0.6486534400375185,0.6020684502817799,0.5796374611869289,0.8505817290942419,30454.943427115853,10.324003605679493,1.1685135706729355,3.670861178862772,-0.8312880486435932,False,South Korea
South Korea,KOR,2008,41.08344311793639,30.971287888581227,10.060335928399793,1.2,South Korea,0.6540561759314039,0.6683563162074266,0.598698890982004,0.5730966681760413,0.6801407717603004,29770.241148997226,10.301264554380012,-2.2739051299481616,1.1685135706729355,-3.841888045777149,False,South Korea
South Korea,KOR,2009,40.51403840168247,30.4834554082348,10.067090880697029,1.2,South Korea,0.6638215899103753,0.6767957876621682,0.5940970693130008,0.5671826251524855,0.3351188542591419,29768.06557588526,10.301191472922623,-0.007308145738882388,-2.2739051299481616,-0.9812485810993858,False,South Korea
South Korea,KOR,2010,40.693813094146,30.659744811950905,9.968288106739971,1.2,South Korea,0.6431045967891964,0.6530037071404269,0.5871591882059969,0.5546471478555857,0.5074677337608362,31803.182933985718,10.367321656023073,6.613018310044971,-0.007308145738882388,5.247941580171795,False,South Korea
South Korea,KOR,2011,41.53927835673029,31.047733203436596,10.055526310983694,1.2,South Korea,0.6519109906801991,0.652839721643322,0.5595227687925808,0.5690494133987136,0.6340057030996114,33294.17178649229,10.41313763922384,4.581598320076807,6.613018310044971,2.074082075627615,False,South Korea
South Korea,KOR,2012,41.0034353875012,31.20843381518343,9.731713244039517,1.2,South Korea,0.6649513374551741,0.6692239459437443,0.6037878146435555,0.5571810416902534,0.5412665786761103,34329.24056228404,10.443752764514187,3.0615125290346157,4.581598320076807,0.9045491587887335,False,South Korea
South Korea,KOR,2013,41.53555052062164,30.308236454475967,10.918973282235118,1.2,South Korea,0.6490470446761305,0.6546274751915373,0.5963002704028483,0.555422170437838,0.10250972799067926,34231.78577551814,10.440909900058788,-0.28428644553990523,3.0615125290346157,-2.1789355500421466,False,South Korea
South Korea,KOR,2014,41.19188792284937,30.403574914720824,10.684934210119987,1.2,South Korea,0.6517554582989051,0.6599257052664537,0.5828524645817528,0.5458988230879284,0.7081720886452816,34920.16489595393,10.460819732048744,1.9909831989956217,-0.28428644553990523,0.6737033499086371,False,South Korea
South Korea,KOR,2015,41.222004270891304,31.097455287513792,10.029925969160653,1.2,South Korea,0.6513296967414688,0.6373272804426853,0.6100976596458189,0.523166504134573,0.04574203381251285,34303.12346713242,10.442991692189734,-1.7828039859010048,1.9909831989956217,-3.4927167309023264,False,South Korea
South Korea,KOR,2016,41.025086323223164,31.606425056393928,9.282336551836249,1.2,South Korea,0.6536710226678807,0.6431549149216216,0.5856831522611127,0.5149155644551885,0.7704074178077932,34421.191172683095,10.446427676159258,0.3435983969524159,-1.7828039859010048,-0.7150891209515466,False,South Korea
South Korea,KOR,2017,41.51869860226571,30.474636901601617,10.797207218457505,1.2,South Korea,0.6444480047330681,0.6820711461218799,0.5510429262514364,0.5038046848907062,0.16362382119166918,34856.40926312695,10.458992309268597,1.256463310933853,0.3435983969524159,-0.16916775911745097,False,South Korea
South Korea,KOR,2018,41.003615954180546,30.56560482781689,10.474954627562663,1.2,South Korea,0.6564863633472097,0.6762325413323421,0.6132747908010256,0.5842242853389724,0.2732595269982093,35175.37336426,10.468101496404152,0.910918713555553,1.256463310933853,-0.6722412874582575,False,South Korea
South Korea,KOR,2019,41.018115778527324,30.257447228506425,10.48202234812668,1.2,South Korea,0.6565020117795867,0.654518494503999,0.6277845505225814,0.5366250146861257,0.3975943979627943,36888.34573412121,10.515650946378978,4.754944997482546,0.910918713555553,3.231414050221568,False,South Korea
South Korea,KOR,2020,41.53926834999339,31.00593992292623,10.17290274277645,1.2,South Korea,0.6589788853876034,0.6548475420189769,0.5788635582406183,0.54674963095721,0.03113408288451136,36056.07908823673,10.492830757851458,-2.28201885275201,4.754944997482546,-4.468895867787381,False,South Korea
South Korea,KOR,2021,41.01326371343126,30.789803835861257,10.169613367179632,1.2,South Korea,0.6374846057580956,0.6663598978395608,0.5720931216144347,0.5642078315261438,0.9681934279147217,35841.077837183584,10.486849940218796,-0.5980817632661228,-2.28201885275201,-1.5706220505216435,False,South Korea
South Korea,KOR,2022,40.77617052300425,30.423035709161308,10.32690118305406,1.2,South Korea,0.6526966935739708,0.6480955648620431,0.6015813350415661,0.5692429911436767,0.8447832281168877,35079.79043678984,10.465380472602536,-2.146946761626012,-0.5980817632661228,-3.4100763852137432,False,South Korea
Morocco,MAR,1990,41.192513194704155,37.40128868231886,3.64329115028191,1.2,Morocco,0.3709378466795279,0.373777444957008,0.3401185256695133,0.28560507383920564,0.7640930002129815,4716.784120703071,8.458882516009071,,,,False,Morocco
Morocco,MAR,1991,40.95630167804077,37.74013557141976,3.2482567229990797,1.2,Morocco,0.36665545918847087,0.37854713528398204,0.348185580171647,0.30986386187940756,0.40984767311835,4456.913699765417,8.40221180990637,-5.667070610270031,,,False,Morocco
Morocco,MAR,1992,40.25002078277528,37.33350953667317,3.450150519790249,1.2,Morocco,0.357814300340489,0.40618985592675827,0.35194203521129924,0.29844964520434203,0.526768907269492,4658.720820101404,8.446496187312926,4.428437740655511,-5.667070610270031,0.9637426135702234,False,Morocco
Morocco,MAR,1993,41.5051244367875,37.25972872469491,3.8568205634367163,1.2,Morocco,0.3687357231111724,0.3516621749454137,0.3336342786145502,0.30357898874491585,0.2299614154010342,4810.316118403448,8.478518082022068,3.202189470914263,4.428437740655511,0.8907008843862445,False,Morocco
Morocco,MAR,1994,41.33125501465091,36.99732672847953,3.88465118108898,1.2,Morocco,0.3841156571916428,0.3652875938116023,0.3681234319447661,0.34260980266901986,0.5035768963385915,5092.06129592705,8.535437997296723,5.69199152746549,3.202189470914263,3.240429011437626,False,Morocco
Morocco,MAR,1995,41.42567181460859,37.41600780505793,3.662491982342395,1.2,Morocco,0.38509028354067976,0.4081681662314496,0.32937032373563924,0.3142531999346166,0.44215411378658276,5167.384319946995,8.55012190522833,1.468390793160701,5.69199152746549,-0.6987624671366595,False,Morocco
Morocco,MAR,1996,41.15289522896188,36.777301022557914,4.172555194897634,1.2,Morocco,0.3935203936597433,0.43550854406979345,0.3533433917141849,0.3776747577028476,0.03206351709454158,5455.26257225217,8.6043360313438,5.421412611547005,1.468390793160701,2.771798852759123,False,Morocco
Morocco,MAR,1997,41.101688569772335,36.86088421444282,4.067504929715044,1.2,Morocco,0.39504942189115205,0.4106870187432345,0.38538012297051805,0.32613834333453223,0.22700129933842061,5763.524044315454,8.659304379857724,5.496834851392407,5.421412611547005,3.2987734520764223,False,Morocco
Morocco,MAR,1998,41.02329217295815,37.09655300057424,3.8672023116673744,1.2,Morocco,0.37440836164940794,0.36520222639792066,0.35757251936385853,0.3106463704762097,0.8279120621490643,5912.818929073586,8.684877972837759,2.5573592980034476,5.496834851392407,0.36791335590564467,False,Morocco
Morocco,MAR,1999,41.22440067882077,36.85017696745689,4.290136126931203,1.2,Morocco,0.3933877797042106,0.35818252969261044,0.33516645060454114,0.35049122223919355,0.16814108589474708,5824.597563612371,8.669845188255362,-1.5032784582396985,2.5573592980034476,-4.0284997091326815,False,Morocco
Morocco,MAR,2000,40.82990049921763,36.913984043753864,3.8772328279816484,1.2,Morocco,0.3807991526374004,0.38721775387591356,0.3229619191708649,0.3381400385333876,0.26120017127391293,6100.62603442803,8.716146673490208,4.6301485234845785,-1.5032784582396985,1.6410819805509935,False,Morocco
Morocco,MAR,2001,40.76411416350425,36.86065249129491,4.158558936528578,1.2,Morocco,0.3598709195610664,0.36252727022939174,0.31342677586423406,0.2912322654570709,0.03574839446586464,6044.481302827227,8.706900953383434,-0.9245720106774158,4.6301485234845785,-3.213019241983527,False,Morocco
Morocco,MAR,2002,41.24582183625944,37.03744569026157,3.8676713906652562,1.2,Morocco,0.37927142311158946,0.4170569990216694,0.34610770692322307,0.30556527184687854,0.0942103636124938,6140.459825517079,8.722654908486422,1.5753955102988826,-0.9245720106774158,-1.3475655887884495,False,Morocco
Morocco,MAR,2003,41.12691079241912,37.169041110031976,4.105940432261617,1.2,Morocco,0.3845918016733486,0.3787002488633487,0.33888326871082525,0.33061285142871616,0.8211261044851798,6437.702582979347,8.769927013677522,4.727210519109981,1.5753955102988826,2.089819873352649,False,Morocco
Morocco,MAR,2004,41.32148955196672,36.36461042589985,4.273300433228493,1.2,Morocco,0.39209230647223936,0.39160657655883885,0.3856622863770121,0.3514389137521273,0.9935015603957081,6777.3688474848395,8.821344230021415,5.141721634389285,4.727210519109981,2.8643617623625595,False,Morocco
Morocco,MAR,2005,40.188098741173974,36.6683451335789,4.312154220637744,1.2,Morocco,0.38610511002359016,0.35973674722106236,0.3363293015051182,0.32722739505919846,0.014470641502865034,6842.1688352784695,8.830860041538045,0.9515811516630279,5.141721634389285,-1.2784292543776719,False,Morocco
Morocco,MAR,2006,40.874484479115225,37.2366371764365,3.925714643259366,1.2,Morocco,0.38326994513270096,0.3665674550532563,0.3780012116440393,0.3673350050667647,0.031856762528260085,7107.70990520928,8.868935376006306,3.807533446826028,0.9515811516630279,1.0988846956354563,False,Morocco
Morocco,MAR,2007,40.94834445161146,37.33988495229668,3.7630718950958033,1.2,Morocco,0.3879991128168839,0.38684256265076605,0.3820811370922447,0.3028435063901011,0.7798186756231436,6920.947020223613,8.842307891881719,-2.662748412458704,3.807533446826028,-5.045162688690957,False,Morocco
Morocco,MAR,2008,41.59782284025059,36.992096342741824,3.8794183213164857,1.2,Morocco,0.3810172320847177,0.41097746749080627,0.3366587794152155,0.34448303403934816,0.8886932147847983,6961.286264896553,8.84811954442833,0.5811652546611867,-2.662748412458704,-2.540347153136886,False,Morocco
Morocco,MAR,2009,41.164426311224645,37.24604649628628,4.108511488331925,1.2,Morocco,0.3719860872973741,0.353042027074184,0.3059594348201282,0.30736099837247094,0.23179027761657967,7407.27893822772,8.910218436036189,6.209889160785842,0.5811652546611867,3.458927925637021,False,Morocco
Morocco,MAR,2010,40.58476297189744,37.4357716866756,3.4844353582590157,1.2,Morocco,0.4012099356584511,0.42076688695153774,0.31338666811874527,0.32972327052547534,0.9154768812183315,7853.950016772594,8.968771871070416,5.855343503422716,6.209889160785842,3.7473495164698636,False,Morocco
Morocco,MAR,2011,41.24580227605233,37.248878858167195,3.533857030256506,1.2,Morocco,0.37780397905774427,0.3576413799222073,0.3395092418542278,0.2779014595343119,0.45763187454517507,8168.708177760313,9.00806605757492,3.9294186504504225,5.855343503422716,1.780925031702421,False,Morocco
Morocco,MAR,2012,40.92552394021035,36.9643740119994,4.1234205160842325,1.2,Morocco,0.3685805818083869,0.36977868694431565,0.29922009844989766,0.31495173160056966,0.18433134898819126,8297.32420559214,9.023688356939099,1.562229936417836,3.9294186504504225,-0.8062614337921641,False,Morocco
Morocco,MAR,2013,40.85054227296969,36.43725050265208,4.345302433030253,1.2,Morocco,0.39925626127461944,0.37719124716521263,0.37761582604304,0.36257585866877334,0.4705007190896823,8674.170495716362,9.068104980152835,4.441662321373663,1.562229936417836,1.802767776517637,False,Morocco
Morocco,MAR,2014,40.90245217909887,37.16376011906572,4.026175861497546,1.2,Morocco,0.3644696472216018,0.33639847463032857,0.3263470205016603,0.3548799623167839,0.8491322479885106,8841.6093466894,9.08722419185501,1.91192117021739,4.441662321373663,-0.3980567768806784,False,Morocco
Morocco,MAR,2015,40.602482110152394,36.48403674490326,4.83904930973246,1.2,Morocco,0.3793890267043232,0.3807788589587158,0.34830156066452,0.3033679090047898,0.3012257480622794,9063.063882475013,9.111962518741736,2.4738326886726725,1.91192117021739,-0.125116743567383,False,Morocco
Morocco,MAR,2016,40.852941165956594,36.46733384398126,4.463920421711172,1.2,Morocco,0.3895317625432935,0.40531326657129174,0.3379941728320169,0.31696786279433936,0.5212677538240658,9268.355758474618,9.134361270494733,2.239875175299666,2.4738326886726725,-0.2948872922257606,False,Morocco
Morocco,MAR,2017,41.35715741148669,36.47737566953357,4.441653063998057,1.2,Morocco,0.37468628483033023,0.35677619442415814,0.31905009448788346,0.30895373949675203,0.20518283339516075,9238.088930809054,9.131090317574335,-0.3270952920397363,2.239875175299666,-2.888582648026033,False,Morocco
Morocco,MAR,2018,40.70253490622759,37.064787235261434,3.705952583592832,1.2,Morocco,0.3746202147117805,0.3839491066485857,0.338739149283608,0.31266406189479107,0.97598311939245,9624.035448346709,9.172018940975528,4.0928623401192965,-0.3270952920397363,1.2381508066618618,False,Morocco
Morocco,MAR,2019,40.42645545207455,36.81428760523746,4.176441654246392,1.2,Morocco,0.3722094759569331,0.3653131733435872,0.3522855128272181,0.31937418070221485,0.7840617798284788,9507.599846404553,9.159846741604179,-1.217219937134928,4.0928623401192965,-3.567041189368979,False,Morocco
Morocco,MAR,2020,40.824444777042004,36.788079652315105,3.9325457658283347,1.2,Morocco,0.3649695314064252,0.3848834064938324,0.3108439041612428,0.31203029767959006,0.67894542428067,9919.044515828493,9.202211876671047,4.236513506686812,-1.217219937134928,1.2801233328921735,False,Morocco
Morocco,MAR,2021,41.3330462347648,37.992473852872,2.9648086555513506,1.2,Morocco,0.3981030261000416,0.4060884142523251,0.3463439575405865,0.34971781077385916,0.26175286903702366,9831.577646116533,9.193354693256117,-0.8857183414930248,4.236513506686812,-3.219130369041609,False,Morocco
Morocco,MAR,2022,41.27544386756235,38.217359409176524,2.7625388234606403,1.2,Morocco,0.35927644818304,0.36235708501671177,0.321694848464368,0.3281088084484348,0.799578644102003,9815.234895022224,9.191691038673016,-0.16636545831012484,-0.8857183414930248,-3.0848883157685467,False,Morocco
Mexico,MEX,1990,49.80753718376515,45.88629795858295,4.159958445965721,1.2,Mexico,0.5074419197149994,0.5038174362506374,0.44371026697707094,0.4577517124032097,0.39245818622948003,9377.123312745898,9.14602831188727,,,,False,Mexico
Mexico,MEX,1991,50.1425384202044,45.709140262512214,4.152472998252863,1.2,Mexico,0.502475119165762,0.5054832279292854,0.4542380091393491,0.43885848434049657,0.3571211593005028,9545.079847537401,9.163781101503318,1.7752789616048759,,,False,Mexico
Mexico,MEX,1992,50.118013061076226,45.44893039261171,4.271677195838069,1.2,Mexico,0.4931537017424,0.5089662137256553,0.4044362552139233,0.43703259324702615,0.6566310737078761,9708.59105197341,9.180766447973566,1.6985346470248075,1.7752789616048759,-0.9477007971666223,False,Mexico
Mexico,MEX,1993,50.423753920988304,46.485364060320975,3.7194557076472274,1.2,Mexico,0.4928991888095956,0.4809449985349338,0.4130838499941918,0.41961582203632747,0.03892996332566745,9867.304721267672,9.196982017249224,1.6215569275658481,1.6985346470248075,-1.0320883785315624,False,Mexico
Mexico,MEX,1994,49.937290323191775,46.03712694246826,4.098577847811747,1.2,Mexico,0.4959296368707322,0.5096560060098663,0.4484545622459637,0.4332284509495721,0.4366141897687661,9542.799341559992,9.163542153428924,-3.3439863820300175,1.6215569275658481,-6.005064085877663,False,Mexico
Mexico,MEX,1995,50.26158030995583,45.828341549658674,4.059297141636207,1.2,Mexico,0.5054923079650164,0.5581767488380156,0.43884089237078894,0.4488261063338035,0.3530503916003024,10065.191895165764,9.216838403482386,5.329625005346195,-3.3439863820300175,2.1891112623130518,False,Mexico
Mexico,MEX,1996,49.68065817616215,46.059936765705984,3.574384172005712,1.2,Mexico,0.4981087960922297,0.5165417983307189,0.445746934075456,0.4536155752833422,0.4975398521461022,10060.330995336712,9.216355345233413,-0.04830582489727675,5.329625005346195,-2.3513599729326833,False,Mexico
Mexico,MEX,1997,50.42759868304109,45.092778952636785,4.58200414963791,1.2,Mexico,0.5040902805374263,0.4775800823037782,0.44266682856977346,0.40795234568191185,0.8550302016199351,10590.36939009763,9.267700319016173,5.1344973782759595,-0.04830582489727675,2.312190110187644,False,Mexico
Mexico,MEX,1998,49.8629570057784,45.50150722049079,4.518782265639226,1.2,Mexico,0.47395786143372864,0.4779368243696585,0.43529684632502597,0.4109500773179033,0.3321910331156046,10779.770706493377,9.285426573967142,1.7726254950968467,5.1344973782759595,-0.5492687296080012,False,Mexico
Mexico,MEX,1999,49.68093208116959,46.11462027793869,3.9253067256436047,1.2,Mexico,0.5103704728873993,0.5251822902494603,0.44028984946387245,0.4422680032643215,0.875883083517057,11340.801842218243,9.336162283972287,5.073571000514576,1.7726254950968467,2.427079357274341,False,Mexico
Mexico,MEX,2000,50.30735380262801,45.91398391490727,3.929380112749697,1.2,Mexico,0.4822141241599348,0.48860716067831433,0.42390911512378787,0.4082515520739116,0.12786680122241756,11684.402501353401,9.366010111849013,2.9847827876725574,5.073571000514576,0.6570059637404735,False,Mexico
Mexico,MEX,2001,49.92007593977745,46.76091906134651,3.122762151797171,1.2,Mexico,0.5069023680038027,0.45573500033866066,0.44158186312549585,0.4104031025768664,0.30394251225502733,11880.697720851189,9.382670321903435,1.6660210054421754,2.9847827876725574,-0.8634337185752945,False,Mexico
Mexico,MEX,2002,49.8650088854406,45.919264590331025,3.8655882179399286,1.2,Mexico,0.5067937328295651,0.48381785212639195,0.4694406095647928,0.44002649876220934,0.4226291970136091,12198.956062307567,9.409105658396827,2.643533649339247,1.6660210054421754,-0.013250932879217636,False,Mexico
Mexico,MEX,2003,50.180881083126565,45.84321937106232,4.130775416637978,1.2,Mexico,0.48937702844833625,0.46541136073339306,0.45771125878843444,0.4275633387675387,0.18161396775660266,11903.87150952427,9.384618963123849,-2.448669527297831,2.643533649339247,-5.011072737524618,False,Mexico
Mexico,MEX,2004,50.00971103021811,46.411135523687285,3.6183289424100105,1.2,Mexico,0.507833905092826,0.5028031273719361,0.44510031068971057,0.46010621656287226,0.5906378339946378,12144.102109792742,9.404598907850453,1.9979944726603804,-2.448669527297831,-1.0560741142466843,False,Mexico
Mexico,MEX,2005,49.76586996360666,46.03500902695485,4.066955114600368,1.2,Mexico,0.4940157406465644,0.49858727119692237,0.48065746275053683,0.42757538379104415,0.16732130400106038,13012.177218876137,9.473640907149752,6.904199929929966,1.9979944726603804,4.279468243903183,False,Mexico
Mexico,MEX,2006,50.35709171105304,46.24227676707887,3.1481967198505814,1.2,Mexico,0.5041839822088868,0.5322159540678154,0.46677458583872095,0.3984947788423574,0.2965599122059307,13783.09415799009,9.53119805912943,5.755715197967781,6.904199929929966,3.6046903281353044,False,Mexico
Mexico,MEX,2007,49.904813982424265,45.44909095375453,4.257671849751564,1.2,Mexico,0.5097039338984685,0.5257712348748917,0.4594000990219377,0.41412480615070524,0.5088905555910559,13651.455857504845,9.521601451153195,-0.959660797623485,5.755715197967781,-3.221574836400051,False,Mexico
Mexico,MEX,2008,49.423548640835406,46.052066482730766,4.173731737461638,1.2,Mexico,0.5060672305913618,0.5024032982169541,0.4661506205018367,0.4479102545201343,0.7143266357349976,14131.585416974074,9.556167671576457,3.456622042326174,-0.959660797623485,0.5463210963715346,False,Mexico
Mexico,MEX,2009,49.82506547830919,46.2269539340339,3.5696011977457673,1.2,Mexico,0.5081607284339384,0.5066765088629507,0.47909393907117453,0.45041985564596576,0.8616909037873453,14519.347593003593,9.583237355758008,2.7069684181551423,3.456622042326174,0.2230709935667612,False,Mexico
Mexico,MEX,2010,49.484251659837184,45.64927081484218,4.270010761453952,1.2,Mexico,0.5083894050046961,0.4960443412737576,0.4463844294253059,0.41012790959455775,0.3356104542698427,15165.685765502269,9.62679063937738,4.355328361937083,2.7069684181551423,1.799049942576377,False,Mexico
Mexico,MEX,2011,49.59497026456207,45.99397018737107,4.326875633565934,1.2,Mexico,0.510582070469439,0.5293332729135344,0.47219609423401177,0.4357541363200798,0.49625875288236154,15511.836273084671,9.64935864201149,2.2568002634111295,4.355328361937083,-0.14032474345760892,False,Mexico
Mexico,MEX,2012,49.79681774479722,46.22217470619797,3.6175015256483416,1.2,Mexico,0.4890829912386069,0.4813409971891189,0.45408544726606176,0.4327025847676787,0.3843550385241349,15713.410727229997,9.662269813174541,1.2911171163050739,2.2568002634111295,-1.3086262017829942,False,Mexico
Mexico,MEX,2013,49.631625334792446,45.679899616753616,3.8840271414987457,1.2,Mexico,0.4993971100860839,0.5084930134789315,0.4649400283098628,0.4044588020430698,0.8171281420155851,16654.94137923203,9.72046223091171,5.819241773716932,1.2911171163050739,3.126259252123781,False,Mexico
Mexico,MEX,2014,49.77435173957974,46.469214386499694,3.3489650357796346,1.2,Mexico,0.5050066572138121,0.5060021309574313,0.45464725466499445,0.4160492358422713,0.7184539473225501,17096.16237159379,9.746609294590392,2.6147063678681803,5.819241773716932,0.3589259841543613,False,Mexico
Mexico,MEX,2015,50.01692347015087,45.5909959311721,4.458078270626965,1.2,Mexico,0.49762056452652925,0.50300104588928,0.45273124901442674,0.4507126411701729,0.3965536819899632,18081.994276017776,9.802671930740342,5.606263614994944,2.6147063678681803,3.0410770562426768,False,Mexico
Mexico,MEX,2016,50.06459078898246,46.24002831706775,3.5550659003496534,1.2,Mexico,0.495211625439916,0.4779561101590536,0.4595600411342043,0.413089628825546,0.672702994208898,18972.199534083305,9.850730004235192,4.805807349485036,5.606263614994944,2.5294633741389854,False,Mexico
Mexico,MEX,2017,49.914090159240445,46.27716494320303,3.6056247288018546,1.2,Mexico,0.49350608306256255,0.5089479788420683,0.46638704789894564,0.45817429057184594,0.8328303767882711,19166.956423994143,9.860943055776668,1.0213051541475338,4.805807349485036,-1.3323249422833254,False,Mexico
Mexico,MEX,2018,49.918731911878716,46.14527208497676,3.8075018966676453,1.2,Mexico,0.49630722860753795,0.49917499795438297,0.41115180108881777,0.43003420054602065,0.3067765995221412,19454.268943032064,9.875821807895978,1.4878752119310334,1.0213051541475338,-1.2311583518938298,False,Mexico
Mexico,MEX,2019,50.071516512451225,45.91036336702723,4.0719138439221405,1.2,Mexico,0.512497807014036,0.48219590015492303,0.4856029960256565,0.4182543153768876,0.4045273855738697,20969.6586974728,9.950831848011145,7.501004011516699,1.4878752119310334,4.827018992545726,False,Mexico
Mexico,MEX,2020,49.929249726855744,45.779550324938505,4.159110217496306,1.2,Mexico,0.494641985369477,0.46049482621761806,0.42284729803355614,0.4451619199641942,0.056585656146715624,21509.51144175446,9.976250508928723,2.5418660917578606,7.501004011516699,0.44846419834625983,False,Mexico
Mexico,MEX,2021,49.59789313759364,45.67445286656085,4.4795185120502214,1.2,Mexico,0.5054105676349264,0.5023408820558093,0.4826146590924857,0.452531460820926,0.6322821536376398,21450.169868020475,9.97348784357984,-0.27626653488841413,2.5418660917578606,-2.848486010543052,False,Mexico
Mexico,MEX,2022,50.47252484828262,46.2365976199692,3.8611360849242597,1.2,Mexico,0.4964023135421091,0.46988135982046836,0.4384927789654327,0.42714757664245045,0.27785277608971226,21106.93930052824,9.957357142198322,-1.6130701381516843,-0.27626653488841413,-4.457387601917249,False,Mexico
Malaysia,MYS,1990,46.48816934249907,41.37518307589736,4.608150398703318,1.2,Malaysia,0.40204008518590284,0.37037397339336053,0.3516272325319815,0.33419171493414845,0.19668855823121312,11291.522241409262,9.331807479003395,,,,False,Malaysia
Malaysia,MYS,1991,46.198443518393645,40.432894528751326,5.391979724749328,1.2,Malaysia,0.4144773874788739,0.3925345144862976,0.41886787406736026,0.3896550194402698,0.6537779229561563,12044.974033985627,9.396402759296182,6.459528029278694,,,False,Malaysia
Malaysia,MYS,1992,45.812763683481116,40.24104377644389,5.3355075611320055,1.2,Malaysia,0.43579829718723617,0.41155716415270494,0.4354132526817326,0.33319886359804096,0.887817640335819,12879.389010915142,9.463383561492423,6.698080219624103,6.459528029278694,4.296468210191235,False,Malaysia
Malaysia,MYS,1993,46.484884526069116,41.369935001410845,4.665422526141788,1.2,Malaysia,0.4152344857678076,0.38914269689179815,0.3558391369166444,0.32012171059059447,0.15049549807258555,12933.318126216782,9.467562061134583,0.4178499642160105,6.698080219624103,-2.0405181832186763,False,Malaysia
Malaysia,MYS,1994,45.433180723637825,40.663401667779944,5.116705954863952,1.2,Malaysia,0.43421582856672675,0.43455232989248294,0.3815329668253737,0.3113969669381537,0.8487675852813142,13096.860554011113,9.480127828102463,1.256576696787981,0.4178499642160105,0.2923956894631148,False,Malaysia
Malaysia,MYS,1995,46.21791895395969,40.453804769758946,5.527786722516852,1.2,Malaysia,0.4191291527385685,0.4567266437269887,0.3876313598718859,0.34970365063025277,0.5770204016905583,12704.882483006731,9.44974164604653,-3.038618205593302,1.256576696787981,-4.202348377026632,False,Malaysia
Malaysia,MYS,1996,46.617929769801925,41.19048575156929,4.771764508057833,1.2,Malaysia,0.41275231541754526,0.3952451081958493,0.36234713790642353,0.37652820916046115,0.49221618328746686,12686.401131920726,9.448285921741293,-0.14557243052362168,-3.038618205593302,-0.2873934160832663,False,Malaysia
Malaysia,MYS,1997,45.47776107059612,41.0540859909185,4.812723529929638,1.2,Malaysia,0.4177821859628386,0.4371695720109997,0.36337591625522364,0.35616538543271914,0.0023474738674531537,12387.574525669841,9.424449194819529,-2.383672692176475,-0.14557243052362168,-3.2138047136468995,False,Malaysia
Malaysia,MYS,1998,45.981905724065875,41.725154352535895,4.874093466543735,1.2,Malaysia,0.4279165420609352,0.40554121880465827,0.42046537774275894,0.3424441665131304,0.7120719922479305,12771.169482652514,9.454945525307313,3.0496330487784107,-2.383672692176475,2.7519879733651598,False,Malaysia
Malaysia,MYS,1999,46.184952322740344,40.65880256817668,5.340883030929472,1.2,Malaysia,0.4139509323607182,0.42390669854907376,0.383304079181054,0.364704317206834,0.5967229901062171,12759.551547938452,9.454035411135287,-0.09101141720257999,3.0496330487784107,-1.6813440591948867,False,Malaysia
Malaysia,MYS,2000,46.0319458583808,41.312680615746174,4.789599183488694,1.2,Malaysia,0.4077451152078117,0.3909439144969756,0.3675157163342421,0.32545886711327926,0.5852608755098465,12593.132952064676,9.440906940566622,-1.3128470568664952,-0.09101141720257999,-2.1559601890828923,False,Malaysia
Malaysia,MYS,2001,46.42378237019087,41.063092286600245,5.124301021782624,1.2,Malaysia,0.4161367752455282,0.3720308877904101,0.40231838039990253,0.3268120655425269,0.9012592077965633,12710.72217377456,9.450201181906444,0.9294241339821596,-1.3128470568664952,0.37700911725946695,False,Malaysia
Malaysia,MYS,2002,45.81999841758667,41.35236928392623,4.603704485690284,1.2,Malaysia,0.41612750634021045,0.3941787148095113,0.3813921119691482,0.33394049161984146,0.7288705094885958,12513.117363342246,9.434532762133964,-1.566841977247968,0.9294241339821596,-2.652736284020526,False,Malaysia
Malaysia,MYS,2003,45.7192800402447,41.00394784440055,4.758412417775381,1.2,Malaysia,0.4184216249015974,0.4245874661743738,0.3645717485540156,0.3584514549576648,0.8937741877619448,12879.382622606574,9.46338306548208,2.885030334811667,-1.566841977247968,2.393045577530561,False,Malaysia
Malaysia,MYS,2004,45.55910036737891,40.42407062347163,5.375824239696888,1.2,Malaysia,0.4403500910933479,0.4475142237707554,0.39074090349962015,0.3795829888905818,0.038591561938133845,13246.87551840579,9.491516993675196,2.8133928193115665,2.885030334811667,1.2622223176284453,False,Malaysia
Malaysia,MYS,2005,46.11392565654961,41.20749451827065,4.94055009445049,1.2,Malaysia,0.416376524424539,0.4312129703123415,0.3728995026580242,0.33228175838659546,0.5983060756960188,13386.346867371256,9.501990576022548,1.047358234735185,2.8133928193115665,-0.4867683290576825,False,Malaysia
Malaysia,MYS,2006,46.16122893104173,40.65281842326949,5.204382557283579,1.2,Malaysia,0.4192222729973558,0.4101001760023605,0.35650736684112466,0.3647606318521485,0.9058493899993058,13360.641541869763,9.500068465538762,-0.19221104837860992,1.047358234735185,-1.3061641379599418,False,Malaysia
Malaysia,MYS,2007,46.26525632161383,40.35879490875042,5.7615150917183655,1.2,Malaysia,0.4079080128876039,0.4090428465535403,0.3693863323999746,0.35043856353251834,0.7317052727231516,13090.980490437334,9.479678759875522,-2.038970566323961,-0.19221104837860992,-2.858006366764685,False,Malaysia
Malaysia,MYS,2008,46.40615066403793,41.74800665321395,4.330405770102803,1.2,Malaysia,0.41081796627149003,0.42363718225555197,0.3830415997701429,0.32877401136662937,0.21972275011039688,13570.904974782208,9.515683439977584,3.6004680102061926,-2.038970566323961,3.2208116927411368,False,Malaysia
Malaysia,MYS,2009,46.01467744740405,41.1702293451379,4.774708812389694,1.2,Malaysia,0.43448820108337716,0.4281865625251987,0.3862107696805396,0.3986506220588501,0.7921899382752451,13935.441497100623,9.542190622019161,2.650718204157698,3.6004680102061926,0.9293313679374764,False,Malaysia
Malaysia,MYS,2010,46.26036283001953,41.05709621749939,4.625612453590166,1.2,Malaysia,0.42451469586563795,0.4442693978861441,0.36698539570798033,0.34271818865943826,0.31484115540873536,14408.263556636959,9.575557179070287,3.3366557051126122,2.650718204157698,1.8412325499688007,False,Malaysia
Malaysia,MYS,2011,45.812175860928285,40.31677510917526,5.635488146212042,1.2,Malaysia,0.41653228423233285,0.404816429763359,0.3704470619213988,0.3252328089069845,0.9084375478722649,14563.972775814374,9.586306140014146,1.0748960943859132,3.3366557051126122,-0.5837247384168207,False,Malaysia
Malaysia,MYS,2012,45.77912053295734,40.586329245333296,5.376548567705294,1.2,Malaysia,0.42306698373659435,0.41205264797422286,0.36843297677928816,0.36531805396691314,0.9225724049058001,14760.037271255736,9.599678623304102,1.3372483289955994,1.0748960943859132,0.21674345483266988,False,Malaysia
Malaysia,MYS,2013,46.236583335779564,41.49083741664726,4.673608446464808,1.2,Malaysia,0.40052657525859187,0.42009573137192285,0.34426334513630014,0.3575870997094588,0.6935098370463204,15693.75685211257,9.661018259519903,6.13396362158003,1.3372483289955994,4.951040122750385,False,Malaysia
Malaysia,MYS,2014,46.97237772309303,41.543612533194164,4.66729420611425,1.2,Malaysia,0.44073778682803283,0.42501170576526626,0.41047661954036474,0.35288231202893455,0.7722402758932766,15724.86900370885,9.662998751086175,0.19804915662717804,6.13396362158003,-2.126104840682342,False,Malaysia
Malaysia,MYS,2015,45.97088226223776,41.83294005310716,4.45232534227285,1.2,Malaysia,0.4432469891432342,0.4326680538887402,0.4180683866807814,0.37463812806492064,0.49786918051431917,15891.877794797474,9.673563427174082,1.0564676087907898,0.19804915662717804,0.14458142613452096,False,Malaysia
Malaysia,MYS,2016,46.23555769201889,40.960678280048015,4.7881896786928735,1.2,Malaysia,0.42402944573503604,0.4331702470469634,0.3531042268186704,0.3509679730152197,0.406082132559771,16564.37061289573,9.715009319016438,4.144589184235592,1.0564676087907898,3.028468799982761,False,Malaysia
Malaysia,MYS,2017,45.55375864198577,41.89405552139865,4.153776215516801,1.2,Malaysia,0.4148315311682617,0.42721219010003236,0.4011891530831774,0.35482938899895267,0.3534774751283788,17046.18407452305,9.743681649717065,2.8672330700626247,4.144589184235592,1.016389378308154,False,Malaysia
Malaysia,MYS,2018,46.14914087211583,41.22916543731888,4.877151759829666,1.2,Malaysia,0.4071737056807306,0.42151528642065383,0.37001189788435723,0.3413785401081574,0.09896862340870682,16340.494789833647,9.701401648851109,-4.228000086595607,2.8672330700626247,-5.774936277905434,False,Malaysia
Malaysia,MYS,2019,45.54786496430965,40.53235408888494,5.066972085235026,1.2,Malaysia,0.4269091095739219,0.41801297281051214,0.3869987723555922,0.3619702853313526,0.9797343347738597,15839.877556092964,9.670285935293904,-3.1115713557204216,-4.228000086595607,-2.9704155969572112,False,Malaysia
Malaysia,MYS,2020,46.26174955064292,41.620567101346005,4.601102414230003,1.2,Malaysia,0.4156795618575522,0.45183136830139836,0.38010225573266126,0.34180238899835397,0.031174909111921223,15842.650516764572,9.670460981974037,0.017504668013224034,-3.1115713557204216,-0.1069593649638978,False,Malaysia
Malaysia,MYS,2021,45.801652981415906,40.35441583313744,5.276408391937195,1.2,Malaysia,0.4185634047010288,0.4152617934009679,0.37734225336255495,0.3572923648081422,0.8013715354636367,16592.150310579942,9.716684989648376,4.622400767433987,0.017504668013224034,3.7534695788039913,False,Malaysia
Malaysia,MYS,2022,45.86797329682386,41.523666077031265,4.871402546537836,1.2,Malaysia,0.4034582355977234,0.38276880845737266,0.36080400601390283,0.31126734156966096,0.5518287335341685,17258.32833672597,9.7560501080771,3.9365118428722923,4.622400767433987,1.9719876180838996,False,Malaysia
Nigeria,NGA,1990,44.069464047583494,40.56132517031449,3.6086088801752116,1.2,Nigeria,0.36575877588342065,0.3566307122266185,0.29277493733364185,0.33464778228808567,0.4489117225927901,2361.3090379089062,7.76697142132323,,,,False,Nigeria
Nigeria,NGA,1991,43.88607921564511,39.850055737412674,3.974922334148391,1.2,Nigeria,0.3657604188780239,0.3693310022724335,0.28989365622816304,0.281273441553886,0.03561215027284148,2362.111628432694,7.767311255772968,0.03398344497380634,,,False,Nigeria
Nigeria,NGA,1992,44.45978836771794,41.29313109991714,2.981082378236596,1.2,Nigeria,0.40979054963801387,0.40756469148590774,0.4041362918802006,0.35836172034008845,0.17748183499101178,2516.4686542079558,7.830611870032322,6.330061425935352,0.03398344497380634,4.217876297357186,False,Nigeria
Nigeria,NGA,1993,44.54338030446774,41.12807680929108,2.801579358404586,1.2,Nigeria,0.3874928255687945,0.37554324840830644,0.318832712281951,0.3291229327473142,0.06007316835498244,2603.2552367384183,7.864517955023623,3.39060849913011,6.330061425935352,1.2975373005497297,False,Nigeria
Nigeria,NGA,1994,44.19767317534426,40.89313215388344,3.5470884738674786,1.2,Nigeria,0.371361340336043,0.3629001283155274,0.34009207714098333,0.35217708352045746,0.14383447099031088,2631.5880301622806,7.875342756699553,1.0824801675929585,3.39060849913011,-1.0195147605925245,False,Nigeria
Nigeria,NGA,1995,43.81645853496206,40.76637130766287,2.8642294568990048,1.2,Nigeria,0.3838597009256888,0.3603268020476877,0.3640355430529415,0.2908711230313139,0.315653626982324,2671.5251682340627,7.890404812365637,1.506205566608454,1.0824801675929585,-0.6027964862486597,False,Nigeria
Nigeria,NGA,1996,44.17965025179682,40.5854355194357,3.4186260818763863,1.2,Nigeria,0.379190750467182,0.37677769161238617,0.33526638106208717,0.2962870854092627,0.6582837834261573,2953.42779560842,7.9907217393884995,10.031692702286232,1.506205566608454,7.923977014947392,False,Nigeria
Nigeria,NGA,1997,44.30384411155861,40.68197757263119,3.4041662786628057,1.2,Nigeria,0.40441221722471915,0.41315475281934017,0.3658120982484871,0.3532751917087646,0.47117255937814184,3055.7925125098814,8.024794252860321,3.407251347182161,10.031692702286232,1.325417735129096,False,Nigeria
Nigeria,NGA,1998,44.2601545442336,40.49467469649604,2.878944339755123,1.2,Nigeria,0.38740756378503105,0.3899489352522222,0.33839458136224915,0.3483516230011602,0.23725436365713726,3130.703158918638,8.049012909715554,2.4218656855232723,3.407251347182161,0.3199212824795672,False,Nigeria
Nigeria,NGA,1999,43.547487983800444,40.23646740956615,3.715258699493578,1.2,Nigeria,0.3803214314696456,0.34580600897339414,0.3427360731090532,0.3571441594174722,0.06779639582811259,3180.8654681094563,8.064908598528316,1.5895688812761932,2.4218656855232723,-0.5153670019579928,False,Nigeria
Nigeria,NGA,2000,44.310912272767695,41.25881069744551,2.8356795054255444,1.2,Nigeria,0.38850186553848376,0.4009269546175876,0.36913692424636446,0.3052354676529216,0.4265919010543934,3343.4549643092514,8.114759971778449,4.9851373250133335,1.5895688812761932,2.8776747159504863,False,Nigeria
Nigeria,NGA,2001,44.00502521272152,41.45525406635686,3.180718831407847,1.2,Nigeria,0.3993335974771436,0.4044686134503793,0.35916993596789637,0.36004675402040326,0.31325074048882195,3258.0303940560307,8.088878118171891,-2.5881853606557925,4.9851373250133335,-4.685339543150142,False,Nigeria
Nigeria,NGA,2002,43.486859585128016,40.907360853560895,2.9839490809784204,1.2,Nigeria,0.372153246124295,0.38637415221224225,0.35475708525257876,0.3102896387499955,0.7244223402693151,3305.4815193612067,8.103337435882557,1.4459317710665331,-2.5881853606557925,-0.6742138610417245,False,Nigeria
Nigeria,NGA,2003,43.35273284770941,41.78863122816967,2.2178318660678498,1.2,Nigeria,0.3665007436213873,0.3573967655250641,0.3029055909076216,0.2935496358733024,0.17608928794385392,3090.5930791568494,8.036118286476842,-6.721914940571416,1.4459317710665331,-8.829813609936874,False,Nigeria
Nigeria,NGA,2004,43.8991626192121,41.217576935497554,2.41072547695425,1.2,Nigeria,0.3713863694705045,0.38829419713606594,0.29028946361197383,0.29802720582101827,0.9820773786356308,3102.9485632296237,8.040108087846157,0.3989801369314705,-6.721914940571416,-1.7337148660802613,False,Nigeria
Nigeria,NGA,2005,43.46548025026967,41.46519463971248,2.7617118500269617,1.2,Nigeria,0.3727104074996684,0.3689301215460189,0.33904526435977045,0.30050648339653124,0.5993635517382656,3243.9397330695697,8.08454383709404,4.443574924788329,0.3989801369314705,2.332497870354194,False,Nigeria
Nigeria,NGA,2006,44.17505752755,41.23908575808466,2.891650783677595,1.2,Nigeria,0.3639926284405546,0.325831669629163,0.3280927908439191,0.2959300294452096,0.5047394753803517,3443.3347338840567,8.144195680188199,5.965184309415861,4.443574924788329,3.866386026286381,False,Nigeria
Nigeria,NGA,2007,43.454372669262824,40.81948468597916,2.880303427296533,1.2,Nigeria,0.36755513550111135,0.3765516797756415,0.3166485762451181,0.30164605908441045,0.9578353044485031,3574.7981796264976,8.181664000283234,3.7468320095035423,5.965184309415861,1.6526530997918774,False,Nigeria
Nigeria,NGA,2008,44.11644107699245,41.07319914666752,2.9917371839782523,1.2,Nigeria,0.3758850875877872,0.38671396957558196,0.31673846160597674,0.3066886245796671,0.49187595946082374,3714.926899896155,8.220114279945117,3.845027966188219,3.7468320095035423,1.7441144781090108,False,Nigeria
Nigeria,NGA,2009,43.73828446751186,41.02295675813279,3.0247584638773053,1.2,Nigeria,0.3894680756651187,0.3905681343857862,0.3589699675566356,0.32172409207642644,0.7919610144667157,3597.9919798159476,8.188131185440719,-3.1983094504397513,3.845027966188219,-5.2989248306099075,False,Nigeria
Nigeria,NGA,2010,44.09653741071455,40.280277294743584,3.0379802899620816,1.2,Nigeria,0.37733386986720463,0.357736553953256,0.32903620258348854,0.3065271395828261,0.26324617483054435,3596.7283134307822,8.18777990940867,-0.035127603204898605,-3.1983094504397513,-2.1571254787538123,False,Nigeria
Nigeria,NGA,2011,43.82128901737598,41.89169735898463,2.493776592061413,1.2,Nigeria,0.3589016175937436,0.3856881493833436,0.3092806807712939,0.3283338960579531,0.1430813954173139,3827.753907685263,8.250033463067778,6.225355365910801,-0.035127603204898605,4.112960426758345,False,Nigeria
Nigeria,NGA,2012,43.85386525688071,41.52448620617331,2.805912161315361,1.2,Nigeria,0.3756935074724617,0.39182047569396034,0.3540602533863569,0.3574399430223008,0.4717563093908743,3844.1527697726483,8.254308511697106,0.42750486293279266,6.225355365910801,-1.6658842072349005,False,Nigeria
Nigeria,NGA,2013,44.36113464590763,41.15760907659512,2.9594188148970884,1.2,Nigeria,0.39750925941927145,0.39687888915270936,0.3629057956056913,0.32526594244743695,0.8958121013985787,3905.3537113387038,8.270103637259766,1.5795125562659607,0.42750486293279266,-0.5314779014618374,False,Nigeria
Nigeria,NGA,2014,44.76154496882839,40.75677358617481,3.3067085035850785,1.2,Nigeria,0.375037224669103,0.40932051181741413,0.31685878619094815,0.31328874399750073,0.5067700407177881,3889.0806507714174,8.265928072117989,-0.4175565141776971,1.5795125562659607,-2.525049652705532,False,Nigeria
Nigeria,NGA,2015,44.393128850249454,40.87720474833054,3.0029557046628743,1.2,Nigeria,0.37932722535086466,0.3578340045622074,0.32574742436573834,0.3394914476764988,0.4807861681797273,3857.9192187413705,8.257883254610213,-0.8044817507775193,-0.4175565141776971,-2.918037685625322,False,Nigeria
Nigeria,NGA,2016,43.64483964120801,41.29829382649633,2.5981461729640807,1.2,Nigeria,0.37713007814209004,0.4001398191427571,0.33441234701473954,0.3142047621425303,0.40195192461521956,3880.6497825116376,8.263757888315325,0.5874633705111876,-0.8044817507775193,-1.5272672101890183,False,Nigeria
Nigeria,NGA,2017,44.16079784147757,40.240388673161846,3.5771956248001993,1.2,Nigeria,0.3757101928262758,0.3950055907123247,0.36413892098889095,0.3385597672640678,0.5861823540883414,3881.3029774497736,8.263926195173116,0.016830685779112287,0.5874633705111876,-2.093674162379419,False,Nigeria
Nigeria,NGA,2018,44.33798310458876,40.351575917931825,3.6540540641130126,1.2,Nigeria,0.3900785689745491,0.3527330979418436,0.33830464724847653,0.3267277531352111,0.9928039781860144,4070.4196741292913,8.311501387157435,4.757519198431837,0.016830685779112287,2.6452819966996364,False,Nigeria
Nigeria,NGA,2019,43.702001861982595,40.48735355966655,3.5910525199449506,1.2,Nigeria,0.3763221547342894,0.39037282101296655,0.3120409723029692,0.34329718417826893,0.39145427079447115,4178.1274070656145,8.337618436401582,2.6117049244147594,4.757519198431837,0.5138597280938884,False,Nigeria
Nigeria,NGA,2020,43.767317156221516,41.575478398510086,2.506595342024217,1.2,Nigeria,0.37174199749912185,0.3467098643596756,0.36652591495313785,0.3030331524612942,0.5115361942347918,4389.400748403313,8.386947992971162,4.9329556569579935,2.6117049244147594,2.828596096624187,False,Nigeria
Nigeria,NGA,2021,44.210310808061635,41.77830469885697,2.44526218125297,1.2,Nigeria,0.4066690522232001,0.40861216796492505,0.3883357725022305,0.35031058714829083,0.24192772811923657,4294.5145233118665,8.365093795040558,-2.1854197930604613,4.9329556569579935,-4.282732391119769,False,Nigeria
Nigeria,NGA,2022,43.711530382663454,41.0581631133241,2.911849766582387,1.2,Nigeria,0.382300556115455,0.3847700024056258,0.3289896506705586,0.3638376267686466,0.04488101647271803,4538.286604056121,8.420304819814456,5.521102477389839,-2.1854197930604613,3.4021795799566936,False,Nigeria
Netherlands,NLD,1990,48.819561756532295,29.157699171204694,20.1836543568791,1.2,Netherlands,0.8693172237736067,0.8522898147673504,0.8070618460380319,0.7376262896077578,0.22123869644606398,31191.234977392924,10.347892404117525,,,,False,Netherlands
Netherlands,NLD,1991,49.037122004323415,28.176300201713026,20.706396668102983,1.2,Netherlands,0.8820026174973883,0.8727393902556803,0.7855738236053295,0.772780239557895,0.4591240232866809,31549.07913578638,10.359299680088132,1.1407275970606534,,,False,Netherlands
Netherlands,NLD,1992,49.16657202228383,27.50322722761738,21.154478140436527,1.2,Netherlands,0.8741076218957589,0.8703715540705388,0.7934182830646963,0.7821349692841878,0.032659060784495875,32139.322866794653,10.377835570830444,1.8535890742311878,1.1407275970606534,0.6696650094881278,False,Netherlands
Netherlands,NLD,1993,48.935860941445014,27.07118059102772,21.568723670625445,1.2,Netherlands,0.8451167264658701,0.8319517582191931,0.7696752280703725,0.698703336810896,0.9711509073682858,32731.199207164824,10.396084006211884,1.8248435381440942,1.8535890742311878,0.49872170814767447,False,Netherlands
Netherlands,NLD,1994,48.97899614235616,29.218420041770766,19.70729641101282,1.2,Netherlands,0.887234653400671,0.8972163647099899,0.7958151706304597,0.7400182438139009,0.11635848516449587,33234.4034482367,10.411340866810653,1.5256860598768185,1.8248435381440942,0.20529823448507822,False,Netherlands
Netherlands,NLD,1995,49.3444769273548,29.885626292011604,19.222812765133245,1.2,Netherlands,0.8761021616958922,0.8792416209152608,0.7767613201350243,0.7491711655273242,0.35466620498508283,33731.71253289713,10.426193698569316,1.4852831758663143,1.5256860598768185,0.22456967182699672,False,Netherlands
Netherlands,NLD,1996,48.947509588985746,29.1685152302305,20.040612793811352,1.2,Netherlands,0.8481470315266509,0.8710237660550587,0.7713983361788915,0.7294773224293489,0.6118310201032214,35730.50383189065,10.483760052006495,5.756635343717953,1.4852831758663143,4.503981189215782,False,Netherlands
Netherlands,NLD,1997,49.184332036867744,28.42207176187569,20.70417590373774,1.2,Netherlands,0.8562832630276953,0.8420944429791444,0.7648839628074117,0.7121657031510524,0.4131725172077195,37389.918027397005,10.529156375601733,4.539632359523793,5.756635343717953,2.434951896503205,False,Netherlands
Netherlands,NLD,1998,48.903837886498735,28.323994231107708,20.833502309769397,1.2,Netherlands,0.8815734631172356,0.9073054105051881,0.7901055537784455,0.7357497522535232,0.18177886721736192,39133.15825416778,10.574725423784075,4.556904818234209,4.539632359523793,2.694985551043649,False,Netherlands
Netherlands,NLD,1999,48.90643260632338,28.658223607154092,20.745904332601075,1.2,Netherlands,0.8731745326125018,0.8665173245248515,0.7839893421732527,0.7316117104716591,0.1682036557665182,39055.930279922075,10.572750007500106,-0.19754162839689116,4.556904818234209,-2.0629063125551355,False,Netherlands
Netherlands,NLD,2000,48.49626687171288,26.494416834987504,22.4839364973479,1.2,Netherlands,0.8715310199293432,0.8918941648823183,0.7846628012166831,0.709274332761953,0.7314863597031158,41309.63808901122,10.62885111949577,5.6101111995664255,-0.19754162839689116,4.693137866854412,False,Netherlands
Netherlands,NLD,2001,49.11671127713013,27.535598855412594,21.388393532148967,1.2,Netherlands,0.8722526411724755,0.8861070962748127,0.759640767124294,0.7754650381591962,0.7523978823037879,43538.26560440041,10.68139549946137,5.2544379965599575,5.6101111995664255,3.1789853800723415,False,Netherlands
Netherlands,NLD,2002,49.43050185339668,25.85983835660158,23.438186511857737,1.2,Netherlands,0.8898985507333755,0.8969174008312897,0.8334363037734106,0.7463613758467339,0.8244715176045491,43686.2029768688,10.684787609880086,0.3392110418715788,5.2544379965599575,-1.665293801103617,False,Netherlands
Netherlands,NLD,2003,49.39844698626874,27.51666638570333,21.81981033136469,1.2,Netherlands,0.8723402445435314,0.8673696721820424,0.8091168532586558,0.7442964052589626,0.4313017063410146,46557.066292309224,10.748434071234358,6.364646135427243,0.3392110418715788,5.340604273063583,False,Netherlands
Netherlands,NLD,2004,49.060403455964476,28.874223026931947,20.213680201926337,1.2,Netherlands,0.8773223450713266,0.8730545006991836,0.8026836429138402,0.7362586923739666,0.4840205725094041,46533.937752529404,10.747937169509148,-0.04969017252101082,6.364646135427243,-2.2756533511880557,False,Netherlands
Netherlands,NLD,2005,49.68189754779382,26.791414718842503,22.336572514317655,1.2,Netherlands,0.8504889813596137,0.853360740089717,0.7290804987159092,0.7381098800653549,0.03926941424165231,44893.106660384416,10.712039535449168,-3.589763405997992,-0.04969017252101082,-4.536229350231747,False,Netherlands
Netherlands,NLD,2006,48.97803450280485,28.602228165915275,20.47402611210092,1.2,Netherlands,0.8850763355891368,0.871233291347599,0.8227289403434587,0.7287385524462704,0.8054300430459791,47274.49650115889,10.763726243044959,5.168670759579008,-3.589763405997992,4.928359543514466,False,Netherlands
Netherlands,NLD,2007,49.37989136715081,28.20136385982492,21.073104608748384,1.2,Netherlands,0.8687048275313656,0.8803019732372682,0.767696493418482,0.755510216582075,0.9903323037936483,48050.48072616413,10.780007419055242,1.6281176010283005,5.168670759579008,-0.3592788557860189,False,Netherlands
Netherlands,NLD,2008,48.97391200731819,26.803558438602696,22.26440327629539,1.2,Netherlands,0.8707343451924112,0.8640067719302031,0.8093081801554822,0.7618789902782245,0.12038757878908901,50419.73686497495,10.828137981866233,4.813056281099115,1.6281176010283005,3.531910285320994,False,Netherlands
Netherlands,NLD,2009,49.024815460558955,27.864900352706528,21.41713204635386,1.2,Netherlands,0.8570685845624135,0.868516390785927,0.7803737943634229,0.6911119700874082,0.4171934185645765,50287.33136464798,10.825508462827573,-0.2629519038659822,4.813056281099115,-2.1794123012199265,False,Netherlands
Netherlands,NLD,2010,48.75002122253883,28.432593339249763,20.999138462891203,1.2,Netherlands,0.866721764736573,0.8599518854507271,0.8099716329314269,0.7271937279783597,0.8979646468477885,49389.54659133996,10.807494073321243,-1.8014389506330275,-0.2629519038659822,-2.7053645941456894,False,Netherlands
Netherlands,NLD,2011,48.51754425663654,28.09147871576945,20.74398087961473,1.2,Netherlands,0.8680573086802148,0.8529414786770475,0.8022257203405246,0.7709568546399486,0.1630191138148862,52202.585196130785,10.862887297474508,5.539322415326531,-1.8014389506330275,4.942285875696782,False,Netherlands
Netherlands,NLD,2012,48.42586607955132,29.346856774638372,19.860801211158392,1.2,Netherlands,0.8662633792173583,0.856117951005482,0.7677589778552164,0.7341994424579142,0.0393918336928194,51042.74518781828,10.840418701600097,-2.246859587441108,5.539322415326531,-4.3081916387891,False,Netherlands
Netherlands,NLD,2013,48.97364929641889,27.795153060123607,21.2457882770805,1.2,Netherlands,0.850906439124927,0.8772724856219805,0.7672694056990212,0.7150406103649444,0.011302536589022472,49673.221612803434,10.81322126633233,-2.719743526776597,-2.246859587441108,-3.227929958523906,False,Netherlands
Netherlands,NLD,2014,48.70214595764982,29.261915279391353,19.698785036529024,1.2,Netherlands,0.8632332919675199,0.8833251501500496,0.7788465263189582,0.7236713631158943,0.3976844144330547,47797.1829142701,10.774721981894915,-3.849928443741568,-2.719743526776597,-4.263786536041204,False,Netherlands
Netherlands,NLD,2015,48.49958962003327,29.74172913699707,19.42301504841169,1.2,Netherlands,0.8704132563227062,0.8792732989316536,0.8024029261019164,0.7194280187230943,0.27149200254271133,44746.08946482346,10.708759333623671,-6.596264827124365,-3.849928443741568,-6.784679723708956,False,Netherlands
Netherlands,NLD,2016,48.44295687941795,28.08835017885422,20.775853958275384,1.2,Netherlands,0.8675825036110655,0.8831839095588867,0.7682198821860068,0.7388437134122184,0.4261212379522308,44246.13552321477,10.697523313813639,-1.1236019810032971,-6.596264827124365,-0.7641924981571486,False,Netherlands
Netherlands,NLD,2017,48.768630950129605,28.099547148378978,21.231928075667522,1.2,Netherlands,0.8743226295063415,0.8837235132537056,0.7727378486592669,0.7289307577968694,0.8173053122132368,42251.42067768788,10.6513932577274,-4.613005608623766,-1.1236019810032971,-5.3452534135192895,False,Netherlands
Netherlands,NLD,2018,49.46120726556934,27.723167392414165,21.319124638058618,1.2,Netherlands,0.8501453897958223,0.8379449302458553,0.7786780412499685,0.7071228975379745,0.051293848981215584,43051.31762198115,10.670148116169871,1.875485844247038,-4.613005608623766,1.839285467645774,False,Netherlands
Netherlands,NLD,2019,49.405922073262616,27.636134630802967,21.657105933122168,1.2,Netherlands,0.8409301178067836,0.8334336766743475,0.7360662296092259,0.6821650838265471,0.5299405869302329,41023.9225638967,10.62191065269804,-4.823746347183189,1.875485844247038,-6.154236026842182,False,Netherlands
Netherlands,NLD,2020,49.027047048300275,26.810224641266032,21.992527336630648,1.2,Netherlands,0.8725216735047557,0.8488002888767675,0.797438347543764,0.7559298011965154,0.15389990469377368,40497.659374814444,10.60899945821008,-1.2911194487958966,-4.823746347183189,-1.285282398729169,False,Netherlands
Netherlands,NLD,2021,49.34206284368102,27.692711365579548,21.548773640082693,1.2,Netherlands,0.8654090968978101,0.8515170895145472,0.7557809338433694,0.7005611562281041,0.6796972168333453,44140.904133214186,10.695142162908926,8.614270469884566,-1.2911194487958966,7.915438146571183,False,Netherlands
Netherlands,NLD,2022,49.19928769061669,27.410192343712044,21.472769966502554,1.2,Netherlands,0.8856779613119647,0.8684879605159612,0.8076139729875228,0.7300701239220972,0.25982813794029946,45480.74509644564,10.725044330677626,2.990216776870014,8.614270469884566,0.3155106610911038,False,Netherlands
Norway,NOR,1990,43.52786418083479,26.043666580909587,16.775636911645645,1.2,Norway,0.8909123032919203,0.9246027999839893,0.8186670195030064,0.7577393773692797,0.9041136604795051,39250.808227185,10.577727314773961,,,,False,Norway
Norway,NOR,1991,43.09703951528518,25.85990174136868,16.86548812671759,1.2,Norway,0.896000179721711,0.8753973344172544,0.7848357983472138,0.7691419571719899,0.9680221720457387,40310.66716079111,10.604371406725702,2.6644091951741444,,,False,Norway
Norway,NOR,1992,43.072126406238425,26.323891453829635,16.57606557441911,1.2,Norway,0.8866929486866908,0.8431335940427971,0.784035363015556,0.7569229769177822,0.22675861740051595,39103.02356080334,10.573955071904532,-3.0416334821170565,2.6644091951741444,-5.831395052204352,False,Norway
Norway,NOR,1993,42.60769993048452,25.27640123329617,17.882987504709472,1.2,Norway,0.9109210296101934,0.8813917567777574,0.82895897335253,0.7692716677962905,0.6338894618324419,39455.6369977954,10.58293220574422,0.8977133839687568,-3.0416334821170565,-2.592646701961683,False,Norway
Norway,NOR,1994,43.22486516167784,24.828954423351597,17.969436002473596,1.2,Norway,0.8810723782240995,0.8873021954000553,0.769209835603339,0.7409650564394573,0.5780721020124125,40859.7974010795,10.617901909991222,3.49697042470023,0.8977133839687568,0.49029066221967676,False,Norway
Norway,NOR,1995,42.92128656078695,25.264866876812857,17.70126462178287,1.2,Norway,0.9000397495651719,0.9118893092475862,0.8141968752451358,0.7505711611700508,0.34022299445125703,44199.79115940345,10.696475343154253,7.8573433163031225,3.49697042470023,5.169805160014658,False,Norway
Norway,NOR,1996,43.027388131652636,26.537400349165292,16.65352520956517,1.2,Norway,0.8979471598050375,0.920318158690144,0.7976218100826129,0.7527835660661502,0.7687641807211604,45572.307396243494,10.72705551708279,3.0580173928537846,7.8573433163031225,0.9058539172590656,False,Norway
Norway,NOR,1997,42.9133282357442,26.003790018479613,16.6484468890162,1.2,Norway,0.9087818241497031,0.89337530284535,0.8052193778610223,0.7515429702101826,0.4654869724396994,48196.65900196869,10.783044982324421,5.59894652416304,3.0580173928537846,2.8575128995037593,False,Norway
Norway,NOR,1998,42.958635343317326,25.754438805305064,17.26054661040818,1.2,Norway,0.8942968593221353,0.8707146950348783,0.8055452278635685,0.7363441757103252,0.4605825506946666,49535.30989287401,10.8104410254262,2.7396043101779455,5.59894652416304,0.3101506826789677,False,Norway
Norway,NOR,1999,42.9291459093302,26.623195787073264,16.41454640560898,1.2,Norway,0.8982925336050169,0.850167770584819,0.7793296514180337,0.7551167723131124,0.19957161589593875,50985.57013421795,10.839297933127055,2.885690770085425,2.7396043101779455,0.10516179585304375,False,Norway
Norway,NOR,2000,43.27257604048395,25.531963880803342,17.52606278461441,1.2,Norway,0.901070574529923,0.8941676369071625,0.8247221765179593,0.7536503229250208,0.8514891816465466,51682.66081098248,10.85287762341173,1.357969028467565,2.885690770085425,-1.4046231789398362,False,Norway
Norway,NOR,2001,42.9976821156683,27.012895686250335,16.060371707536476,1.2,Norway,0.873956530647853,0.8634473623637151,0.7726085485708866,0.7237819619685832,0.1727573182810873,52122.061418866964,10.861343581854706,0.8465958442975818,1.357969028467565,-2.1035728754724787,False,Norway
Norway,NOR,2002,42.66802525186364,26.0185104413616,17.119601022293253,1.2,Norway,0.9075566583874431,0.9031188929615978,0.7898055311610742,0.8067865454905223,0.9344107945712148,55000.83295155482,10.915103608673654,5.376002681894754,0.8465958442975818,2.3630466129698577,False,Norway
Norway,NOR,2003,42.444160655480516,26.027598375992998,16.779042919773794,1.2,Norway,0.919992396963335,0.9427918992533452,0.8259619931935505,0.7723480932148044,0.6491539648308727,56719.07165531465,10.94586579392317,3.076218524951635,5.376002681894754,0.6193914384998971,False,Norway
Norway,NOR,2004,42.19179921469225,26.56294803496624,16.68561804180741,1.2,Norway,0.9097604071935594,0.9377501357330063,0.8062112803727121,0.7677460737373208,0.4271124464193341,58425.685582908765,10.975510893748288,2.9645099825117427,3.076218524951635,0.22531112665031383,False,Norway
Norway,NOR,2005,43.29848667927,26.311582124117933,16.55290987330069,1.2,Norway,0.8802079414075934,0.8748296175136374,0.7919425955624355,0.7799233032786587,0.31003402401245006,58528.20759820947,10.977264098173938,0.1753204425650523,2.9645099825117427,-2.5775941955760744,False,Norway
Norway,NOR,2006,43.53431153777269,26.111359868758754,17.213357566835825,1.2,Norway,0.9029353752996865,0.9079237290533874,0.806108372819537,0.7699901109980122,0.5663228801665321,59092.93152756098,10.98686659433879,0.9602496164852425,0.1753204425650523,-2.1351268927997458,False,Norway
Norway,NOR,2007,43.23744967962545,25.66487513117646,17.083728133749673,1.2,Norway,0.8946782754375656,0.9023877368467047,0.8134700592043099,0.7546174418066598,0.020121721853074037,63940.01236444916,11.065700615989622,7.883402165083098,0.9602496164852425,4.884400717358555,False,Norway
Norway,NOR,2008,43.09554342003897,26.395466798019896,16.559039676458635,1.2,Norway,0.8983014764232227,0.9310362756598355,0.8048053145903765,0.7631603680693251,0.8193982309664928,65089.33057557194,11.083515921916403,1.7815305926781377,7.883402165083098,-0.36743332907298853,False,Norway
Norway,NOR,2009,42.07809091875361,26.261078942522516,16.77469939981852,1.2,Norway,0.9061968892161212,0.8635801292690036,0.8392608206218534,0.7909905010564731,0.9559800588260723,68980.69892396983,11.141582018709286,5.8066096792883215,1.7815305926781377,2.9084466349113165,False,Norway
Norway,NOR,2010,42.96922421613743,26.517665539416036,16.810766798970047,1.2,Norway,0.8761569321121425,0.8910599493978388,0.7912245672208452,0.7533002333085356,0.2981503562765556,69283.69310252274,11.145964848722638,0.4382830013351935,5.8066096792883215,-1.9656733583541532,False,Norway
Norway,NOR,2011,43.31334756821517,26.196134401383627,16.87638419855569,1.2,Norway,0.9140723001138363,0.8899004896289895,0.7944399699990587,0.774225517001614,0.6016866086204651,72335.3851762632,11.189068709944284,4.3103861221645445,0.4382830013351935,1.2472966441577968,False,Norway
Norway,NOR,2012,42.856863729394576,26.74174389903697,16.410445206139254,1.2,Norway,0.8987145370674805,0.8856810346243522,0.7649554339643321,0.7958967753096342,0.7486721752509908,74410.96716773495,11.217358618126147,2.8289908181863055,4.3103861221645445,0.24132535171752956,False,Norway
Norway,NOR,2013,43.044618452776085,25.840357587806007,17.41725562624643,1.2,Norway,0.9051177897865049,0.9174923065485943,0.8293128338918103,0.7705882833991291,0.8349567750521169,74997.96603228348,11.225216272581152,0.7857654455005303,2.8289908181863055,-1.9837884872909086,False,Norway
Norway,NOR,2014,43.15176551936061,25.98301985713878,17.31730051738746,1.2,Norway,0.8951638286044457,0.9119994441001259,0.7846230451483511,0.7102538679887624,0.15737158334991042,77957.1522999743,11.263914625247498,3.8698352666346025,0.7857654455005303,0.8494103283854426,False,Norway
Norway,NOR,2015,43.25455483161655,25.846202551712818,17.462976744242912,1.2,Norway,0.8921319334310361,0.8764420119832455,0.8389037610016564,0.775490039349578,0.9115768872630525,75906.62058981384,11.237259187376882,-2.6655437870616083,3.8698352666346025,-5.3073009056601625,False,Norway
Norway,NOR,2016,43.22713551060233,26.033323624860977,17.140416910185362,1.2,Norway,0.9119553138808671,0.8815759182646008,0.8308514187823283,0.7876927840654759,0.3506426914571469,78733.280125247,11.273821218275796,3.6562030898913633,-2.6655437870616083,0.2120199951054822,False,Norway
Norway,NOR,2017,43.354158178723594,26.056987021645533,17.321104777009356,1.2,Norway,0.9061411296719811,0.8610489121061268,0.8021642981041508,0.754594510227296,0.8059058425334413,82166.6098818188,11.31650429270305,4.268307442725394,3.6562030898913633,1.6003201687586879,False,Norway
Norway,NOR,2018,42.98377744718863,26.210012838531586,16.90146647290714,1.2,Norway,0.891436514817188,0.8792038400832968,0.8246655100185535,0.7579819050821488,0.24134970383749987,84483.06702296039,11.34430640300363,2.780211030058055,4.268307442725394,0.18737906518907765,False,Norway
Norway,NOR,2019,42.682637120640734,26.223705034893953,17.03570640440428,1.2,Norway,0.8978035498446625,0.8849100308213926,0.8146475804349668,0.7954968671567446,0.8167933695743474,89495.25399883126,11.401940874910895,5.763447190726545,2.780211030058055,2.987903984966328,False,Norway
Norway,NOR,2020,43.02927797825554,26.196368358620244,17.201829017357483,1.2,Norway,0.8983958061802465,0.9484138161389322,0.7874434357662499,0.7565627200618693,0.6667088553964567,91102.31905410078,11.419738539061267,1.7797664150371872,5.763447190726545,-0.6294895151490336,False,Norway
Norway,NOR,2021,42.83475492479986,26.239048009507986,17.092731424014275,1.2,Norway,0.9064733268551348,0.8739156080760305,0.7891108609194877,0.8132148498503292,0.8361186155450426,92516.75766767605,11.435145071067181,1.5406532005913576,1.7797664150371872,-1.3577264527924209,False,Norway
Norway,NOR,2022,43.81938661274786,25.429025636189902,17.689150778508427,1.2,Norway,0.8963475902251016,0.8629241947752203,0.8474303019062273,0.7712750132543057,0.7839718505055895,95352.50600333748,11.465335892836709,3.0190821769528142,1.5406532005913576,0.091343759074348,False,Norway
New Zealand,NZL,1990,46.06781787673061,34.55558510332329,11.762960587880624,1.2,New Zealand,0.8564003080988083,0.880956307855842,0.7805221849165112,0.7632903097992939,0.25602117306151306,26975.819116306822,10.20269615542274,,,,False,New Zealand
New Zealand,NZL,1991,46.16781102019221,33.36739642257028,12.33915517873237,1.2,New Zealand,0.8618259186558566,0.8682517480710044,0.7275699547682604,0.7604011496871395,0.2678735828174408,28144.321349343547,10.24510088495307,4.240472953032892,,,False,New Zealand
New Zealand,NZL,1992,45.74354952492016,33.908702789012246,12.07323926176639,1.2,New Zealand,0.8798153287529912,0.8853135829687413,0.7640159132525167,0.7381961979357877,0.25709608939511175,28868.84447766065,10.270518246835545,2.541736188247512,4.240472953032892,0.13727206494906907,False,New Zealand
New Zealand,NZL,1993,46.09245252661753,33.55705076485881,12.35381332393055,1.2,New Zealand,0.8473394790585072,0.8403239149464761,0.7580511388559414,0.7345484191351208,0.3734445911454355,30356.42024131564,10.320763314192495,5.024506735695056,2.541736188247512,2.206154218006703,False,New Zealand
New Zealand,NZL,1994,46.0077310581085,33.40210360553406,12.634482145173731,1.2,New Zealand,0.8810066394492161,0.8733903788063017,0.8167130160834227,0.780298753129888,0.3341430223838622,31145.731777791214,10.346432493247548,2.5669179055052282,5.024506735695056,0.3534795433372855,False,New Zealand
New Zealand,NZL,1995,46.235518275474995,33.7606250631645,12.046959510821186,1.2,New Zealand,0.8703754184148682,0.8922115251963612,0.7819334693430291,0.6893735473028789,0.6674155305338311,33486.19973137374,10.418888684621939,7.2456191374390855,2.5669179055052282,4.4334020144392055,False,New Zealand
New Zealand,NZL,1996,45.76737786279689,34.13725758883492,11.962835316162105,1.2,New Zealand,0.8501018448120086,0.8366042748834062,0.7614169948354716,0.7006267967418113,0.49632277128437885,33209.7852166798,10.410599846920785,-0.8288837701153184,7.2456191374390855,-2.501159625664117,False,New Zealand
New Zealand,NZL,1997,46.359045012728835,34.45838271032256,11.56207935643921,1.2,New Zealand,0.8867134757543748,0.8686859621564312,0.8081568368283932,0.7519724316682543,0.5992775178235918,34481.12950572069,10.448167482527651,3.7567635606865935,-0.8288837701153184,0.1171769874430657,False,New Zealand
New Zealand,NZL,1998,46.08436193677687,33.746954138590155,12.447604333696994,1.2,New Zealand,0.8688091385650394,0.8706838046285165,0.7488822389412927,0.7176844416758577,0.5694823881365918,34254.23902983825,10.44156560332638,-0.6601879201271643,3.7567635606865935,-3.1825053258762415,False,New Zealand
New Zealand,NZL,1999,46.056142596031066,33.1558610814201,12.581127996772388,1.2,New Zealand,0.876458904202759,0.8544780091716615,0.8138586870216158,0.748216059425599,0.12508890983640353,34809.4459373746,10.457644063912785,1.607846058640483,-0.6601879201271643,-1.9906386464741948,False,New Zealand
New Zealand,NZL,2000,46.35879525351453,33.136890594722274,12.927691251358672,1.2,New Zealand,0.8716306634388558,0.8503805119286497,0.7821536674366568,0.7530373764654549,0.32694210025469495,36280.88220977019,10.499046220630511,4.140215671772651,1.607846058640483,1.0943256719432846,False,New Zealand
New Zealand,NZL,2001,46.20508861884392,33.65400511873786,12.163732583515408,1.2,New Zealand,0.8767238933761138,0.8800570097233107,0.8126713021446159,0.7532808006304401,0.28524434230676654,37687.23477383543,10.537076715934607,3.8030495304095524,4.140215671772651,1.3741582409798454,False,New Zealand
New Zealand,NZL,2002,45.884248367616514,34.3015093801847,11.564836618754242,1.2,New Zealand,0.877462485394319,0.8638994361703679,0.7865593964340855,0.7351214766827541,0.5058092225923297,40792.14134334949,10.616244727706178,7.91680117715714,3.8030495304095524,5.405761107654939,False,New Zealand
New Zealand,NZL,2003,46.20990198260586,34.68566560242101,11.123620234640185,1.2,New Zealand,0.8867344188562298,0.895569353583781,0.8226016689115843,0.722112177211612,0.5853754227909563,41177.945176125424,10.6256580807483,0.9413353042122097,7.91680117715714,-0.5674105315472384,False,New Zealand
New Zealand,NZL,2004,45.92067438618259,34.303817579255856,11.544800446191129,1.2,New Zealand,0.8908799368251009,0.9050342344824235,0.7947949082670283,0.7531956109492494,0.11927167203974343,43590.150865018186,10.682586506227096,5.6928425478796285,0.9413353042122097,2.4845606626725543,False,New Zealand
New Zealand,NZL,2005,46.41551788811459,33.60506982414036,12.465825966858734,1.2,New Zealand,0.8700110994468729,0.839122422481908,0.7928676689392231,0.7561814986265889,0.7890406042020471,44129.404376658335,10.694881605155928,1.2295098928831294,5.6928425478796285,-0.8210919180588814,False,New Zealand
New Zealand,NZL,2006,46.338991118232265,33.62368163515438,12.210354688404117,1.2,New Zealand,0.8590134503687792,0.8246699169715335,0.7483788459982,0.7216273054588465,0.06121665814357202,44084.08336148497,10.693854074778816,-0.1027530377111674,1.2295098928831294,-3.240822680338063,False,New Zealand
New Zealand,NZL,2007,46.33693063307827,34.95781349452281,11.45519135701736,1.2,New Zealand,0.8713659739558876,0.871873679515333,0.7698979067918167,0.756852966581942,0.8296438053529284,42819.37242591486,10.664745905939002,-2.910816883981404,-0.1027530377111674,-6.373485473707991,False,New Zealand
New Zealand,NZL,2008,46.18266715497311,34.47982057868412,11.339361588086062,1.2,New Zealand,0.8725695743818395,0.8749212079950772,0.8200012787794032,0.722179319722558,0.4648547808132707,43884.72349783098,10.689321554398667,2.457564845966509,-2.910816883981404,-1.6892739229013864,False,New Zealand
New Zealand,NZL,2009,46.076366237653815,33.526968182717155,12.375410062215122,1.2,New Zealand,0.8618745422987801,0.9039804908879464,0.7763848470106903,0.7050831431625882,0.5285842014374423,44076.09739697761,10.693672905356056,0.4351350957389144,2.457564845966509,-2.403725332552485,False,New Zealand
New Zealand,NZL,2010,45.87716033424629,33.45180149429374,12.32635107898566,1.2,New Zealand,0.8760296410344126,0.8919333782672431,0.7730348076409252,0.7511460824065679,0.720616290663715,46078.277089063435,10.73809690511051,4.442399975445355,0.4351350957389144,1.110785037190877,False,New Zealand
New Zealand,NZL,2011,45.94656895995411,33.371351407720596,12.345946872629767,1.2,New Zealand,0.8797571337766925,0.8797722439257845,0.8054985767711917,0.7047189522343593,0.14810079862712744,46269.408738846534,10.742236303320297,0.41393982097872595,4.442399975445355,-1.9413258315367594,False,New Zealand
New Zealand,NZL,2012,45.866090453491466,34.87228858375827,11.003671725330944,1.2,New Zealand,0.8729295183351884,0.848897754572378,0.7946998385828811,0.7466536810608073,0.7054966519346239,46533.23474542357,10.7479220619887,0.5685758668402485,0.41393982097872595,-2.7682031900822888,False,New Zealand
New Zealand,NZL,2013,46.33802944247831,33.8208165681432,12.036702457186369,1.2,New Zealand,0.8600155914712329,0.8924807252817939,0.8138414406924477,0.7388715229615123,0.4174482838964625,47958.997157287966,10.778101698941349,3.0179636952649247,0.5685758668402485,-0.28113909181805585,False,New Zealand
New Zealand,NZL,2014,45.486538187445035,34.563235278499654,11.816872772587168,1.2,New Zealand,0.8716548939312256,0.9065779695222468,0.7944615009078477,0.7559813725851108,0.894761987012495,51394.61060753511,10.847288593952422,6.918689501107345,3.0179636952649247,4.216367343348624,False,New Zealand
New Zealand,NZL,2015,46.11698798325932,33.61858200848948,12.436545347976338,1.2,New Zealand,0.8600169322470894,0.8703927925961238,0.7912858038728109,0.7344437787618338,0.3201811674284386,50743.98071812623,10.834548283330337,-1.274031062208536,6.918689501107345,-3.025961626517886,False,New Zealand
New Zealand,NZL,2016,45.53188975781707,33.43493729913287,12.551896943132345,1.2,New Zealand,0.8597466610946755,0.8709334075852289,0.7438046152758911,0.7536510584097055,0.21120825858795167,53307.99206874392,10.883841543917883,4.929326058754668,-1.274031062208536,1.1812816586065962,False,New Zealand
New Zealand,NZL,2017,46.128624336236065,34.09766211430321,12.117833594240725,1.2,New Zealand,0.8605793981642575,0.8496194817894348,0.7702384521336081,0.7482355781662465,0.24527930497436734,55772.05586178096,10.929028231924196,4.518668800631254,4.929326058754668,2.282040160621306,False,New Zealand
New Zealand,NZL,2018,46.01492219963338,33.32376101419319,12.49769254395921,1.2,New Zealand,0.850923881930432,0.8399558991482654,0.7878212342440504,0.7195110676460705,0.5658630735596195,56517.81864896187,10.942311241732414,1.3283009808217727,4.518668800631254,-1.0083821683579561,False,New Zealand
New Zealand,NZL,2019,45.791002026248364,33.966412616505586,12.119283969225574,1.2,New Zealand,0.8747900314339276,0.8575638398399855,0.8308822717703681,0.7474581959856031,0.889687412571665,58793.36667521777,10.98178431587705,3.94730741446363,1.3283009808217727,0.8333077075763802,False,New Zealand
New Zealand,NZL,2020,45.504542201428194,34.527960788201874,11.556976102439275,1.2,New Zealand,0.8790506654835955,0.8763630441199942,0.789637335317112,0.7803718717296875,0.6032221356579637,59467.82696361637,10.993190721989592,1.1406406112541845,3.94730741446363,-1.335251773658538,False,New Zealand
New Zealand,NZL,2021,46.23427947343276,33.393525651390384,12.352283781128508,1.2,New Zealand,0.8668223910598261,0.8691539613000754,0.8015704706654643,0.7066683517970441,0.0563332777992398,64887.82305031343,11.080415258744758,8.722453675516562,1.1406406112541845,5.56273149375207,False,New Zealand
New Zealand,NZL,2022,46.10547123488874,32.8595254702747,13.05662639839065,1.2,New Zealand,0.8695647053349533,0.861270657600414,0.768555079899125,0.7010233904856916,0.26269330988000517,65967.3709276344,11.096915518878207,1.650026013344963,8.722453675516562,0.33757322657025757,False,New Zealand
Pakistan,PAK,1990,34.37667320977582,32.528525906816704,1.4775234061544902,1.2,Pakistan,0.3599429882668762,0.3650376110144804,0.3213711418664135,0.2957696639206134,0.1582407418152627,2906.573838866568,7.974730291555186,,,,False,Pakistan
Pakistan,PAK,1991,34.186677624481064,32.075901757864955,1.7631986782265634,1.2,Pakistan,0.34359367769864035,0.3499420431687162,0.2843626083726323,0.3112252652698166,0.1989168137372247,3106.0982711868896,8.041122642353937,6.63923507987505,,,False,Pakistan
Pakistan,PAK,1992,34.106386348232505,31.292718136553844,2.660295977796501,1.2,Pakistan,0.34624592553516037,0.3452693288164863,0.31633044888386663,0.2205417308763174,0.321662471394747,3276.8024441800567,8.094623361309415,5.350071895547792,6.63923507987505,4.2041923060222395,False,Pakistan
Pakistan,PAK,1993,34.1149039451355,31.874485252204366,1.962145167320543,1.2,Pakistan,0.3467925361136544,0.3277033958605993,0.33406187913062063,0.3081624159644708,0.5307506023881423,3199.09962264854,8.070624681274106,-2.3998680035308695,5.350071895547792,-3.6909774375340745,False,Pakistan
Pakistan,PAK,1994,34.466804898084995,32.77749900042149,1.1847272297176126,1.2,Pakistan,0.33687031470052725,0.3447498192178153,0.28713784655178415,0.27624709264966346,0.24929535000461134,3395.859410767209,8.130312148095854,5.968746682174775,-2.3998680035308695,3.8045727828364932,False,Pakistan
Pakistan,PAK,1995,34.34405552654501,32.174430733545584,1.6574445250215921,1.2,Pakistan,0.3510878336385396,0.32031188609535965,0.3289247815556063,0.3002485859801872,0.19557064710152305,3459.8667826661995,8.14898536519095,1.8673217095095396,5.968746682174775,0.6459086833284124,False,Pakistan
Pakistan,PAK,1996,33.92239210622744,32.05711114088178,1.9498300725466493,1.2,Pakistan,0.3610173786178621,0.370857248354592,0.2927905049880367,0.3147639312316489,0.2625502300200002,3467.01584581587,8.151049516143535,0.20641509525862745,1.8673217095095396,-1.4770413077101834,False,Pakistan
Pakistan,PAK,1997,34.513426839679745,32.048100919048835,1.7510521757251247,1.2,Pakistan,0.35711957466717265,0.33773855363642097,0.31674193753731,0.33306629204694366,0.6980743384786489,3434.7818451983107,8.141708693235948,-0.934082290758731,0.20641509525862745,-2.8046470537955797,False,Pakistan
Pakistan,PAK,1998,34.18736452776651,31.73067659663863,2.6933974531698723,1.2,Pakistan,0.3390238901772427,0.33179132798979183,0.33383292102279094,0.25160218903381704,0.9480532818528903,3600.8350317268923,8.188921050804673,4.721235756872488,-0.934082290758731,2.7221889986839516,False,Pakistan
Pakistan,PAK,1999,33.80179691686846,31.750580715087732,2.2780795186418064,1.2,Pakistan,0.3501318026088669,0.3347574373984996,0.3171276813570225,0.2562594211357698,0.023975447376531678,3716.0504664399,8.22041668069186,3.149562988718735,4.721235756872488,1.7876124263525608,False,Pakistan
Pakistan,PAK,2000,34.0970422250477,31.130676102589753,2.8578129649170614,1.2,Pakistan,0.3594531177123586,0.34840173078998155,0.28604768932251035,0.3464247811995037,0.2855250717153396,3692.9203205335957,8.214172838809782,-0.6243841882078272,3.149562988718735,-2.1633905294417812,False,Pakistan
Pakistan,PAK,2001,34.21831387360983,31.59093560272957,2.174846400129749,1.2,Pakistan,0.34125360185851944,0.31103252118026214,0.2660707532656828,0.2664488432398988,0.8465507758198628,3676.9191418102505,8.209830490798469,-0.43423480113133905,-0.6243841882078272,-2.398392719943065,False,Pakistan
Pakistan,PAK,2002,34.44565644659329,31.008571468467714,2.690402942998154,1.2,Pakistan,0.36519952005914297,0.32248352308444683,0.3438753127922902,0.29362904088991837,0.5319883182707819,3707.710791119339,8.218169927721398,0.8339436922929266,-0.43423480113133905,-1.108793070339064,False,Pakistan
Pakistan,PAK,2003,33.9789154233957,31.398628453796263,2.3214904025472505,1.2,Pakistan,0.35571031464397146,0.36828230450457905,0.3341252911739323,0.2838691271409919,0.8000544079513714,3724.858281063683,8.222784084737885,0.46141570164870416,0.8339436922929266,-1.3384552332827997,False,Pakistan
Pakistan,PAK,2004,34.574297622581135,31.970426523263125,1.9789277362133872,1.2,Pakistan,0.3397030376036694,0.3300226951312277,0.30565127710087375,0.28792238891011773,0.3524327315388416,3858.33265267408,8.257990413873545,3.5206329135659686,0.46141570164870416,1.6787950788636918,False,Pakistan
Pakistan,PAK,2005,33.691597210631045,32.88389352612473,1.2604388658371688,1.2,Pakistan,0.33669190738138,0.34137678822216544,0.2945905449370196,0.29870753077394735,0.22642960508764998,3979.3381049432874,8.288870779157595,3.0880365284049915,3.5206329135659686,1.5908328294827787,False,Pakistan
Pakistan,PAK,2006,34.007223221945175,32.515738523910635,1.2079456413835505,1.2,Pakistan,0.34785462335482037,0.27583292126563,0.29904336960350736,0.27816013335867146,0.16970523915524494,3983.0408906464672,8.28980084942231,0.09300702647152548,3.0880365284049915,-1.4529305383431643,False,Pakistan
Pakistan,PAK,2007,33.86951245025916,31.897168545629423,2.053024513181816,1.2,Pakistan,0.3593841542178911,0.3745648077552355,0.3594004156076492,0.29914982019040615,0.7359353919374455,3864.6438739940836,8.259624815506935,-3.017603391537449,0.09300702647152548,-4.9009440671916416,False,Pakistan
Pakistan,PAK,2008,34.5274332748643,31.969180044194797,2.045404934148627,1.2,Pakistan,0.34500127569589145,0.3558619212816845,0.3058231921172304,0.28932922012796897,0.13837856254191838,3787.27378863766,8.239401722261734,-2.022309324520144,-3.017603391537449,-4.256073804336687,False,Pakistan
Pakistan,PAK,2009,33.520771713650035,31.470951087434123,2.326216974137834,1.2,Pakistan,0.3479789840606816,0.3810339631770192,0.32726040175718596,0.31195854449713634,0.6046127135052216,3961.873417108014,8.284472277507325,4.507055524559078,-2.022309324520144,2.3854152539347826,False,Pakistan
Pakistan,PAK,2010,34.56721905283036,32.22145280177409,1.7594776305266984,1.2,Pakistan,0.36031653774575173,0.3321381556919412,0.3331828018713742,0.3232834449731019,0.26536973312034395,3922.871490344696,8.274579187667566,-0.9893089839758673,4.507055524559078,-2.3753878818446537,False,Pakistan
Pakistan,PAK,2011,33.19822372533418,31.93681482938929,2.1041730353414256,1.2,Pakistan,0.3601425485711526,0.3731798456250145,0.32021945623817966,0.3170478004055147,0.10648176328470638,4014.4079932482878,8.29764516675413,2.3065979086563715,-0.9893089839758673,0.3013296230735931,False,Pakistan
Pakistan,PAK,2012,34.289403818249085,31.356801654528415,2.416460008362224,1.2,Pakistan,0.3657587580950197,0.3648027730873239,0.31464739952884085,0.2933425972435086,0.24271498679858317,3882.3551422017213,8.264197243882933,-3.3447922871197022,2.3065979086563715,-4.978762314073114,False,Pakistan
Pakistan,PAK,2013,33.72866403211118,32.505432423282976,1.5339882268912672,1.2,Pakistan,0.3575338445998469,0.360209625857149,0.33332432648361676,0.2793234091788061,0.7608914729612402,4006.248063888197,8.295610437396027,3.141319351309413,-3.3447922871197022,0.8706956181431695,False,Pakistan
Pakistan,PAK,2014,34.10218660854736,31.712420090986715,2.3287116931904857,1.2,Pakistan,0.3428593488201782,0.3664277351714526,0.3025831131872109,0.2667163860561633,0.7938359121486164,4317.075993542996,8.370333598722986,7.472316132695944,3.141319351309413,5.932381109823047,False,Pakistan
Pakistan,PAK,2015,34.23508152828919,32.29263928450085,1.991253410062146,1.2,Pakistan,0.37201390712287935,0.3307703450279164,0.30388695803096316,0.3426955257973586,0.39278564632870494,4231.416498590749,8.350292085627201,-2.004151309578539,7.472316132695944,-3.056180692078832,False,Pakistan
Pakistan,PAK,2016,34.37175161862641,32.28243409412253,1.6993866778610403,1.2,Pakistan,0.35372648186480055,0.35705634440710304,0.349208561023916,0.3055370111278159,0.08920655881696382,4385.824771375434,8.386132976372952,3.5840890745751253,-2.004151309578539,1.464494383376345,False,Pakistan
Pakistan,PAK,2017,34.486577238386566,31.667320099108142,2.3310447395071905,1.2,Pakistan,0.3501093301324319,0.32048039053937605,0.3082051713999483,0.29784023251529773,0.2645462862260417,4509.390375668269,8.413917251668028,2.77842752950761,3.5840890745751253,1.2883724433495118,False,Pakistan
Pakistan,PAK,2018,34.240125507374565,31.580812895426178,2.482303355413293,1.2,Pakistan,0.37710331644334893,0.38750073680538716,0.3435931509594658,0.3328410986624182,0.41473580252999376,4723.7510941646715,8.460358486294192,4.644123462616356,2.77842752950761,3.0633070963392957,False,Pakistan
Pakistan,PAK,2019,33.99348746203369,31.649385924738667,2.217746439346733,1.2,Pakistan,0.3465341541838118,0.34090120653871314,0.32471492366925714,0.33223405380763715,0.7896736137927557,4799.6277179861545,8.476293635135262,1.5935148841069946,4.644123462616356,0.2228772861209063,False,Pakistan
Pakistan,PAK,2020,33.88738147992393,32.080731889740015,2.100033247981889,1.2,Pakistan,0.3572981936226763,0.38513661137627464,0.32200615068370536,0.3100425047189571,0.11310575650171983,4934.90401696871,8.504088502229342,2.779486709408019,1.5935148841069946,1.0651847756688875,False,Pakistan
Pakistan,PAK,2021,33.9171254844358,32.23664169328934,1.9145226075483306,1.2,Pakistan,0.34467738273828424,0.35875997969926976,0.3261489603746543,0.3256403656579404,0.4603861756750406,5060.54284298776,8.52922903775017,2.5140535520828067,2.779486709408019,0.9333565070321668,False,Pakistan
Pakistan,PAK,2022,34.20181881354932,32.61156189127333,1.4176644369180558,1.2,Pakistan,0.33592706556507596,0.3099649874913328,0.32861889052263993,0.29980333074624543,0.6785170694844144,5248.720568678497,8.56573962468161,3.651058693144016,2.5140535520828067,2.0404594474827764,False,Pakistan
Peru,PER,1990,50.70975297678743,45.74272744715236,5.685961917803036,1.2,Peru,0.5814285101299208,0.5816288685999089,0.5501932840694831,0.492046137752937,0.43206728506661773,6460.073960838449,8.773396045757307,,,,False,Peru
Peru,PER,1991,51.42932974967679,45.2948113954806,5.761550314256116,1.2,Peru,0.5842178007425086,0.6104216389041266,0.5214768102612531,0.5153346804812708,0.6043044198214789,6910.167951069633,8.840749221975695,6.73531762183881,,,False,Peru
Peru,PER,1992,50.90439807282696,44.952690399933736,6.013392325566804,1.2,Peru,0.5683614228224018,0.6049938685155695,0.49685997867043447,0.46971114223752425,0.7360354004260655,7148.144542487444,8.874608097463712,3.3858875488016693,6.73531762183881,1.9185499574933407,False,Peru
Peru,PER,1993,51.088809923112784,45.50734146254895,5.8627511842198,1.2,Peru,0.5806783851391694,0.5402798384960467,0.5514494467412903,0.48332914255476006,0.14387615538978016,7224.580891558223,8.885244503209272,1.0636405745559685,3.3858875488016693,-0.92124883384776,False,Peru
Peru,PER,1994,50.97180437016461,46.29498932926135,5.252911497360315,1.2,Peru,0.5682878382662273,0.6137666590397713,0.5066672079465304,0.48321993222400056,0.4226866196574257,7249.402221466029,8.888674292237768,0.3429789028496444,1.0636405745559685,-2.000742639695441,False,Peru
Peru,PER,1995,51.17733195432917,45.031645069654424,5.819952245367631,1.2,Peru,0.5754636361240831,0.6099881670367958,0.5001706833345594,0.5045800142501838,0.8131420044817255,7540.811260973027,8.928085049507656,3.9410757269887853,0.3429789028496444,1.485997998594323,False,Peru
Peru,PER,1996,51.02745793177166,44.83385099618312,5.791717903330196,1.2,Peru,0.5664396355485526,0.5747315225593649,0.522593740013368,0.4551559753697449,0.8299395932124434,7510.586781289522,8.92406887503343,-0.4016174474225309,3.9410757269887853,-2.300719529569265,False,Peru
Peru,PER,1997,50.87754804720331,45.24266315817817,5.836299096051052,1.2,Peru,0.5645506265332324,0.553764526243967,0.5158232169568704,0.4966233169841793,0.4480854872830765,7633.876193008992,8.940351015333606,1.6282140300175385,-0.4016174474225309,-0.9419182556247874,False,Peru
Peru,PER,1998,50.64487227088194,45.31918035500422,6.009366505383306,1.2,Peru,0.5655306793019714,0.5643467078137994,0.47968367389789546,0.5069973703035614,0.9956451766743493,7944.849454294139,8.980279130307231,3.992811497362503,1.6282140300175385,1.7363274881847026,False,Peru
Peru,PER,1999,51.12521124090955,45.934622569443725,5.398224080855803,1.2,Peru,0.5598266120187758,0.503180093519093,0.5201235680208531,0.47842496922405875,0.8008180998597503,8030.3648678915215,8.990985244002118,1.0706113694887165,3.992811497362503,-0.8204965341315589,False,Peru
Peru,PER,2000,51.005261070501916,44.73136344852521,6.063356860651748,1.2,Peru,0.5974857591405853,0.5896711208524216,0.5330669340748289,0.5606264004019095,0.19231577278435052,8212.054284591599,9.013358388515368,2.2373144513249343,1.0706113694887165,-0.10532996839466291,False,Peru
Peru,PER,2001,50.61638700966694,45.545686792383755,5.534662991480194,1.2,Peru,0.5638328662505199,0.5592452196134106,0.5024772625501344,0.4917902090582033,0.9522640145333723,8301.38017603505,9.024177066229944,1.0818677714576452,2.2373144513249343,-1.0804984257440515,False,Peru
Peru,PER,2002,50.60945317433367,45.12661024647785,5.932666357545501,1.2,Peru,0.6021554461620476,0.6132901629387664,0.5204406089913266,0.5143230652782176,0.37582121900794097,8225.888021540206,9.015041535950354,-0.9135530279589688,1.0818677714576452,-3.2544581155635677,False,Peru
Peru,PER,2003,51.097115668673716,44.95564009763568,6.291516480963144,1.2,Peru,0.582460836153164,0.5664152356103731,0.5538539679065784,0.4894273499512848,0.22047048099936983,8683.860343813549,9.069221448857528,5.417991290717339,-0.9135530279589688,2.7687550428590857,False,Peru
Peru,PER,2004,50.70567385256512,45.04123471058641,5.876044240864706,1.2,Peru,0.5767652057812337,0.5535969423297779,0.5230416712611005,0.49826426165576276,0.41892362479291867,9220.453331176941,9.129179483582371,5.99580347248434,5.417991290717339,4.324913449415191,False,Peru
Peru,PER,2005,50.63534914234629,45.031663804354345,5.685632730915123,1.2,Peru,0.5714383015933825,0.5721496230740424,0.5273405944662489,0.45309585414603365,0.10948236606899397,9317.258883451927,9.139623753202846,1.0444269620474955,5.99580347248434,-0.5371798880362859,False,Peru
Peru,PER,2006,51.188248169001554,45.279483945658484,5.400816347938855,1.2,Peru,0.5674197530477121,0.5820517750908809,0.5293031696628524,0.4969449882140026,0.6734197289114326,9429.370806410532,9.151584650857503,1.1960897654656577,1.0444269620474955,-1.1506006523357812,False,Peru
Peru,PER,2007,50.809051185045526,44.804891771593475,6.2593174302394905,1.2,Peru,0.588614365256328,0.5936406982210901,0.5251269098721012,0.48879381894118196,0.24828747963084596,9567.633857535047,9.166141208060104,1.4556557202601184,1.1960897654656577,-0.8675998570510761,False,Peru
Peru,PER,2008,50.54330573081758,44.82977458100086,6.124013483019241,1.2,Peru,0.5889754357030379,0.6115798311397875,0.5165910330612956,0.48575139904107056,0.2812845635530341,9913.63870798453,9.201666735308496,3.552552724839231,1.4556557202601184,1.2694051147435337,False,Peru
Peru,PER,2009,50.52153742079532,44.25573150346235,6.534700452763686,1.2,Peru,0.5655639573783023,0.555905760589092,0.5073532611625422,0.48559119832477093,0.33850687942547286,9842.666889588807,9.194481978690275,-0.7184756618221044,3.552552724839231,-2.6776120726041963,False,Peru
Peru,PER,2010,51.405778172926965,46.137145261172414,5.34734431904428,1.2,Peru,0.5770590152619436,0.5824757455786227,0.5280225703685967,0.4803289179071384,0.6162907483541447,10013.380474564987,9.211677525044918,1.7195546354642488,-0.7184756618221044,-0.8995383811227904,False,Peru
Peru,PER,2011,50.32892235038219,45.49670888124959,5.454469375045987,1.2,Peru,0.581263141994832,0.5718805249106238,0.5032795077736378,0.46516956540736265,0.7697314182968802,10292.64135611551,9.23918448744487,2.750696239995243,1.7195546354642488,0.5083261234178851,False,Peru
Peru,PER,2012,51.06641257619287,45.380761849237636,5.6982727793254675,1.2,Peru,0.5760156384065122,0.6008818829034156,0.515953042746063,0.5013782015645679,0.7718360352301099,10696.743470612395,9.277694625585683,3.8510138140813055,2.750696239995243,1.7679750462619683,False,Peru
Peru,PER,2013,50.66951345112772,45.24886494674134,5.8843016728199995,1.2,Peru,0.589552692372072,0.5887778344722812,0.518430407841278,0.5129703946626164,0.8051192087546649,10018.301251136942,9.212168824451359,-6.552580113432427,3.8510138140813055,-8.465598505416938,False,Peru
Peru,PER,2014,51.23702266484167,44.45831938559276,6.257328200597821,1.2,Peru,0.5753676086307746,0.5907525214219741,0.5203591043563696,0.46551024717992295,0.5757924711223097,10339.909722533666,9.243766417128143,3.159759267678375,-6.552580113432427,-0.3608158799618906,False,Peru
Peru,PER,2015,50.6831203775128,45.52572431998942,5.625326035205794,1.2,Peru,0.5872282689498551,0.589464252113923,0.548648586066803,0.5095039241352058,0.013281203458580082,10653.988645866557,9.273689621760829,2.992320463268605,3.159759267678375,0.9724898558429489,False,Peru
Peru,PER,2016,51.118946045223275,44.75084962522631,6.290880291148361,1.2,Peru,0.5596699926432995,0.6019169868330146,0.48790530719563124,0.47568138108702945,0.6844353610693075,11189.158174541399,9.322700568318883,4.901094655805416,2.992320463268605,2.8553915101912017,False,Peru
Peru,PER,2017,51.02043028903132,45.05463688032482,6.241453726461315,1.2,Peru,0.5959266999828288,0.5963135813990639,0.5125547615938467,0.5055400919028421,0.648256954077822,11236.287798796018,9.326903801886491,0.4203233567608322,4.901094655805416,-1.3304372075095507,False,Peru
Peru,PER,2018,50.7486530223667,45.170121422698784,5.970483669110303,1.2,Peru,0.581347074681028,0.5789769002467298,0.5015309575148406,0.5012994688683186,0.9623380574812068,11286.28258089699,9.331343336395415,0.443953450892387,0.4203233567608322,-1.9991730613873617,False,Peru
Peru,PER,2019,51.39237468713395,44.466575234558626,6.139421759047058,1.2,Peru,0.5720911820830543,0.5727713440076172,0.4875816279662162,0.5003074004090905,0.8036934518773025,11919.166492676028,9.385903013063395,5.455967666797967,0.443953450892387,3.016492461722501,False,Peru
Peru,PER,2020,50.7819016882778,45.417047028969954,6.0597251786264215,1.2,Peru,0.5490032947721672,0.5515763537312516,0.48302149075027073,0.4742954106442749,0.5469155137931242,11598.604071487483,9.358640031188306,-2.7262981875088244,5.455967666797967,-4.391320124957842,False,Peru
Peru,PER,2021,51.00778863403005,44.692498920916165,5.90693833137867,1.2,Peru,0.5713173903840166,0.5732736562458828,0.5362643222796531,0.4804941653413827,0.8561536219946603,12397.431351510344,9.42524458106305,6.660454987474296,-2.7262981875088244,3.7311145037317557,False,Peru
Peru,PER,2022,50.811316393520165,44.600610987710816,6.23361397972913,1.2,Peru,0.5858468328191792,0.5784423209818521,0.5350976799842001,0.4847525926517652,0.10116561961310322,13595.97576154003,9.517529128050372,9.228454698732236,6.660454987474296,7.749549380496331,False,Peru
Philippines,PHL,1990,45.40827047624312,39.23267382402976,5.43867678199915,1.2,Philippines,0.48961443693964113,0.5154630244263828,0.45245308846776644,0.4669800933523236,0.7422010091211325,5595.758791188016,8.629764231065815,,,,False,Philippines
Philippines,PHL,1991,44.92238208408377,39.57374096624422,5.1841043182507525,1.2,Philippines,0.47296651952892643,0.47975363578405084,0.41870671963968753,0.4005230104772185,0.33555720169665715,6037.525381920963,8.705749501996872,7.598527093105645,,,False,Philippines
Philippines,PHL,1992,44.94649456964673,40.6864390924812,4.305536095958135,1.2,Philippines,0.5089552553741697,0.47414789886188,0.45411237769656304,0.45595614874098744,0.01795786375015096,6430.87164385531,8.76886536696434,6.311586496746813,7.598527093105645,3.407714171159928,False,Philippines
Philippines,PHL,1993,44.794624893351646,40.58973960700485,4.430043488747771,1.2,Philippines,0.5001959961657763,0.4841473953684795,0.46175496952062334,0.4343674432181191,0.6176945861885909,6553.347462296987,8.787731261027211,1.8865894062871646,6.311586496746813,-0.8508725296255193,False,Philippines
Philippines,PHL,1994,44.54775564006637,39.86973406834653,5.1933343352107855,1.2,Philippines,0.4977752186670014,0.49913767566981443,0.4576732734803568,0.4341356201887461,0.25903514410334716,6659.870466124382,8.803855313814417,1.61240527872053,1.8865894062871646,-0.5528736891406298,False,Philippines
Philippines,PHL,1995,44.71843663580723,39.4799168080238,5.385153548339731,1.2,Philippines,0.4904904661690553,0.5044091081878723,0.43110913557694763,0.3964518317761853,0.4184494971754581,6207.620738035792,8.73353296754126,-7.032234627315681,1.61240527872053,-9.162059676293609,False,Philippines
Philippines,PHL,1996,45.096959279057614,39.90306361492959,5.193676663792112,1.2,Philippines,0.46745521058702294,0.49136426482208256,0.3896318294393698,0.4286671115330877,0.2986721573875497,6524.568673441985,8.783330126318898,4.979715877763802,-7.032234627315681,3.96770302573325,False,Philippines
Philippines,PHL,1997,45.21833584509306,40.27837713744071,4.7110311298266865,1.2,Philippines,0.503912093272374,0.5155477286849413,0.45319642159321777,0.45146195490225766,0.13093125212677748,6765.232839813086,8.8195519583146,3.6221831995701947,4.979715877763802,1.0569414184398407,False,Philippines
Philippines,PHL,1998,44.5193175817947,40.49903765203234,4.49415714743104,1.2,Philippines,0.4902016122745851,0.5032841723180069,0.4268770320111388,0.4147387797094639,0.8253084024229824,7065.503343375606,8.862979537220001,4.342757890540128,3.6221831995701947,1.953054547324332,False,Philippines
Philippines,PHL,1999,44.940099060248144,40.31319437133147,4.512736225137046,1.2,Philippines,0.49891861009608585,0.5211606224805126,0.46273255078069664,0.4521210051000554,0.8030756423377449,7120.914944358172,8.870791499571256,0.781196235125492,4.342757890540128,-1.7016824383681275,False,Philippines
Philippines,PHL,2000,44.78238172271153,41.217990765610374,3.896016073606435,1.2,Philippines,0.5141840254603658,0.5074153097640695,0.4766883477537206,0.4358710611893041,0.4863721008251476,7163.050361174148,8.876691197327435,0.5899697756179378,0.781196235125492,-1.4323741501156642,False,Philippines
Philippines,PHL,2001,45.187257934265205,39.63821438174585,5.541631832616374,1.2,Philippines,0.5147511236430986,0.5108825710714745,0.46764379102967224,0.46331572360075984,0.1797978134950754,7040.830389083292,8.859481395190967,-1.720980213646861,0.5899697756179378,-3.718597225230187,False,Philippines
Philippines,PHL,2002,44.681055386953375,40.10812975407583,4.863855157679178,1.2,Philippines,0.505032602265255,0.5043392908705029,0.46910571479192226,0.44112881808404214,0.03282549881924013,7345.98203340363,8.901908780610713,4.242738541974589,-1.720980213646861,2.5439434723823746,False,Philippines
Philippines,PHL,2003,45.24203394916443,39.90084813323289,5.39451359300675,1.2,Philippines,0.5214300705458491,0.5120347812591064,0.47246218451001504,0.46633569335299424,0.19731397057605993,7768.850670950971,8.9578775136241,5.5968733013386895,4.242738541974589,3.126927826795234,False,Philippines
Philippines,PHL,2004,44.91085657883096,39.614168757593745,5.2901758148046145,1.2,Philippines,0.4884897529054227,0.4691983942568392,0.4266025769071677,0.41611375468280326,0.15853615849992353,8186.166031606317,9.010200939231995,5.232342560789505,5.5968733013386895,2.5872980229211953,False,Philippines
Philippines,PHL,2005,45.0807557366483,40.03940338728,4.748358174852916,1.2,Philippines,0.4971209392313208,0.502021712517629,0.44200980737168544,0.39168377948290767,0.5171208881133305,8395.87700047486,9.03549603105652,2.529509182452472,5.232342560789505,-0.06839898971671632,False,Philippines
Philippines,PHL,2006,45.26600702262183,39.41560765282429,5.387261113382372,1.2,Philippines,0.49691322590325215,0.5278129218108994,0.4575665043184747,0.44771318682910677,0.11309973942382245,8481.51871508253,9.045644806510309,1.0148775453789227,2.529509182452472,-1.233535430985523,False,Philippines
Philippines,PHL,2007,45.00495155286009,40.5460747166822,4.737314166475933,1.2,Philippines,0.4978421287367178,0.47428689957689063,0.4774536010387959,0.4107204049683302,0.5807371397973519,8383.479884379394,9.034018367945079,-1.1626438565230046,1.0148775453789227,-3.215204404538066,False,Philippines
Philippines,PHL,2008,45.57263710753709,39.914141271397014,4.945082860393031,1.2,Philippines,0.48858763783155273,0.4808324021774223,0.44775815688573734,0.38624952421506586,0.42343880489979246,8374.65614111164,9.032965298072659,-0.10530698724195986,-1.1626438565230046,-1.8762988396702547,False,Philippines
Philippines,PHL,2009,44.92364968397801,39.59680343371925,4.932286443422374,1.2,Philippines,0.4871051941279031,0.4882741837420161,0.4566470811659216,0.42247375366877954,0.2579395067869006,8659.616497293087,9.066425716198657,3.346041812599765,-0.10530698724195986,1.438328932851497,False,Philippines
Philippines,PHL,2010,45.23512793021934,40.09716506211596,4.973318813686045,1.2,Philippines,0.5044725215549225,0.5043128974678884,0.4734060804321373,0.39479812306930767,0.09019570020024437,8758.885134119493,9.077823908036626,1.1398191837969307,3.346041812599765,-1.214177153251728,False,Philippines
Philippines,PHL,2011,45.21697891794713,39.42074858347478,5.4255422585669315,1.2,Philippines,0.49212825930013004,0.4961954485001054,0.4565503015464199,0.43755907812111255,0.5897290360764658,9365.368958184728,9.144774011665898,6.695010362927256,1.1398191837969307,4.626293990164339,False,Philippines
Philippines,PHL,2012,44.672802007689214,40.246930764950925,4.604575322964361,1.2,Philippines,0.5112634753243498,0.5081150486488816,0.4601117707221649,0.44659272163993186,0.931535049155262,9876.443519344195,9.197907758260284,5.31337465943853,6.695010362927256,2.52633334498887,False,Philippines
Philippines,PHL,2013,44.84596440388527,39.92470638092636,4.8302274827571265,1.2,Philippines,0.5108953658307664,0.5582035212707659,0.4310314272265524,0.4297558081063244,0.0037196608180591895,9895.660372647955,9.199851593823725,0.1943835563441354,5.31337465943853,-2.4140026310111886,False,Philippines
Philippines,PHL,2014,45.12070960452595,39.869170874282425,5.133301352098627,1.2,Philippines,0.5006102858355632,0.468160979217712,0.43227339022033645,0.3829322019368443,0.9806482195640496,9732.680212603776,9.183244595892043,-1.6606997931681633,0.1943835563441354,-3.607164749182374,False,Philippines
Philippines,PHL,2015,44.877807998304455,39.64021165077173,5.279129286644141,1.2,Philippines,0.4934546642900169,0.4524643739662504,0.4515798715292506,0.44854515432482084,0.760704806043895,9767.206406268317,9.186785768250523,0.3541172358479727,-1.6606997931681633,-1.352472512294259,False,Philippines
Philippines,PHL,2016,45.24362886380538,39.16477070480991,5.637725739220352,1.2,Philippines,0.5023286061196458,0.47962651569533155,0.435606039394611,0.412040761334255,0.011526014052985256,10274.724988580589,9.237442273904598,5.065650565407509,0.3541172358479727,3.0985309312165943,False,Philippines
Philippines,PHL,2017,44.75817975811453,40.076171673061836,5.093601511465254,1.2,Philippines,0.49606617702255346,0.48081781801049517,0.4312522864959755,0.41378401882851024,0.19908231282795774,10318.724728588033,9.241715458588567,0.4273184683968978,5.065650565407509,-2.1490352668498938,False,Philippines
Philippines,PHL,2018,45.13656081739114,40.46751002036089,4.575882344362012,1.2,Philippines,0.49328675769731517,0.4959878210135597,0.43766978626024816,0.3873823991182734,0.02213445102949707,10694.11621488128,9.277448982747298,3.57335241587311,0.4273184683968978,1.5967673520675234,False,Philippines
Philippines,PHL,2019,44.78427435633346,40.06552454181549,5.056501558943931,1.2,Philippines,0.4890096077546814,0.5249429117881818,0.4230387373779864,0.4022694283188094,0.6540230776587604,10726.450906417718,9.280468017296016,0.30190345487177694,3.57335241587311,-2.081485727639073,False,Philippines
Philippines,PHL,2020,45.10714257732866,39.672244291358126,5.096838585756607,1.2,Philippines,0.48757820930271506,0.48108053686288027,0.45127903376868284,0.4506480297217617,0.8586720549294962,11051.407929040699,9.310313113222199,2.984509592618245,0.30190345487177694,1.0241415642615048,False,Philippines
Philippines,PHL,2021,45.169422677547125,40.128804460284826,4.6287535349658215,1.2,Philippines,0.502572534211115,0.495682990036066,0.4373269610508641,0.4339419760605398,0.6948207298717207,11447.537459380683,9.345529916801999,3.521680357980017,2.984509592618245,1.2144326570200192,False,Philippines
Philippines,PHL,2022,45.18070585166775,39.54180262629428,5.217393990938513,1.2,Philippines,0.5065171107659692,0.5048049497874068,0.46340607644593257,0.41161894762405454,0.38198004546294595,12015.049098794254,9.393915234620335,4.838531781833666,3.521680357980017,2.4618241565862875,False,Philippines
Poland,POL,1990,45.89146885676675,33.419828821310844,12.391946759504163,1.2,Poland,0.71841992101421,0.7098822996152616,0.6263358414075857,0.5775597994247632,0.5373956029379229,11934.475447380182,9.387186587021995,,,,False,Poland
Poland,POL,1991,45.53027227834585,33.89595905642718,12.231535124103043,1.2,Poland,0.7177012042855361,0.7302640045551495,0.6713335947884969,0.5936765393018578,0.45221794088980716,12666.270324747802,9.446697859399377,5.951127237738163,,,False,Poland
Poland,POL,1992,45.28172190852986,33.28879418201872,12.553892662960443,1.2,Poland,0.7174040864863639,0.6873412274240017,0.6407488165560086,0.6043390021184559,0.49836777273947974,12865.190563398019,9.462280537151653,1.5582677752275842,5.951127237738163,-0.7775391412664439,False,Poland
Poland,POL,1993,46.074299770332686,33.601308637078816,12.36284603783123,1.2,Poland,0.7280443911011086,0.7249001132338196,0.6768491493711049,0.5819396276300204,0.6322642879195304,13130.335450329201,9.482680515358089,2.039997820643613,1.5582677752275842,0.3185922271500641,False,Poland
Poland,POL,1994,46.06101647218598,33.464677543470785,12.333615248140594,1.2,Poland,0.7173111130944516,0.6951805949196183,0.6970471978500037,0.6108988148105736,0.06707647738842748,13316.537838767767,9.496761988294367,1.4081472936277706,2.039997820643613,-0.3806348184543187,False,Poland
Poland,POL,1995,46.115511381296834,33.933876434927015,12.177430253623237,1.2,Poland,0.7121745629476551,0.7256601723225906,0.6386602262632292,0.6084491109774172,0.19068772066366657,13636.411781253712,9.520498830899061,2.3736842604694885,1.4081472936277706,0.673275064263751,False,Poland
Poland,POL,1996,45.973871748684246,33.427671534502565,12.510911821830518,1.2,Poland,0.71967246729784,0.7088039718751646,0.6334483049145128,0.6138502017570019,0.7755276166950106,14197.334973765064,9.560809548071783,4.031071717272106,2.3736842604694885,2.1956190044466983,False,Poland
Poland,POL,1997,45.62665846371968,33.955666148914354,11.86657438843946,1.2,Poland,0.7338858226904028,0.6806987955494154,0.6189297073229837,0.5989901477330909,0.5596403313082179,14764.796818274757,9.600001033045395,3.9191484973612134,4.031071717272106,1.8518875387054345,False,Poland
Poland,POL,1998,46.01534261756565,33.63727369666272,12.209619247851341,1.2,Poland,0.7165731240591965,0.7091443067392806,0.6167655777589204,0.5935308216984995,0.6439995432390158,14662.141789390927,9.593024062272233,-0.6976970773161284,3.9191484973612134,-2.7493040468164187,False,Poland
Poland,POL,1999,45.952105507773396,33.86298298393175,12.00643378713531,1.2,Poland,0.7163810902876699,0.7149892938294098,0.654449301190112,0.59347058389905,0.6589239419101514,15625.589855081354,9.656665224617269,6.36411623450357,-0.6976970773161284,4.958238101397583,False,Poland
Poland,POL,2000,45.56556182217549,34.20223525608372,11.784168692719405,1.2,Poland,0.7272167206404323,0.7046356852160878,0.6440046432507937,0.6279217037689258,0.6527461078518747,15424.788623056511,9.643731145150133,-1.2934079467136428,6.36411623450357,-3.686977008380485,False,Poland
Poland,POL,2001,46.056953017851235,34.1936663742803,11.515369128668146,1.2,Poland,0.7164931847212122,0.7119088636901403,0.6611211444115631,0.5902109315216724,0.8556964681062857,15769.946193885151,9.665861268022612,2.2130122872479063,-1.2934079467136428,0.890452445884953,False,Poland
Poland,POL,2002,45.92424479970911,34.206522919746405,11.866167947821413,1.2,Poland,0.7163903383418092,0.7395769344090942,0.6231300379556304,0.621250499729423,0.29314773026101326,15955.528541755837,9.677560665193166,1.1699397170554349,2.2130122872479063,-0.6430408284359372,False,Poland
Poland,POL,2003,45.911866323954364,33.663609627902474,12.121963767812154,1.2,Poland,0.703302208279316,0.7385959469645704,0.608141962832402,0.5814807688563217,0.3796924081672669,15772.522613165369,9.666024629952313,-1.1536035240853337,1.1699397170554349,-2.8206961410916227,False,Poland
Poland,POL,2004,45.64701558417121,33.21320327180188,12.619304047381076,1.2,Poland,0.7044337082647609,0.7165539072916737,0.6083817503883592,0.6338645356647341,0.5520471808519802,16052.427830252731,9.683615383800925,1.7590753848612195,-1.1536035240853337,0.41696198778877847,False,Poland
Poland,POL,2005,45.63328770623803,33.627049346326146,12.422757878135247,1.2,Poland,0.7024653058374933,0.6915668611383151,0.6516552290571987,0.5964763449491378,0.7998552559473152,16016.720597914782,9.681388492920172,-0.22268908807525634,1.7590753848612195,-1.9721803651834042,False,Poland
Poland,POL,2006,45.61567923794625,34.98748456161287,10.927794117094969,1.2,Poland,0.7163638778778614,0.71522496540344,0.6508835254679164,0.5747059283430497,0.6334782198261473,16372.08705822658,9.703333155105277,2.194466218510449,-0.22268908807525634,0.7221517380739715,False,Poland
Poland,POL,2007,46.07249791594625,33.53338974711448,12.111617840957091,1.2,Poland,0.7137714549689871,0.7054085942888016,0.616625361876942,0.6087220851687201,0.27230732651936895,16897.50955286208,9.734921526316091,3.158837121081426,2.194466218510449,1.3484504963075263,False,Poland
Poland,POL,2008,46.38233416508237,34.268448552474055,11.60603394023856,1.2,Poland,0.7219584525509768,0.7023909969986761,0.6579276624101685,0.5796130125835735,0.6514203883518642,17981.617961120242,9.79710529069119,6.2183764375099315,3.158837121081426,4.273109386112016,False,Poland
Poland,POL,2009,46.22887794470108,33.84664800139258,12.242971871394657,1.2,Poland,0.7153085227980506,0.7258472710506864,0.6761883394215631,0.6394221370835658,0.6650366745462555,18507.068287941718,9.825908007714876,2.880271702368553,6.2183764375099315,0.5070863394862695,False,Poland
Poland,POL,2010,45.68970758449768,33.339649501047084,12.707405721270566,1.2,Poland,0.7015912576866835,0.6759997183519695,0.6189357603641016,0.5968743900378977,0.1662833687560794,18537.849980330302,9.827569865854231,0.16618581393554877,2.880271702368553,-1.7401200634799068,False,Poland
Poland,POL,2011,45.75802032870779,32.90945840041921,12.834014669528683,1.2,Poland,0.7165198691370316,0.7204910363949574,0.6161805828801515,0.6206623289637965,0.38929561404197655,18690.81330092355,9.835787414801056,0.8217548946824138,0.16618581393554877,-0.7049490458121763,False,Poland
Poland,POL,2012,45.81580695958213,34.081829441613024,12.208406328191188,1.2,Poland,0.710767667538891,0.6837339754265643,0.6201734357254552,0.6252253533402141,0.5664046402968972,19143.118706370144,9.859698593549991,2.391117874893567,0.8217548946824138,0.7727236552160215,False,Poland
Poland,POL,2013,46.08067403430358,33.666282298667994,12.209784514506284,1.2,Poland,0.7408131465676514,0.7347220737979062,0.6686382480498406,0.633271910513483,0.21494037859075676,19579.65503308124,9.88224629759841,2.2547704048418993,2.391117874893567,0.41687936321079144,False,Poland
Poland,POL,2014,45.87650850333514,34.47382901397256,11.798699513988106,1.2,Poland,0.7142436217376222,0.7166838180305295,0.6940209503292358,0.6051858804824859,0.3342438908169608,20828.595764599864,9.944082117897127,6.183582029871637,2.2547704048418993,4.3647610419726,False,Poland
Poland,POL,2015,46.48328109850357,34.942156264977754,11.567709325543644,1.2,Poland,0.7164782701640041,0.7213286786762545,0.6484273515221649,0.6023094841918812,0.49549131620619846,22117.064943577592,10.004104758929088,6.002264103196175,6.183582029871637,3.63394521288567,False,Poland
Poland,POL,2016,45.906854807141215,34.25645433017188,11.68630107985999,1.2,Poland,0.7137303294221223,0.7499793005820609,0.6565123351890196,0.5954214444909186,0.7994158789689793,22321.247966710645,10.013294327419239,0.918956849015018,6.002264103196175,-1.424002255719866,False,Poland
Poland,POL,2017,46.17386834274294,34.24826448930408,11.856636985753145,1.2,Poland,0.7091221906473824,0.7277118407942778,0.6029526330052233,0.6256365661026034,0.09158207332663415,22400.281616398017,10.016828809924728,0.3534482505489933,0.918956849015018,-1.2785409884661505,False,Poland
Poland,POL,2018,46.61580549458377,33.2809846618683,12.753407404619107,1.2,Poland,0.7192556657089995,0.731669107660013,0.6508841191567647,0.5846604286784475,0.8729458358764083,21129.924951537163,9.95844555885449,-5.838325107023934,0.3534482505489933,-7.391220253903678,False,Poland
Poland,POL,2019,46.184577030090566,33.32344490204494,12.330420776853616,1.2,Poland,0.7281669851771356,0.7405402243713343,0.6810756589275141,0.6401861344188394,0.8491956515653193,21204.56403643195,9.961971722227027,0.35261633725376385,-5.838325107023934,-0.334274837707937,False,Poland
Poland,POL,2020,46.55434750388682,33.945110978383106,12.020054474855902,1.2,Poland,0.7192983428854135,0.6860791242150936,0.6559608729795239,0.6155573451958637,0.18057534512733353,21006.476699360894,9.95258608341094,-0.9385638816086228,0.35261633725376385,-2.49134267406511,False,Poland
Poland,POL,2021,46.176177750040836,34.82677171558133,11.237108337176915,1.2,Poland,0.7281848473463853,0.7308618004313053,0.6642991572420885,0.6146916727251117,0.9710582451653678,21202.997882008145,9.961897860191405,0.9311776780464243,-0.9385638816086228,-0.441011946586398,False,Poland
Poland,POL,2022,46.36375565104948,33.83719337713641,12.098048282006275,1.2,Poland,0.7196044484614335,0.7332344624088859,0.6482103711378994,0.6122589039821333,0.31910047324325563,21876.14063548362,9.993151853202793,3.1253993011388204,0.9311776780464243,1.4917008124676978,False,Poland
Portugal,PRT,1990,52.342776766837034,37.66453417990148,14.339473278271784,1.2,Portugal,0.738168495289467,0.7310350326058697,0.6879644640095632,0.6148969520770209,0.9925146201619713,21331.034079017158,9.967918290319211,,,,False,Portugal
Portugal,PRT,1991,51.854503082721486,37.09156835607254,15.286016438233354,1.2,Portugal,0.7450271489177326,0.7380612798461035,0.6606033877751644,0.6451859577314671,0.3993325801992226,21789.793328257187,9.989196943187729,2.1278652868517156,,,False,Portugal
Portugal,PRT,1992,52.1072094916467,38.497107761723484,13.891811796728563,1.2,Portugal,0.7432297450361767,0.742009665599069,0.6789115799212904,0.6210732771519668,0.3341927141731099,21500.49180462083,9.975831088487661,-1.3365854700067459,2.1278652868517156,-2.6809942585177198,False,Portugal
Portugal,PRT,1993,51.69407194438556,38.61271920035561,13.569711278839739,1.2,Portugal,0.7344594470658722,0.7664425807564444,0.6850337975827229,0.629949453696141,0.8041655649838841,21688.261112940036,9.984526430618201,0.869534213054024,-1.3365854700067459,-0.18740947255688023,False,Portugal
Portugal,PRT,1994,51.61811427137808,37.716013899302624,14.155094947720832,1.2,Portugal,0.7320444293205912,0.7405323080778115,0.6844303597837353,0.5779013881354212,0.40273948474683074,22220.669487530547,10.008778192691594,2.4251762073392413,0.869534213054024,1.1851782755551268,False,Portugal
Portugal,PRT,1995,52.24021573650089,37.200895939984605,14.854468005881554,1.2,Portugal,0.741572584367853,0.7416968114802888,0.6753843083882253,0.613768747616802,0.3960009663856152,21511.17054375415,9.97632763936571,-3.2450553325883646,2.4251762073392413,-4.61413369222315,False,Portugal
Portugal,PRT,1996,51.77616505511718,36.89463913616012,15.279296015178776,1.2,Portugal,0.7341821796660795,0.7107045803779,0.6568052071197779,0.6654129794794386,0.4183895333783335,22043.010198263197,10.000750832809372,2.4423193443661617,-3.2450553325883646,1.5437322133527287,False,Portugal
Portugal,PRT,1997,51.773434174174895,37.39133165930474,14.060761716237364,1.2,Portugal,0.7514269991623518,0.7167761186752647,0.6526786271696592,0.6439838840995624,0.47173983751843906,22685.24333575173,10.029469918765317,2.871908595594519,2.4423193443661617,1.5014077727771593,False,Portugal
Portugal,PRT,1998,51.879623518204056,36.13787444420422,15.711980632142755,1.2,Portugal,0.7609584350180916,0.7928472828530755,0.6984415312715272,0.6305666227866294,0.025199094821069634,22256.197315158373,10.010375779830177,-1.9094138935139782,2.871908595594519,-3.3155601698176227,False,Portugal
Portugal,PRT,1999,52.00733461657594,38.23315336353065,13.708166018256557,1.2,Portugal,0.752046744399937,0.7395647701534228,0.6444141868375,0.6479147171576735,0.6949531193430477,22439.381937804283,10.018572816378724,0.8197036548546421,-1.9094138935139782,-0.18970921179986533,False,Portugal
Portugal,PRT,2000,52.480014184395884,38.24635465777567,13.83813882707177,1.2,Portugal,0.7537649645001954,0.7600276073004585,0.6921297839673541,0.6700310370107381,0.488177675310814,21655.798925512412,9.983028546319023,-3.5544270059700622,0.8197036548546421,-4.790290214086364,False,Portugal
Portugal,PRT,2001,51.649097199692676,38.4960195784273,13.654952800067504,1.2,Portugal,0.7360185798941153,0.72378013746588,0.6986070202750759,0.5961310473320898,0.5137078552153048,23112.476848229457,10.048127873995774,6.509932767675153,-3.5544270059700622,5.637015956768588,False,Portugal
Portugal,PRT,2002,51.36154913740425,38.66346414902558,13.132912328670685,1.2,Portugal,0.7215992225549425,0.7209536103339531,0.6622501590009436,0.6158209032048246,0.1744092671114995,23803.930467477345,10.077605991716842,2.9478117721067676,6.509932767675153,1.239798023474427,False,Portugal
Portugal,PRT,2003,52.0553100121527,38.837156966108054,13.553031730429282,1.2,Portugal,0.7310878149989325,0.7298510133197188,0.6750309495649414,0.6638360051577026,0.40736552421283234,24151.761711124942,10.092112605120917,1.4506613404074997,2.9478117721067676,0.038216947612131014,False,Portugal
Portugal,PRT,2004,52.09133065684414,37.086257760646,14.76648761604633,1.2,Portugal,0.7495838581984204,0.7506170777354421,0.6792069661426925,0.6586326397229686,0.8906584554618424,24516.379048235416,10.107096705745496,1.4984100624579,1.4506613404074997,0.21019272125312116,False,Portugal
Portugal,PRT,2005,52.42297186518251,37.97896447463484,13.884712614859067,1.2,Portugal,0.7525308891730208,0.7603643014853262,0.7084537616456765,0.6308763373961017,0.913041466889856,25838.87364021143,10.159635367171377,5.253866142588137,1.4984100624579,3.9616868194529204,False,Portugal
Portugal,PRT,2006,52.30841606961975,39.441853147657625,12.547486278544145,1.2,Portugal,0.7272993891128797,0.7330385061989139,0.6379303518517028,0.6054388262153779,0.24685702759573291,26282.657159095535,10.176664577041945,1.7029209870567996,5.253866142588137,0.09913020101533254,False,Portugal
Portugal,PRT,2007,52.03573717880988,38.935599185181296,13.128000553701513,1.2,Portugal,0.7452256192087533,0.7085294586160622,0.6395836567615198,0.6706967061745855,0.6154207798208354,27069.152615735034,10.206150078673058,2.9485501631112854,1.7029209870567996,1.6394014101558794,False,Portugal
Portugal,PRT,2008,51.81697034018286,38.218434654714734,14.241498159208236,1.2,Portugal,0.7407125374991089,0.7148423849950271,0.6527273862052568,0.6112431172059111,0.40031283617299407,28843.776128138743,10.269649516535816,6.34994378627578,2.9485501631112854,4.937438124996317,False,Portugal
Portugal,PRT,2009,51.94131330075769,37.376997524885624,14.674860003421362,1.2,Portugal,0.7533692043756471,0.7770205189168645,0.6758851881238022,0.6603522043728582,0.5645906389334635,29121.10861910477,10.279218572296967,0.9569055761151191,6.34994378627578,-0.7378329805088488,False,Portugal
Portugal,PRT,2010,52.06316040123677,37.28858610747992,15.028614658712053,1.2,Portugal,0.7525923323978679,0.7755211498058825,0.6578655223975405,0.659846149267651,0.8797524022943436,28748.968232505922,10.266357158016511,-1.2861414280456174,0.9569055761151191,-2.5333890567183817,False,Portugal
Portugal,PRT,2011,52.192218733060876,37.506582163539846,14.818898104353089,1.2,Portugal,0.7372336413083855,0.7462514688126358,0.6540329797743564,0.6193326016562576,0.8591117576469165,28612.8413722178,10.261610895066637,-0.4746262949874236,-1.2861414280456174,-1.5357556084887933,False,Portugal
Portugal,PRT,2012,51.85438113912576,36.88051604812328,14.966191585037182,1.2,Portugal,0.7604981209578593,0.7605117773370089,0.7000909088927026,0.6306054151808294,0.7600055449620985,30411.44214973324,10.322574203083065,6.0963308016427575,-0.4746262949874236,4.967865480906268,False,Portugal
Portugal,PRT,2013,52.24583427178537,36.141263786184474,15.791912067139467,1.2,Portugal,0.7319325361979051,0.6980789038876863,0.6699332920263431,0.6258934314564986,0.30338554362913317,31103.084994184603,10.345062289202222,2.2488086119157202,6.0963308016427575,0.5751137611605681,False,Portugal
Portugal,PRT,2014,52.58983824141268,37.937041602579455,13.753391830872562,1.2,Portugal,0.7469285575581781,0.7616213084673648,0.6525196256290038,0.6292061719658755,0.6717088592440608,31256.4251114396,10.349980237597098,0.4917948394876248,2.2488086119157202,-0.8626493017602219,False,Portugal
Portugal,PRT,2015,51.40789519707742,38.364991681818765,13.84707375913717,1.2,Portugal,0.7453109660228461,0.7777609328408663,0.6712239481114142,0.604295822346386,0.3121897365691294,32794.53289293939,10.398017100386253,4.803686278915542,0.4917948394876248,3.5950315225761087,False,Portugal
Portugal,PRT,2016,52.70793158029888,37.498229568335816,14.431121693298664,1.2,Portugal,0.7589776701674598,0.74001981582208,0.6663934422408822,0.660411615273798,0.40532536064695335,34432.24994010842,10.446748902443426,4.873180205717276,4.803686278915542,3.3067433929074936,False,Portugal
Portugal,PRT,2017,52.29617420589502,37.4095195919937,14.477137802944272,1.2,Portugal,0.7316670504175751,0.7189015111036321,0.6606884973562187,0.6234321797189064,0.3702321856845767,34629.56625407032,10.452463112168456,0.5714209725029562,4.873180205717276,-1.0007821450463124,False,Portugal
Portugal,PRT,2018,52.11359179715141,36.54835901260739,15.042695334791649,1.2,Portugal,0.7442154608353656,0.7495518287612737,0.6630114691664283,0.6399843640154399,0.9562918815133613,34312.42504631306,10.443262813806895,-0.920029836156111,0.5714209725029562,-2.1352916237761805,False,Portugal
Portugal,PRT,2019,52.12057848492364,36.05410733820948,15.79345347558307,1.2,Portugal,0.7249181214564607,0.7017785519536149,0.6519658122218847,0.6016068418990758,0.10901361564092871,33382.01420002921,10.415772536918094,-2.7490276888800125,-0.920029836156111,-3.840535354917373,False,Portugal
Portugal,PRT,2020,52.22072000808405,36.9165072351823,14.81184008584594,1.2,Portugal,0.7318899913637116,0.7096090623604717,0.6638742151844482,0.6263612881763081,0.3024663174614697,32253.145721080753,10.38137085920597,-3.4401677712123657,-2.7490276888800125,-4.379913125461507,False,Portugal
Portugal,PRT,2021,51.97004962585137,36.955791257129235,15.158580579398102,1.2,Portugal,0.7343501808896792,0.7428144283788195,0.6675448680411464,0.6270329709354489,0.6825404787671571,32641.809236137335,10.393349237570574,1.1978378364602804,-3.4401677712123657,0.3154402896500855,False,Portugal
Portugal,PRT,2022,52.32747508581324,36.468272262191235,15.629091447238618,1.2,Portugal,0.7400717846690794,0.6983422315016578,0.6692743986816411,0.6733116377566624,0.11995294173096982,32419.979469450103,10.386530162021426,-0.6819075549147513,1.1978378364602804,-1.9491466979350516,False,Portugal
Romania,ROU,1990,36.28182612653946,26.741734367053795,9.453463622909373,1.2,Romania,0.6258865267938244,0.6242079816963709,0.5699626748448906,0.5354004417197312,0.5275879732721657,9463.732457807324,9.155222135796178,,,,False,Romania
Romania,ROU,1991,36.14539305339351,27.995107191747117,8.145695823117213,1.2,Romania,0.6139177349255523,0.6211800474804429,0.558748161255861,0.48403708884479646,0.5644165877797477,9802.915602783247,9.19043513089928,3.521299510310172,,,False,Romania
Romania,ROU,1992,35.8481492199923,27.464549353049634,8.66497344239428,1.2,Romania,0.6084982793968561,0.6154310033281729,0.5768089569684569,0.4872995544058076,0.9698188646337847,10416.88478462672,9.251183305601378,6.074817470209837,3.521299510310172,4.255781358960203,False,Romania
Romania,ROU,1993,36.32623638604454,27.179838784772226,8.992791362968603,1.2,Romania,0.6235566894856323,0.627388237409514,0.5713258403231876,0.5589693000506235,0.19202336913634455,11163.02134116879,9.320361928790096,6.917862318871748,6.074817470209837,4.73855429873989,False,Romania
Romania,ROU,1994,36.34058241949596,27.33159829666991,8.823179939512062,1.2,Romania,0.6311624639051813,0.6613234157335643,0.5630589354821441,0.5865209950221063,0.5286566039892756,10861.025876538499,9.292936052796165,-2.742587599393076,6.917862318871748,-5.040839516403844,False,Romania
Romania,ROU,1995,36.04965463860503,26.755745845320313,9.400020098103896,1.2,Romania,0.6224288201315027,0.5807868460677229,0.5712489212459366,0.5181004911484418,0.1857769546987078,11062.601892697985,9.311325499913133,1.8389447116968327,-2.742587599393076,0.903670767572986,False,Romania
Romania,ROU,1996,36.175574259407654,26.95370286871673,9.0591244917589,1.2,Romania,0.618731192858978,0.6022115092984477,0.5416522546218007,0.5645707038791223,0.2767541319513086,10914.629864956072,9.297859357731655,-1.3466142181478347,1.8389447116968327,-2.9282894867357574,False,Romania
Romania,ROU,1997,36.005697355992034,26.882311615151362,9.110752534844922,1.2,Romania,0.6002451222878287,0.6152671113779749,0.49891894913391943,0.5107775055683176,0.7371324139566391,11111.722446822287,9.315755906334457,1.7896548602802653,-1.3466142181478347,0.6574251857844431,False,Romania
Romania,ROU,1998,36.01686169592674,26.402733204685997,9.54099279693286,1.2,Romania,0.6197025834584462,0.6087803634036748,0.5696695687340869,0.5221011060649559,0.012003027272682543,11474.937745333807,9.347920609670789,3.2164703336331257,1.7896548602802653,1.6417492941272909,False,Romania
Romania,ROU,1999,35.67631284388541,26.12382810860906,9.550563448600697,1.2,Romania,0.6364337815580453,0.6436467393867612,0.5555205313029421,0.5403446445455568,0.9724613900279022,11732.489589923473,9.37011716038273,2.2196550711941043,3.2164703336331257,0.4436268381302,False,Romania
Romania,ROU,2000,36.50626591184599,26.62065737023775,9.5357682775812,1.2,Romania,0.6439076616476772,0.6514495035225267,0.5775174998865714,0.5154087771827319,0.42914949195832186,11949.888504345228,9.388477227135814,1.8360066753084325,2.2196550711941043,0.200617569535394,False,Romania
Romania,ROU,2001,36.07699031432446,26.51148228927177,9.524035934112954,1.2,Romania,0.6151172615754845,0.6277837980969093,0.5540581524714735,0.49473841126203605,0.7687471313625129,12720.550858012779,9.450974142403961,6.2496915268146935,1.8360066753084325,4.668430781247418,False,Romania
Romania,ROU,2002,36.019482926265226,27.224097562813323,8.859967003141902,1.2,Romania,0.6211821199140194,0.6076983087072548,0.5826148024180092,0.5237532293671451,0.26240837648930193,13250.103341930753,9.491760630774953,4.07864883709923,6.2496915268146935,1.8746681061517867,False,Romania
Romania,ROU,2003,35.89645293982713,26.8811123564202,8.578124107565129,1.2,Romania,0.6148230742713079,0.6130612493907264,0.5967394986057879,0.4941259603929332,0.5709070537521448,13406.724415008945,9.503511682084035,1.1751051309081717,4.07864883709923,-0.7225665368677243,False,Romania
Romania,ROU,2004,35.69412464754977,27.094088528890023,8.939033901156504,1.2,Romania,0.6076471950523372,0.5852041302947173,0.5413560828445746,0.5001793578866012,0.09949466887296465,13684.59675460619,9.524026154807991,2.0514472723956345,1.1751051309081717,0.563432105956241,False,Romania
Romania,ROU,2005,36.06465239079053,27.42713652297799,8.387198650864205,1.2,Romania,0.6359853811209634,0.6520279502933257,0.5896313132466066,0.512263032836966,0.45564954943987745,14315.82524870983,9.569120865099332,4.5094710291341045,2.0514472723956345,2.8978141021487893,False,Romania
Romania,ROU,2006,36.009001961559285,27.441147989229712,8.502219344992989,1.2,Romania,0.6362097596624938,0.6339481529447691,0.5533171148056436,0.517680976119628,0.9246417911286366,14864.031383367448,9.606699572418954,3.757870731962143,4.5094710291341045,1.799415025870994,False,Romania
Romania,ROU,2007,35.92345074749356,26.80287955972505,8.8898659774661,1.2,Romania,0.6197769971628194,0.6059992863113113,0.5618944750945731,0.5421280131780087,0.5464070742121321,14971.76167466294,9.613921150828093,0.7221578409138729,3.757870731962143,-1.1302557389690748,False,Romania
Romania,ROU,2008,35.997516034821125,26.684125706164185,9.194224704395992,1.2,Romania,0.6122961706128388,0.587693405737677,0.5549177582422075,0.5433469372499589,0.5147421937567799,14473.841526206572,9.580098266506562,-3.3822884321530466,0.7221578409138729,-4.806397964345134,False,Romania
Romania,ROU,2009,35.710496182566146,27.031015203277935,8.913365538124484,1.2,Romania,0.6189565720701311,0.6268227130702376,0.5422997731898902,0.5297381095116525,0.6831142857230466,14248.922012333951,9.564436534578057,-1.5661731928505063,-3.3822884321530466,-2.411192733539086,False,Romania
Romania,ROU,2010,36.56351373959794,26.83794476030291,9.028273371696404,1.2,Romania,0.621241565909713,0.6354372517213868,0.5635335794765036,0.507850882981019,0.7663472131046524,14596.301850359787,9.58852347769053,2.408694311247217,-1.5661731928505063,1.3074418737125413,False,Romania
Romania,ROU,2011,35.99297311223975,26.784591610254804,9.115284760547464,1.2,Romania,0.6296198718907184,0.6248796324904659,0.5816558894901208,0.5407622478714411,0.6235053112473372,14105.927331202703,9.554350366131624,-3.4173111558905234,2.408694311247217,-5.079371516354975,False,Romania
Romania,ROU,2012,35.67788927618466,26.349428090337057,9.305250573438187,1.2,Romania,0.6160385391006268,0.600688306165278,0.5697086395075251,0.546180238444444,0.3009663196316217,14323.555906385913,9.569660727174002,1.5310361042377707,-3.4173111558905234,0.6909578656012236,False,Romania
Romania,ROU,2013,36.175135963587884,26.966391760634576,9.153826606848284,1.2,Romania,0.6257200627830047,0.611625494070787,0.5323963605757207,0.5289639617839254,0.6166219781652751,14415.125320937566,9.576033303821571,0.6372576647569517,1.5310361042377707,-0.9009752535077711,False,Romania
Romania,ROU,2014,35.44252720136624,26.474059750719025,9.427072259244436,1.2,Romania,0.619070172084105,0.6141525969690963,0.5336977637556158,0.5241138079335947,0.9846544775908396,15135.558458853024,9.624802119278755,4.876881545718348,0.6372576647569517,3.464750448379209,False,Romania
Romania,ROU,2015,35.7860858754926,26.83001375122529,9.380357220880214,1.2,Romania,0.6161165306169885,0.6100041483956222,0.5671780980507708,0.5097350575322191,0.4255056592718428,14839.789747783796,9.605067348681908,-1.9734770596846474,4.876881545718348,-3.9837701486459802,False,Romania
Romania,ROU,2016,36.21289855969136,27.187367082003757,9.146857163708894,1.2,Romania,0.6163629688389949,0.6173563899650002,0.5535513777095609,0.513808186505799,0.8166552432016235,14276.57417809402,9.566375303617312,-3.869204506459667,-1.9734770596846474,-4.912991069892868,False,Romania
Romania,ROU,2017,35.34144487604334,26.4950701494806,9.100440439310704,1.2,Romania,0.6285958487234355,0.6301918784046102,0.5885273745716014,0.5265592321238639,0.1336956543994362,14382.374696383487,9.573758756471685,0.7383452854373473,-3.869204506459667,-0.03797601763915903,False,Romania
Romania,ROU,2018,35.66824944535436,27.103076600470672,8.910029915695342,1.2,Romania,0.6216703700072636,0.6300182726219419,0.5706763513068134,0.5249368023111897,0.2755667763091785,14943.904226371991,9.612058751613237,3.829999514155169,0.7383452854373473,2.4036061203925034,False,Romania
Romania,ROU,2019,36.04098068490381,26.988169165073792,9.257509708593085,1.2,Romania,0.632347519140448,0.6117084142985593,0.5810225851791883,0.525697496140123,0.7385460533969634,15722.445143070963,9.66284459733992,5.078584572668277,3.829999514155169,3.215994454200477,False,Romania
Romania,ROU,2020,36.319293655874155,26.85421805728306,8.950093766708656,1.2,Romania,0.6183844401637411,0.60588691180843,0.5369378479514062,0.50383977420747,0.9829468795547008,15607.9887218831,9.65553815971703,-0.7306437622888851,5.078584572668277,-2.76939482009467,False,Romania
Romania,ROU,2021,36.1142487758513,27.844429054748918,8.260590140045602,1.2,Romania,0.6335107289241314,0.6512345526958273,0.5689068644851736,0.5433465887557696,0.8018401684528059,16140.344634384515,9.6890772944079,3.353913469086933,-0.7306437622888851,2.134777473416821,False,Romania
Romania,ROU,2022,35.518483206298825,28.03207634775342,8.248617729200081,1.2,Romania,0.6305485906921089,0.6268108740844959,0.5539689074580496,0.5140790061372896,0.7561922341067805,15924.985413151224,9.675644564468278,-1.3432729939621524,3.353913469086933,-3.138692866932379,False,Romania
Russia,RUS,1990,46.02384881892743,36.633079631881536,8.848377065038004,1.2,Russia,0.3696691696250825,0.3688862890857157,0.35769646106626063,0.29308885276881497,0.698635589431956,14699.805782467998,9.59558956060254,,,,False,Russia
Russia,RUS,1991,46.61554382678169,37.71439534393195,7.995756359937788,1.2,Russia,0.34930621633059666,0.3871464517303906,0.3139262151640457,0.31416780735900196,0.4502651934966382,15269.041556146132,9.633582629782149,3.7993069179607986,,,False,Russia
Russia,RUS,1992,46.10863749278281,37.56486412243176,8.214884513405998,1.2,Russia,0.34374083982315395,0.3241757410619444,0.31181161593177986,0.28380044493925616,0.24853574392709288,15749.44161690822,9.664560190730594,3.097756094844506,3.7993069179607986,1.7757273457349845,False,Russia
Russia,RUS,1993,46.23320651882136,37.29427728515687,8.84801544515663,1.2,Russia,0.3602861031130338,0.34540891533057544,0.3013106624753038,0.29086435514820025,0.16905774913370575,15233.611332094657,9.631259537419309,-3.3300653311284734,3.097756094844506,-4.825721684265546,False,Russia
Russia,RUS,1994,46.06564581131404,37.36157025901066,8.380562701508946,1.2,Russia,0.34543302384976754,0.3522128941259559,0.3200147112353614,0.23272493948743916,0.6873899126857146,15410.723902988484,9.642818903394364,1.1559365975054803,-3.3300653311284734,-1.9305485260279514,False,Russia
Russia,RUS,1995,46.139334987248624,37.46540890453198,8.737995456751662,1.2,Russia,0.3614971532922663,0.37136054997704304,0.3245098368637383,0.3053993338006408,0.28013411877537975,15056.716861799698,9.619579473723027,-2.3239429671336964,1.1559365975054803,-4.300182416559248,False,Russia
Russia,RUS,1996,46.2995403713869,37.594522136125164,8.396660836453275,1.2,Russia,0.34549746612221727,0.33037738573308517,0.3154262569889277,0.2547423404767074,0.6637044789262561,15976.326355369363,9.67886330273937,5.928382901634244,-2.3239429671336964,3.0909041361048866,False,Russia
Russia,RUS,1997,45.832019261691535,37.63888488745654,8.709577881782709,1.2,Russia,0.3646571724170406,0.3487759272763202,0.30315938332604164,0.29040303233530745,0.5411880558570243,16289.13624729583,9.6982536766971,1.9390373957730134,5.928382901634244,1.1439360618374372,False,Russia
Russia,RUS,1998,45.92132594243892,37.567969734071255,8.921225988216346,1.2,Russia,0.35635329195216203,0.35399994590830497,0.3116086216319511,0.3077994400227778,0.8463180127808737,17235.415751279004,9.75472160115953,5.646792446242976,1.9390373957730134,3.864363496121359,False,Russia
Russia,RUS,1999,45.917915483588615,37.63055165543639,8.326599435889428,1.2,Russia,0.35702276427551577,0.38643141033576656,0.3140426120577857,0.3277789615068811,0.22150105085385274,17047.383074603356,9.743751985571073,-1.0969615588455994,5.646792446242976,-1.961754032005323,False,Russia
Russia,RUS,2000,46.13164495700851,37.773087982517545,8.517329643890323,1.2,Russia,0.3794304833526862,0.39392030456032073,0.38887318103364754,0.35042459249376695,0.9487049182391808,17341.346844612843,9.760848920017867,1.7096934446794165,-1.0969615588455994,-0.8241183090130826,False,Russia
Russia,RUS,2001,45.855052433410805,36.99314775556493,8.919493132413505,1.2,Russia,0.347285949398355,0.33800699000866685,0.33677137952146985,0.2948475922276383,0.5051657115227325,17825.19170792935,9.788368000227711,2.751908020984395,1.7096934446794165,0.9127184778814872,False,Russia
Russia,RUS,2002,46.28329670563548,37.11718528094609,8.829941580351235,1.2,Russia,0.34400360005178793,0.3522426600330241,0.3266350609644731,0.2742094512577702,0.16473400888772405,18004.743716629502,9.798390541970535,1.0022541742824131,2.751908020984395,-0.5789965085072677,False,Russia
Russia,RUS,2003,46.23452206841434,37.68311411588194,8.415096805079816,1.2,Russia,0.33705506645141986,0.3206883167846948,0.32983921232309926,0.2674058202672173,0.367847181142801,18466.271591418,9.823701189871876,2.5310647901340744,1.0022541742824131,0.516790304548433,False,Russia
Russia,RUS,2004,45.95746625613988,37.55775301451774,8.476256091194383,1.2,Russia,0.34084522970909703,0.34337441409031083,0.2967033316647682,0.31329576399347125,0.6485341590333424,19656.698011279917,9.88617342492988,6.247223505800292,2.5310647901340744,4.611316082864661,False,Russia
Russia,RUS,2005,46.220816840121515,37.93478234424619,8.061118543319244,1.2,Russia,0.3412360625652524,0.3548429141249789,0.3125206189928882,0.30795040190236067,0.42872514175148146,19441.311655615013,9.875155547734954,-1.1017877194925418,6.247223505800292,-1.81797883289393,False,Russia
Russia,RUS,2006,45.9590578864365,37.84624152709068,8.443301069564132,1.2,Russia,0.34240326982247443,0.3556761967631313,0.32935425429269494,0.27993716941099667,0.695677663215339,18291.597692765456,9.8141970909195,-6.09584568154542,-1.1017877194925418,-8.630851867176661,False,Russia
Russia,RUS,2007,46.588601699152676,37.35286292254986,8.638548860858787,1.2,Russia,0.34663133794959466,0.37708556393551806,0.29625419973706835,0.32460598373989624,0.21126291693819643,19535.768831041187,9.880002363307563,6.580527238806333,-6.09584568154542,2.809536018656474,False,Russia
Russia,RUS,2008,45.84562034821476,37.51989050995976,8.344607666664116,1.2,Russia,0.3520885354253433,0.3532527899670444,0.30901092395731794,0.2610913059319969,0.6740013710698536,19462.51229424493,9.87624544783094,-0.375691547662349,6.580527238806333,-1.009392944469556,False,Russia
Russia,RUS,2009,45.807510268258596,36.095437415259575,9.74427482878939,1.2,Russia,0.3620511773961445,0.3649641598347372,0.3333348841455667,0.32576763639656897,0.8562851280467623,20507.16246427038,9.928529492605545,5.228404477460558,-0.375691547662349,2.873100651878512,False,Russia
Russia,RUS,2010,46.529047693167925,36.94699852123897,9.471757248925575,1.2,Russia,0.34687322830346723,0.33095345010329213,0.307206432367507,0.30112483398696044,0.07824209858002273,21318.372472393963,9.967324537298056,3.8795044692511382,5.228404477460558,2.911164686074784,False,Russia
Russia,RUS,2011,45.689692668971894,36.53920934435133,9.65845820389097,1.2,Russia,0.35531665595938594,0.364448652933356,0.3240562143572323,0.29795282688888347,0.6867677955971696,21606.157625732485,9.980733628311416,1.3409091013359742,3.8795044692511382,0.03872853459699788,False,Russia
Russia,RUS,2012,46.02177192417731,36.79906883677866,9.1054474389398,1.2,Russia,0.3628279496883898,0.3643880980579669,0.3003896234165976,0.3015016752987475,0.28485267661061364,22284.814462562597,10.011660759681318,3.0927131369901772,1.3409091013359742,1.1622527410456052,False,Russia
Russia,RUS,2013,46.20094702627493,36.6385933596242,8.828023144769217,1.2,Russia,0.38276399345113,0.3935644773909149,0.3558378633318092,0.33725394987014456,0.5813665572045749,21968.012917727774,9.997342716032332,-1.4318043648986034,3.0927131369901772,-2.9287088053596557,False,Russia
Russia,RUS,2014,46.397838721011006,36.153614546317385,9.476967536498556,1.2,Russia,0.3436985716985765,0.3551794103162571,0.30713143206668014,0.2884620486034716,0.6953189496243846,22463.982870001237,10.019668544271884,2.232582823955198,-1.4318043648986034,-0.3840995532547762,False,Russia
Russia,RUS,2015,46.51333046810886,37.3892816220353,8.659574034419885,1.2,Russia,0.3598392353724445,0.3551040242116937,0.3372901614790375,0.2715609509726839,0.37593837540329333,23313.597796932987,10.05679206576251,3.7123521490626032,2.232582823955198,2.002573087857253,False,Russia
Russia,RUS,2016,45.21779034127945,36.53240675122927,9.250600988079418,1.2,Russia,0.3605221115595706,0.36247079376551666,0.31993105108085507,0.3144437949379063,0.4621404732699007,23238.295300587277,10.053556856321386,-0.32352094411240984,3.7123521490626032,-1.6670702269952349,False,Russia
Russia,RUS,2017,45.417605763820795,36.56082264316282,9.362946295296695,1.2,Russia,0.3563303672625052,0.35771576488602275,0.3052815824754492,0.331568973073826,0.008108196886213226,23437.941702153053,10.062111428493713,0.8554572172327468,-0.32352094411240984,-1.4869348468680559,False,Russia
Russia,RUS,2018,46.068754850435255,37.69691477710848,8.31628012351272,1.2,Russia,0.3498008160370027,0.3448432136554294,0.30625436927734734,0.2971213910503977,0.6869274167743025,24126.496996968188,10.09106597596986,2.8954547476146786,0.8554572172327468,0.8448493176537588,False,Russia
Russia,RUS,2019,45.948519820487476,37.87848884426106,8.29250310637188,1.2,Russia,0.3551363503386515,0.3198043759503725,0.30232252244456953,0.2915189663290682,0.4071737385988753,25566.80571237203,10.149050137226766,5.798416125690586,2.8954547476146786,4.252691984085909,False,Russia
Russia,RUS,2020,45.86328249674785,36.95980601685675,9.012411620602231,1.2,Russia,0.35202383370598694,0.32088481197185736,0.31761572676978095,0.2707627204938578,0.15737851486886756,26075.722051277044,10.168759970809718,1.970983358295264,5.798416125690586,1.1437164004779492,False,Russia
Russia,RUS,2021,45.7753953074414,37.076275038545894,8.951064802119545,1.2,Russia,0.3616200770427121,0.3772675324485554,0.3238238554956093,0.2876023191179089,0.07087170065487358,26260.343500102495,10.175815228506288,0.7055257696569228,1.970983358295264,-1.068996838189371,False,Russia
Russia,RUS,2022,46.04355003411911,37.765501880184175,8.195865984428098,1.2,Russia,0.3348616949875514,0.34747920705947455,0.3366738015998117,0.3404766180976179,0.9243543461938004,26670.202514111297,10.191302210477238,1.5486981970949998,0.7055257696569228,-0.5390139358348334,False,Russia
Sweden,SWE,1990,43.04662879830054,27.143767354370002,15.926583927309839,1.2,Sweden,0.8868195297129496,0.8806141945810805,0.8046209037914235,0.7511937391686534,0.9506071469375561,30353.763124108456,10.320675779711076,,,,False,Sweden
Sweden,SWE,1991,42.783532589937145,27.294413221487588,15.768885630847075,1.2,Sweden,0.8991231763983997,0.920427718049338,0.7733699567558554,0.7553192297028416,0.32866454536991596,32473.32313815986,10.388174204737124,6.749842502604864,,,False,Sweden
Sweden,SWE,1992,43.47200647074257,26.486959382641505,16.590209927869797,1.2,Sweden,0.8915811087350007,0.9074143626142595,0.8149053942025438,0.7704108526100362,0.09120610304869037,33909.26898901014,10.431443677500418,4.326947276329385,6.749842502604864,3.1769694664276567,False,Sweden
Sweden,SWE,1993,43.35734288592666,26.794697801273333,16.257852043756095,1.2,Sweden,0.8730085342190809,0.8728321932941647,0.7439073258245672,0.777465884417553,0.8877041827582998,34267.257808884606,10.441945594418332,1.050191691791369,4.326947276329385,-0.43882733219162695,False,Sweden
Sweden,SWE,1994,43.27823154446745,27.70258684377286,15.388297223870014,1.2,Sweden,0.8717450280320749,0.865317311199015,0.7928291543143798,0.7297087827711841,0.6182180633162611,33836.276039021264,10.429288761536426,-1.2656832881905444,1.050191691791369,-3.2132261391972636,False,Sweden
Sweden,SWE,1995,43.07911516130696,26.307769744393514,16.702723615277733,1.2,Sweden,0.8756669659309744,0.8797434204815238,0.7992824533901675,0.7617677528699378,0.08134878064189976,33769.487980678794,10.427312951306684,-0.19758102297426916,-1.2656832881905444,-2.4691895027207376,False,Sweden
Sweden,SWE,1996,42.924406786537936,26.40573150544108,16.624780996979414,1.2,Sweden,0.8655191565850268,0.8373698810974957,0.7645983565014755,0.7314223400630357,0.7771469159274368,33216.48918123797,10.41080169369427,-1.6511257612414454,-0.19758102297426916,-3.7732722729941295,False,Sweden
Sweden,SWE,1997,42.9289449206471,28.6545798562488,14.380722628025687,1.2,Sweden,0.8596292406502786,0.891029886261132,0.7676198317437246,0.7305935979729309,0.46866064199412627,35960.616314726074,10.490179627335408,7.937793364113865,-1.6511257612414454,5.61224904652989,False,Sweden
Sweden,SWE,1998,42.472983465256426,27.83860858273635,15.226990514006472,1.2,Sweden,0.8832271856033809,0.8666825667323345,0.8052913973278663,0.7813978860229253,0.9621725484745419,36857.23088061908,10.51480710307944,2.4627475744031457,7.937793364113865,1.4790024178935481,False,Sweden
Sweden,SWE,1999,43.25914840410945,29.107051103980183,13.82724385139524,1.2,Sweden,0.8655439002752792,0.8486611620049244,0.7721254855151279,0.7448658443225641,0.9632225394406113,38866.17723548573,10.567879671582155,5.307256850271536,2.4627475744031457,3.557376141731674,False,Sweden
Sweden,SWE,2000,42.899663148293236,28.38311785905286,14.876891059886933,1.2,Sweden,0.8822409248181041,0.8824927728337401,0.7959703543072704,0.7344445904182791,0.969302535619099,38165.78689949782,10.549694762374472,-1.818490920768312,5.307256850271536,-3.170333006796894,False,Sweden
Sweden,SWE,2001,43.35322356669331,27.437867741204037,15.649949594581877,1.2,Sweden,0.902757612975672,0.9108821466766706,0.8038430076459374,0.8045433111590597,0.6275580800840634,39136.383082813445,10.57480782694097,2.5113064566498977,-1.818490920768312,0.16234235340390635,False,Sweden
Sweden,SWE,2002,43.24839645303912,28.639007426126355,14.301678383166703,1.2,Sweden,0.8887232063672068,0.8923900464819738,0.8436469443948396,0.7392487597050227,0.2773811829811327,41302.02842614605,10.628666892177579,5.385906523660822,2.5113064566498977,3.642820769443717,False,Sweden
Sweden,SWE,2003,43.29687518037846,27.941812857281867,14.82252641809516,1.2,Sweden,0.8784227604174589,0.8513216013071003,0.8112324924560725,0.7104567198549198,0.07773463696498484,41712.970274296305,10.638567397177589,0.9900505000009829,5.385906523660822,-0.3507859591792646,False,Sweden
Sweden,SWE,2004,43.3513741280402,28.31737260638931,14.832801191356944,1.2,Sweden,0.8834175597577716,0.9209409765420893,0.8140842805457155,0.7393668526808578,0.6847311725538793,43837.55508301423,10.688246150974916,4.967875379732689,0.9900505000009829,3.011916835608174,False,Sweden
Sweden,SWE,2005,42.52838792330403,28.778895629891963,14.207713735528397,1.2,Sweden,0.8874196301652947,0.9169528026738872,0.8126825262160136,0.7516606967616511,0.8660638895004084,43287.96201715984,10.675629861877162,-1.2616289097753253,4.967875379732689,-2.660961413284755,False,Sweden
Sweden,SWE,2006,43.45336852998302,27.351144296720168,15.776362465459373,1.2,Sweden,0.8917944012072129,0.8824108881651188,0.768352270504674,0.7851026885094392,0.9699143978146032,42383.06412445522,10.654504130399229,-2.112573147793384,-1.2616289097753253,-4.383614289189711,False,Sweden
Sweden,SWE,2007,43.00983462786288,26.53573562810827,16.220952342015504,1.2,Sweden,0.8827563515788741,0.8883308122782874,0.745435424394672,0.7323170224687496,0.27340707193070624,43713.13022106128,10.685403798678312,3.0899668279083414,-2.112573147793384,0.6998511328770243,False,Sweden
Sweden,SWE,2008,43.34659361083201,26.22870345508844,16.89304883935645,1.2,Sweden,0.8800524369971818,0.8809920488724766,0.7830458838678788,0.7605015700945544,0.4505441353100935,44090.14315964567,10.693991525333459,0.8587726655147065,3.0899668279083414,-0.8033398329525954,False,Sweden
Sweden,SWE,2009,43.021610071969775,24.75871343254144,18.324064624533097,1.2,Sweden,0.8663140988445814,0.8770239350440855,0.8008916252423326,0.7671944039562579,0.3581627180328405,45821.19451782809,10.732502025458773,3.8510500125314095,0.8587726655147065,1.8767214638340568,False,Sweden
Sweden,SWE,2010,42.82266897244267,27.91374319000905,15.204438074549621,1.2,Sweden,0.883323140119796,0.8683534093886649,0.8260138656182668,0.7531381617876837,0.5201635011119934,44018.74277884475,10.692370794446449,-4.013123101232452,3.8510500125314095,-5.568735506698166,False,Sweden
Sweden,SWE,2011,43.1105069838102,25.54955178439395,17.619765012774728,1.2,Sweden,0.8816997290290731,0.9047646327576422,0.8140613530572074,0.7527665323248752,0.40348286621239704,45839.70744779898,10.732905969339438,4.053517489298919,-4.013123101232452,1.3974535367250716,False,Sweden
Sweden,SWE,2012,43.32054146679671,25.757201418640797,17.289374185386638,1.2,Sweden,0.8864537594958515,0.9138263906464985,0.7785099143346643,0.7672067247714425,0.13637147558676976,50329.666353349734,10.826349970568018,9.344400122857976,4.053517489298919,7.817119449772102,False,Sweden
Sweden,SWE,2013,42.740996420578185,26.554289467127983,16.416204796823948,1.2,Sweden,0.8626912689623444,0.8915780448019806,0.794143413271033,0.7305460221971556,0.34825546702330035,51299.07715754462,10.84542804186537,1.9078071297352395,9.344400122857976,1.1208916413217802,False,Sweden
Sweden,SWE,2014,43.29994727407309,26.38370568581667,16.40458709778765,1.2,Sweden,0.8950235705209603,0.8965054661293558,0.8380935243802902,0.7331680057785184,0.8623637087467452,52377.60249185358,10.866234345571883,2.0806303706512708,1.9078071297352395,0.2530955893877489,False,Sweden
Sweden,SWE,2015,42.77692353135623,26.146321638747782,16.689228357794153,1.2,Sweden,0.8798528174136506,0.8957809260075772,0.7862398335412639,0.7145810308777027,0.980032575285477,53707.28568771131,10.891303945180704,2.506959960882149,2.0806303706512708,0.7036087269657005,False,Sweden
Sweden,SWE,2016,43.0034278166682,27.051925667658526,16.21386645042887,1.2,Sweden,0.8593255789996013,0.8575431782093454,0.7473036310895441,0.7438201931262618,0.07586332810866392,51781.38155817332,10.854785934258459,-3.651801092224538,2.506959960882149,-5.395495061434233,False,Sweden
Sweden,SWE,2017,43.166234950397225,27.91814433941378,15.547386280655436,1.2,Sweden,0.8689874809515289,0.8787409464499948,0.797036093488612,0.7328255126481786,0.47396164026287235,53479.00304182291,10.887044389340979,3.225845508251979,-3.651801092224538,0.6203421623770184,False,Sweden
Sweden,SWE,2018,43.48127630845514,27.697967320041545,15.21049279376709,1.2,Sweden,0.8701427395366446,0.8802236698470014,0.7725233132155312,0.723763871960901,0.17701048427674682,51972.91172515131,10.858477933470772,-2.856645587020701,3.225845508251979,-4.499744274138726,False,Sweden
Sweden,SWE,2019,42.51932213768232,26.53733496650152,16.212335590677252,1.2,Sweden,0.8656591113076748,0.861828454829409,0.7802426802373933,0.6901541948107076,0.6903948286293653,52345.537339656235,10.865621966049057,0.714403257828522,-2.856645587020701,-1.7798321780913997,False,Sweden
Sweden,SWE,2020,43.1318909818051,26.15232091326555,16.952516655297003,1.2,Sweden,0.8730027449200741,0.8772823431347586,0.7834559094342501,0.7376329411913986,0.8062012797930613,55344.20831896249,10.921327295244788,5.570532919573168,0.714403257828522,3.5760024328277717,False,Sweden
Sweden,SWE,2021,42.30696896901021,27.060341054556314,15.950529662521763,1.2,Sweden,0.8726358782774235,0.8842259663084205,0.7744266937229307,0.7171794161533375,0.4845229851910213,55230.392474000655,10.919268669044177,-0.20586262006112577,5.570532919573168,-1.5208638896951072,False,Sweden
Sweden,SWE,2022,43.21058608786638,26.32523201414135,16.702416272270387,1.2,Sweden,0.8648480893780145,0.892185574726905,0.8112626347102387,0.7301401551801847,0.0366832028905979,57165.525676110774,10.953706297702368,3.443762865819089,-0.20586262006112577,1.320457491437757,False,Sweden
Thailand,THA,1990,43.70155782885657,37.60903384642222,6.572618435431243,1.2,Thailand,0.38646245325290246,0.4011519881529268,0.30627381085213473,0.3237876070655183,0.4491234139302508,8059.136537896,8.994561700468621,,,,False,Thailand
Thailand,THA,1991,43.71653311471932,37.59372993603077,6.253152481311566,1.2,Thailand,0.38267126348354374,0.4206936781088959,0.37587612991984104,0.3137550188625314,0.6858762750864646,8096.877844810308,8.999233815097112,0.4672114628490931,,,False,Thailand
Thailand,THA,1992,44.14409234516726,37.49777710325252,6.322738752593193,1.2,Thailand,0.39487411203021494,0.4085383601102363,0.38319180737743325,0.3713899235142792,0.36973781087268875,8327.224160276799,9.027285445565672,2.805163046856052,0.4672114628490931,1.2605467611131822,False,Thailand
Thailand,THA,1993,44.030726843215675,37.770058397278596,6.522309774600124,1.2,Thailand,0.3802070169696317,0.3772431461419814,0.33483226874831284,0.31397294519065877,0.10551364640120109,8025.487591606857,8.990377705231195,-3.6907740334477523,2.805163046856052,-5.048564758584494,False,Thailand
Thailand,THA,1994,44.18586956183766,37.97295858674245,6.106507074910118,1.2,Thailand,0.4111889459793067,0.43667751451305836,0.3666365783028804,0.3714803016034471,0.5858630505279215,7861.232606618182,8.969698693308683,-2.0679011922512203,-3.6907740334477523,-3.944781831392904,False,Thailand
Thailand,THA,1995,44.2964853209308,38.19168235043534,6.046627812094686,1.2,Thailand,0.4002926898390483,0.4089195918366036,0.3551353697444976,0.3135072842054343,0.5847568083373047,8275.679329891283,9.021076291122396,5.137759781371365,-2.0679011922512203,3.3905628065206943,False,Thailand
Thailand,THA,1996,44.04038583089678,37.705482548997466,6.232277602156217,1.2,Thailand,0.39484829100907987,0.39231791307000086,0.36415251571733165,0.36098025709977966,0.19854285886820167,8612.932429931654,9.06102012363262,3.9943832510223487,5.137759781371365,2.8229901808134983,False,Thailand
Thailand,THA,1997,43.705263422399725,38.139100135384105,5.654172731512113,1.2,Thailand,0.4170156607005286,0.4162893420322102,0.3752698412410645,0.38582341221631566,0.30521453012885913,8470.490864554056,9.04434373927904,-1.6676384353580431,3.9943832510223487,-2.930398650518732,False,Thailand
Thailand,THA,1998,43.99207101357779,38.69514215831581,5.5193645146262265,1.2,Thailand,0.38409858169319705,0.3708055597431558,0.32763254498462135,0.3426690884040572,0.17170998897368817,8966.58847005276,9.101260556071834,5.691681679279448,-1.6676384353580431,3.9764696755709767,False,Thailand
Thailand,THA,1999,43.42053916808799,38.09315529587851,5.9575242875657315,1.2,Thailand,0.38166435786012914,0.38687379284154677,0.32591898200915914,0.3303457306097358,0.6549411045673216,8852.5017869712,9.088455385846665,-1.280517022516925,5.691681679279448,-2.407646229514663,False,Thailand
Thailand,THA,2000,43.80353130760701,38.719004124739584,5.1128988427946345,1.2,Thailand,0.39634322917469483,0.40642864413546254,0.3671378942384159,0.3636311262696098,0.9709047114498695,9034.852993950115,9.10884493216348,2.0389546316815554,-1.280517022516925,0.35467747515786785,False,Thailand
Thailand,THA,2001,44.60677682139947,37.56985845019463,6.267284039190714,1.2,Thailand,0.4148229948615291,0.39417341550363166,0.37029473580549327,0.33978587289814427,0.9638176611881805,9085.420897603177,9.114426308607225,0.5581376443744901,2.0389546316815554,-0.8608807459052445,False,Thailand
Thailand,THA,2002,44.11628773145443,38.18065982216198,5.899136104785869,1.2,Thailand,0.38196249515907504,0.38859191308569296,0.3510574751902767,0.3110646513582548,0.6448560434297268,9015.440843818864,9.106694035586429,-0.7732273020796043,0.5581376443744901,-2.310577682508839,False,Thailand
Thailand,THA,2003,44.33073995431042,37.507072560402236,6.280896660078115,1.2,Thailand,0.4049351603520288,0.4021758983771656,0.359779705896083,0.3551574128737703,0.2522528338551704,9511.634631944671,9.160271026357094,5.357699077066513,-0.7732273020796043,3.7139594094535227,False,Thailand
Thailand,THA,2004,44.094490186145535,38.309976374093175,5.916308500007366,1.2,Thailand,0.4130259039678623,0.41577914278522327,0.3607115722310619,0.3612658029971761,0.7120079611981627,10182.675175022536,9.228443042912279,6.817201655518446,5.357699077066513,5.663383920273178,False,Thailand
Thailand,THA,2005,44.036372163403115,37.76833483297994,5.828016349860129,1.2,Thailand,0.3858306359152435,0.35246373815306903,0.34292548490005276,0.3076255532843049,0.48094160808430353,10440.787931866593,9.253475330989746,2.5032288077467157,6.817201655518446,1.4660398296111423,False,Thailand
Thailand,THA,2006,43.644065606542235,38.57922129434389,5.707582362604018,1.2,Thailand,0.38518419228448636,0.35839479678533126,0.3493695798757855,0.3208818893529862,0.4362144171200454,11127.582622760563,9.317182225958877,6.370689496913151,2.5032288077467157,4.988771226161838,False,Thailand
Thailand,THA,2007,43.830558994669275,38.265416729299254,5.793817187626493,1.2,Thailand,0.4051733729468364,0.39518110647440685,0.36338349890320554,0.3726902203547179,0.29845066114776053,11256.256963041904,9.32867942751747,1.1497201558592351,6.370689496913151,0.07685041986728436,False,Thailand
Thailand,THA,2008,43.99855148831702,38.81775062487464,5.355862674895592,1.2,Thailand,0.38616659223028393,0.40420116617308943,0.36323286133432553,0.31028105886925217,0.0403252397209507,11517.956584743702,9.351662538719673,2.2983111202202977,1.1497201558592351,0.8082340602092284,False,Thailand
Thailand,THA,2009,43.87121258883574,37.60772840446554,6.365505623983455,1.2,Thailand,0.39560300049064195,0.3836945364331211,0.35672288553879933,0.35097697663742344,0.3648180963078569,11793.75034283398,9.375325038185984,2.3662499466311715,2.2983111202202977,0.9679567166582392,False,Thailand
Thailand,THA,2010,44.57708816612681,37.55205128038799,6.383164224826298,1.2,Thailand,0.39727155453659874,0.4166750561879559,0.3355762147236878,0.3252983623911103,0.3777968239094115,11620.367274137707,9.36051463697506,-1.4810401210924695,2.3662499466311715,-2.8739043638194897,False,Thailand
Thailand,THA,2011,43.83499532648823,37.681086025359235,6.681849044426556,1.2,Thailand,0.4114085898670162,0.38781776869540163,0.3826089917750186,0.316059694286513,0.0658921650319727,12026.890795460884,9.394900321321018,3.438568434595801,-1.4810401210924695,1.7382674901707202,False,Thailand
Thailand,THA,2012,44.225060337483896,37.486737147293226,6.574684525223256,1.2,Thailand,0.39619236596138196,0.3708030606411257,0.3532071209018109,0.3487455777044466,0.6640741211998341,12523.490668220717,9.435361413160411,4.04610918393935,3.438568434595801,2.738933842570568,False,Thailand
Thailand,THA,2013,44.022737464989305,38.326937690469904,5.852534601334102,1.2,Thailand,0.3943588519938841,0.3869501999656753,0.35187296539148943,0.3282854075767517,0.15766102679690797,12708.78561824674,9.450048814240837,1.46874010804261,4.04610918393935,0.2101133088522087,False,Thailand
Thailand,THA,2014,43.92476523974667,38.26967521828723,5.928820104429376,1.2,Thailand,0.4053068312301005,0.3920381080857107,0.3655276452938077,0.3382169899698236,0.3794613805934648,12317.958243162737,9.41881349633726,-3.123531790357781,1.46874010804261,-4.588115986522179,False,Thailand
Thailand,THA,2015,43.79942364276575,38.63166190161992,5.4442098823134994,1.2,Thailand,0.42861136567633684,0.4345767877683566,0.3630352121515373,0.3436288882079206,0.7334018493349057,12700.198835789324,9.449372928685488,3.0559432348228555,-3.123531790357781,1.2243908868184639,False,Thailand
Thailand,THA,2016,43.62444433634602,38.23946981471303,5.707714991288596,1.2,Thailand,0.3975597164782887,0.4034541015363347,0.37166809686363395,0.2973722135731284,0.35954314452000347,12376.973626446616,9.4235930596859,-2.577986899958873,3.0559432348228555,-3.91573779641554,False,Thailand
Thailand,THA,2017,44.481322998810604,37.83459361101371,5.880886259229691,1.2,Thailand,0.40237761164594893,0.38245865183028427,0.3334733719137404,0.34444751555396913,0.45186904465227784,12323.281138930299,9.419245527840856,-0.4347531845043662,-2.577986899958873,-2.2227110754285544,False,Thailand
Thailand,THA,2018,44.086193180772796,37.90648761427204,6.21766334985611,1.2,Thailand,0.404022680772013,0.4304425965628272,0.36578069511440175,0.32528630775312517,0.7027382992895869,12618.33300774411,9.442906036066427,2.366050822557142,-0.4347531845043662,0.7493585998952055,False,Thailand
Thailand,THA,2019,43.47107432172982,37.783081419217844,6.45458588845394,1.2,Thailand,0.4053940198820941,0.42984999260150525,0.37430576588156117,0.3289655227565769,0.6773418460815164,12579.343949547048,9.43981137862008,-0.3094657446347071,2.366050822557142,-1.702345899353667,False,Thailand
Thailand,THA,2020,43.60297237197104,37.63697431670415,6.364017022697666,1.2,Thailand,0.39933551024690545,0.3921739213233191,0.38394743566384015,0.3152319736502519,0.21613581231092072,12926.663403713294,9.467047387708178,2.7236009088097646,-0.3094657446347071,1.116920397404243,False,Thailand
Thailand,THA,2021,43.52442361321767,37.65802206475606,6.348128444950923,1.2,Thailand,0.4079834805134911,0.41149492174780083,0.34181129292527856,0.3825178989150013,0.8598544903351217,13097.47235708211,9.480174540730967,1.3127153022789884,2.7236009088097646,-0.051593048059647595,False,Thailand
Thailand,THA,2022,44.23316496093684,37.77951308104579,6.477920967455825,1.2,Thailand,0.4126858323564747,0.42251408748358527,0.34695284451958863,0.37927551214454835,0.6114948527191991,12718.760314891257,9.450833372623498,-2.9341168107469784,1.3127153022789884,-4.411168939098104,False,Thailand
Turkey,TUR,1990,43.440154375212714,40.10625367857056,2.8709043430738714,1.2,Turkey,0.5605011059610892,0.543222081532673,0.5130172546144502,0.4944086543406756,0.5932215701073843,10813.968149682334,9.288593924652089,,,,False,Turkey
Turkey,TUR,1991,43.53559551826742,39.81954341282528,3.25192047171684,1.2,Turkey,0.5489555078146253,0.5455790733508251,0.49546100029542645,0.4898497476945953,0.06364090928664234,10882.174240103228,9.294881338689713,0.6287414037624117,,,False,Turkey
Turkey,TUR,1992,42.743872233223776,40.100679597837775,2.9912615931652216,1.2,Turkey,0.5534753037615808,0.5767454791206805,0.5034308839314005,0.4832926188965747,0.8292867993167555,10856.55306782147,9.29252414603697,-0.23571926527434783,0.6287414037624117,-2.417634145205491,False,Turkey
Turkey,TUR,1993,42.61408199947489,39.5126935975852,3.21525472915694,1.2,Turkey,0.5518958161659875,0.5719167380173303,0.44264158868940395,0.4826689501317075,0.3169465877911193,11114.187312011969,9.31597770739696,2.3453561359991326,-0.23571926527434783,0.10658868579117353,False,Turkey
Turkey,TUR,1994,43.032845607834126,40.79642016916364,2.428588615177962,1.2,Turkey,0.5647405605248809,0.5577002990278114,0.5259825672244272,0.48462966692140547,0.4433800143791877,11842.268946474947,9.379430524071365,6.345281667440439,2.3453561359991326,4.276262565418373,False,Turkey
Turkey,TUR,1995,42.94277186189964,40.66746858203743,2.299971618636052,1.2,Turkey,0.5661227825798865,0.5924210716515674,0.5423097949093256,0.49604691501434134,0.23743346837480628,11870.708409655925,9.381829166501573,0.23986424302080422,6.345281667440439,-1.5660936747004341,False,Turkey
Turkey,TUR,1996,42.88279671922024,40.57966401204353,2.761506524065381,1.2,Turkey,0.5403450201417095,0.540948251592412,0.4811787595238951,0.4112381884224593,0.6522242595454725,12163.068543867412,9.406159471043436,2.43303045418628,0.23986424302080422,0.22554047650691222,False,Turkey
Turkey,TUR,1997,43.034375331107164,39.75267300257124,3.313315705160206,1.2,Turkey,0.5512320480678449,0.5622617555886542,0.4969808921885095,0.5024482616662832,0.6341040313763313,11987.712195195496,9.391637420406914,-1.452205063652201,2.43303045418628,-3.515458130833422,False,Turkey
Turkey,TUR,1998,43.26341757367246,39.81832344771023,2.907075948912663,1.2,Turkey,0.5489446994799769,0.5452575664656351,0.48525845531134376,0.422447976230329,0.045648745502383736,12774.16597303839,9.455180127072854,6.354270666593997,-1.452205063652201,4.035499178238082,False,Turkey
Turkey,TUR,1999,42.815112073542366,39.834042936375575,3.1614200085592983,1.2,Turkey,0.5457069777548275,0.5318585581573504,0.46300993070590807,0.4621888196390294,0.6107800710757683,13102.095461784531,9.48052745531203,2.534732823917629,6.354270666593997,0.7293660813931355,False,Turkey
Turkey,TUR,2000,42.893915577515905,40.10906782646404,2.6701344464616215,1.2,Turkey,0.5410566737691158,0.5276684698724647,0.48285230563593934,0.4600355378025292,0.0076640326492253275,12938.91444824809,9.467994673364895,-1.2532781947134808,2.534732823917629,-3.3098426509149648,False,Turkey
Turkey,TUR,2001,43.213593106897314,40.08062766599055,2.683076520423688,1.2,Turkey,0.5469079092295014,0.5318647811176898,0.4986006085149349,0.49168073176553906,0.5126677259564164,13548.714961733274,9.514046985038103,4.605231167320767,-1.2532781947134808,2.2995424069608945,False,Turkey
Turkey,TUR,2002,43.39754401866245,40.29601741881127,2.7700405703120445,1.2,Turkey,0.5537735070276324,0.5501637112489998,0.4828131232863032,0.46682085006508095,0.6170665161178013,14307.437979215332,9.568534819429573,5.448783439146965,4.605231167320767,3.528388454608687,False,Turkey
Turkey,TUR,2003,42.3678422958011,39.88422003361704,3.1071532484547766,1.2,Turkey,0.5468094606433339,0.5308889435072641,0.5136486573509725,0.46521427452027264,0.49354658034011867,14662.887545973772,9.593074923710391,2.4540104280818653,5.448783439146965,0.5890929412874755,False,Turkey
Turkey,TUR,2004,43.0203739507508,39.891401598160236,3.2182240777682076,1.2,Turkey,0.5460088814779726,0.5329509460297414,0.4638539778678383,0.4269477084237886,0.41102107526554577,14234.996495545423,9.563458753526328,-2.961617018406315,2.4540104280818653,-5.023490305705089,False,Turkey
Turkey,TUR,2005,42.495302055462695,40.46247767882905,2.57958057938818,1.2,Turkey,0.5526712665101149,0.5628457669747136,0.46578032581846074,0.48767134281512,0.8237903842212947,15282.052579587253,9.634434384823715,7.09756312973866,-2.961617018406315,4.679522869178285,False,Turkey
Turkey,TUR,2006,42.90544768303443,39.20156363675358,3.4115302161037917,1.2,Turkey,0.5514486766465756,0.5391532193434372,0.4821380397298848,0.4755876783976417,0.3838388830449795,15729.87289116886,9.663316915356537,2.8882530532822415,7.09756312973866,1.1317700697426953,False,Turkey
Turkey,TUR,2007,42.929762338815124,40.90506605340179,2.0572571211453368,1.2,Turkey,0.528481845986707,0.5140987796018586,0.4714110566114824,0.42946597854567725,0.7511780478084181,16596.80326866478,9.716965381623027,5.364846626648934,2.8882530532822415,3.331531965844877,False,Turkey
Turkey,TUR,2008,43.359555950955006,39.743624911080786,3.2222974042479864,1.2,Turkey,0.5551192409102927,0.5517530762310514,0.5241354196966711,0.49499328248302804,0.36191999083786497,16654.447349616872,9.720432567826673,0.34671862036468326,5.364846626648934,-1.5237190985261808,False,Turkey
Turkey,TUR,2009,43.16660806855257,40.14084636036186,2.9210319536695244,1.2,Turkey,0.5490141186771574,0.5493911111360544,0.5082769952745728,0.47132632350085385,0.6125734683448192,16788.370461605857,9.728441691258247,0.8009123431573784,0.34671862036468326,-1.3995501939281945,False,Turkey
Turkey,TUR,2010,43.60262661585554,40.19149116361821,2.616623285753423,1.2,Turkey,0.5538153856258934,0.56654731214233,0.49960086714901364,0.45584739364747884,0.14213712379345766,17179.76770236016,9.751487674047539,2.3045982789291486,0.8009123431573784,0.13400648260629122,False,Turkey
Turkey,TUR,2011,42.72092059381899,40.751519887603116,2.5517538417419474,1.2,Turkey,0.5296677000935555,0.5255053629481047,0.47413017985542133,0.41258056416956934,0.5771998867345508,18097.202522049596,9.803512648515945,5.202497446840582,2.3045982789291486,3.130797842377628,False,Turkey
Turkey,TUR,2012,43.07108661661577,39.724142494527236,3.2548658742727308,1.2,Turkey,0.49040609773909255,0.5050590849536742,0.45847468813883624,0.44259167088127144,0.8456043629899068,18536.77815744183,9.827512046102955,2.3999397587010307,5.202497446840582,0.5188248991546844,False,Turkey
Turkey,TUR,2013,42.46577856773096,39.772520050145516,3.0668319314641446,1.2,Turkey,0.483537726901562,0.5190439447537523,0.4113112175762762,0.4293901513385277,0.3063134987782127,18208.584233679405,9.809648423058887,-1.7863623044068078,2.3999397587010307,-3.8517916314896854,True,Turkey
Turkey,TUR,2014,42.52988252492937,39.61244480190958,3.242686694208779,1.2,Turkey,0.46734230413506017,0.4960107525315635,0.43116944107647887,0.4070147975689855,0.8575623376612838,18715.869489091296,9.837127078735213,2.7478655676326014,-1.7863623044068078,0.40711772026583937,True,Turkey
Turkey,TUR,2015,42.58722592341953,39.98012181038058,2.894203967995521,1.2,Turkey,0.4486569125852946,0.46487307804849026,0.4196609957378094,0.3463877362327368,0.3711724234376276,20005.13135824737,9.903744087540579,6.661700880536614,2.7478655676326014,4.619153423285294,True,Turkey
Turkey,TUR,2016,43.24273639329707,39.810316555864716,3.1605213525175175,1.2,Turkey,0.4458564649288574,0.46144779947366504,0.38153509752118075,0.4086184450618446,0.16686020169875282,20444.72788515832,9.925480323106761,2.1736235566182316,6.661700880536614,0.38847542954892633,True,Turkey
Turkey,TUR,2017,42.75502746776333,39.80332958224738,2.967304001319132,1.2,Turkey,0.3989429533151407,0.39464453270936595,0.3528879722999118,0.3546947209632564,0.15445974722332378,20932.979997638155,9.949081184552009,2.3600861445247645,2.1736235566182316,0.2797727883072456,True,Turkey
Turkey,TUR,2018,42.65095786006232,40.35421462804288,2.67819728376969,1.2,Turkey,0.39049578520484707,0.3872689009718112,0.3231928383209418,0.35618774560783284,0.071711888847651,20558.77551017581,9.931043160897454,-1.8038023654554536,2.3600861445247645,-3.871852726070448,True,Turkey
Turkey,TUR,2019,43.00753861336481,40.42485014732727,2.531162693619462,1.2,Turkey,0.35316561807779057,0.3370482167478668,0.3371460889319607,0.3325024318370866,0.36459372819754,20104.63888944772,9.90870585793892,-2.2337302958534977,-1.8038023654554536,-4.575625115352034,True,Turkey
Turkey,TUR,2020,42.56392021602051,39.7136068101765,3.033915330052071,1.2,Turkey,0.36891387849550344,0.3596719581224755,0.3311030904876102,0.29064350243075987,0.027536719869465487,20122.114562032282,9.909574716207834,0.08688582689142521,-2.2337302958534977,-2.283283856637832,True,Turkey
Turkey,TUR,2021,42.3357437886871,39.73867020223659,3.330475113723724,1.2,Turkey,0.33546284248003705,0.3355912878762558,0.29318884042150195,0.2829512200295149,0.03095579091934353,20327.450088519316,9.919727472711585,1.0152756503751803,0.08688582689142521,-1.2022751854384532,True,Turkey
Turkey,TUR,2022,43.16506074880793,39.77541132725351,3.0839748565669356,1.2,Turkey,0.29901854521969157,0.2917823184350402,0.23304106226215887,0.24706601775447204,0.9000831830164807,20797.457772202586,9.942586035729372,2.2858563017786437,1.0152756503751803,0.1293624342857358,True,Turkey
Ukraine,UKR,1990,37.19896463207695,25.33743958054153,11.106826491125258,1.2,Ukraine,0.5470186942073416,0.5139704464014055,0.49063878752124157,0.45729220497471473,0.5713200154331027,7093.253577553986,8.866899410958373,,,,False,Ukraine
Ukraine,UKR,1991,37.25300346757749,26.460718776915012,10.361564298133592,1.2,Ukraine,0.5502308065895043,0.5627288784825851,0.49907669743038985,0.4938934889897493,0.0407850134355181,7297.20645393143,8.895246876353106,2.834746539473265,,,False,Ukraine
Ukraine,UKR,1992,36.318046710963664,25.537018549353444,11.602056880218687,1.2,Ukraine,0.5572416724087716,0.5217775242529907,0.4872125347915427,0.45977188682974884,0.20117296711390076,7051.119884551727,8.860941732063754,-3.430514428935183,2.834746539473265,-4.291678180155251,False,Ukraine
Ukraine,UKR,1993,36.93796835093443,25.535672670727124,11.490283793765242,1.2,Ukraine,0.544720059782344,0.5717814429856721,0.4258277266843953,0.4709240275102512,0.25339810755937264,7236.13777827957,8.886842887002732,2.5901154938978266,-3.430514428935183,1.5950294850814273,False,Ukraine
Ukraine,UKR,1994,36.56549264860889,25.55953267828233,11.688794774297417,1.2,Ukraine,0.5449853057664154,0.5450927133431354,0.48109881194106435,0.4938703592244338,0.5171503622838772,7022.9330299922085,8.856936220301538,-2.990666670119424,2.5901154938978266,-3.857059499915278,False,Ukraine
Ukraine,UKR,1995,37.47848104700221,26.05724735995181,10.929284109486362,1.2,Ukraine,0.5636638941185445,0.5489091600248477,0.5210288596417535,0.4939357856144085,0.7226117248344496,7097.320979797343,8.867472665034635,1.0536444733096673,-2.990666670119424,0.06796037211632044,False,Ukraine
Ukraine,UKR,1996,36.76055628856407,26.01384033579761,10.96916170401504,1.2,Ukraine,0.5439602011339278,0.5219305259943887,0.44887054756664163,0.45511411429024473,0.754940200158329,7077.475951735209,8.864672619132907,-0.28000459017274437,1.0536444733096673,-1.1792400531559557,False,Ukraine
Ukraine,UKR,1997,37.13125531401013,25.812301513511912,11.222957010707379,1.2,Ukraine,0.5414550653726194,0.533393748011885,0.4927542933419053,0.4590913973502845,0.2258814129335759,7231.397924365922,8.88618764699771,2.151502786480286,-0.28000459017274437,1.2237600842418568,False,Ukraine
Ukraine,UKR,1998,37.3913776257035,26.073411279430672,10.927329790728823,1.2,Ukraine,0.538114645460389,0.5778910465360649,0.48386145461451857,0.44176735937585176,0.7021643286483125,7513.655736876358,8.924477408858122,3.8289761860411886,2.151502786480286,2.9532078483001776,False,Ukraine
Ukraine,UKR,1999,36.83387045384915,25.799185318343497,10.920395482447953,1.2,Ukraine,0.5608522226366164,0.5616233260123027,0.4950938276242034,0.4717899007588351,0.9365656116580061,7362.804983376358,8.904196250990026,-2.0281157868096145,3.8289761860411886,-2.8680275136512945,False,Ukraine
Ukraine,UKR,2000,36.93802022182975,25.421369842452147,11.71951249125907,1.2,Ukraine,0.5618646103733033,0.5240361325363051,0.4929099009625822,0.498806651380485,0.7161645381776112,7259.044265048381,8.890003455220288,-1.4192795769737643,-2.0281157868096145,-2.3843887990049843,False,Ukraine
Ukraine,UKR,2001,36.95159418868926,24.854598443079897,12.049113552342002,1.2,Ukraine,0.5458536949118598,0.5313676442277064,0.4975572172381708,0.4567964729714925,0.22264923522678537,7446.383285250701,8.915483728430267,2.548027320997903,-1.4192795769737643,1.595932196885149,False,Ukraine
Ukraine,UKR,2002,36.362837524033495,25.948175071778216,11.236274516456172,1.2,Ukraine,0.552015801141996,0.5539929900422164,0.5469641257849731,0.5040073791130979,0.46103356809781204,7748.844735829055,8.955299044891262,3.981531646099512,2.548027320997903,3.1142391661276663,False,Ukraine
Ukraine,UKR,2003,36.71014438837827,25.680605455307496,11.025423041471075,1.2,Ukraine,0.5471684811512013,0.5066676828776778,0.4956135110076169,0.4657620783379841,0.9377645593182242,8233.312240121786,9.01594367201615,6.064462712488705,3.981531646099512,5.227811914716488,False,Ukraine
Ukraine,UKR,2004,37.06094994302231,25.246780313886525,11.476667364894906,1.2,Ukraine,0.5708774598587515,0.5623509235613863,0.5091097624619451,0.5025172680626551,0.9617624783454688,8281.421526138472,9.021769914544436,0.582624252828623,6.064462712488705,-0.20950312728630205,False,Ukraine
Ukraine,UKR,2005,37.25921308782227,26.208567003854235,10.91277963162811,1.2,Ukraine,0.5677549084924005,0.5381709881252452,0.5137724511274784,0.48389216484231606,0.24461627405226605,8076.503048535735,8.99671426681127,-2.505564773316493,0.582624252828623,-3.414868466756251,False,Ukraine
Ukraine,UKR,2006,36.69895617714877,24.69194356999768,12.02371068171258,1.2,Ukraine,0.5514153213214971,0.5848858581558489,0.5138075387068494,0.45403215986132556,0.5522222801738466,8283.251605295436,9.02199087624406,2.5276609432788533,-2.505564773316493,1.5523460735527497,False,Ukraine
Ukraine,UKR,2007,36.50777961691395,25.531012917398414,11.609902366013094,1.2,Ukraine,0.5372963795367491,0.5603902548710835,0.5309150288636166,0.4491466248557872,0.404910814269844,8251.449621846345,9.018144175632179,-0.3846700611880749,2.5276609432788533,-1.2523978799745281,False,Ukraine
Ukraine,UKR,2008,36.739712910931885,25.77572767787973,11.028396721282414,1.2,Ukraine,0.5673966525197045,0.5691023338943693,0.4752521037482244,0.46054764956873673,0.407164298467125,8187.644413594159,9.010381518089531,-0.7762657542647489,-0.3846700611880749,-1.7062457194426526,False,Ukraine
Ukraine,UKR,2009,37.319341138245754,26.720954682400468,10.246005485773443,1.2,Ukraine,0.5610671042428732,0.5155746836187493,0.5008777984411316,0.5392606611906032,0.1347857849174381,8697.286896554391,9.07076640503629,6.03848869467587,-0.7762657542647489,5.100138227527455,False,Ukraine
Ukraine,UKR,2010,36.95598501096143,26.756706919072307,10.366010184129967,1.2,Ukraine,0.537152038400682,0.5368472774706803,0.5162229122279958,0.47815361365664,0.4017936703333638,9032.66736263694,9.10860299178863,3.7836586752339585,6.03848869467587,2.9909760909349012,False,Ukraine
Ukraine,UKR,2011,37.02670367610371,25.381516842825405,11.489732034408132,1.2,Ukraine,0.5524511428437262,0.5669870237717622,0.48464304056424073,0.49531111415707796,0.9600118808191255,9016.02615502646,9.106758956672198,-0.1844035116430831,3.7836586752339585,-1.025283916946291,False,Ukraine
Ukraine,UKR,2012,37.10400422462311,27.070895351139328,10.252991680475331,1.2,Ukraine,0.5531837293951467,0.5589487609525332,0.48703672355414684,0.45470783931132935,0.28562659968357706,9191.285567365756,9.126011093201381,1.925213652918245,-0.1844035116430831,0.999514458895977,False,Ukraine
Ukraine,UKR,2013,36.90949576716075,26.231046058674664,10.641793430015808,1.2,Ukraine,0.5568820530645289,0.5480099164603811,0.4841173860079884,0.4604860782643089,0.23185961388284837,9351.486828781937,9.143290628761596,1.727953556021511,1.925213652918245,0.8473482048202536,False,Ukraine
Ukraine,UKR,2014,36.75782685836217,26.135039144135884,11.016445619474188,1.2,Ukraine,0.5529188002611632,0.5804709492046494,0.497408606613578,0.46845436422117337,0.40788492685035893,9584.833250227446,9.167937258377707,2.464662961611097,1.727953556021511,1.57984110328535,False,Ukraine
Ukraine,UKR,2015,36.59668155901501,26.462912454126524,10.268138596610193,1.2,Ukraine,0.5533627788924756,0.5386221916694217,0.5191609992288365,0.48969450414361515,0.728470945558592,9659.804010121075,9.175728638193402,0.7791379815694555,2.464662961611097,-0.08993644224614183,False,Ukraine
Ukraine,UKR,2016,37.263049268819216,26.50081488579553,10.3924582643726,1.2,Ukraine,0.5543673255556484,0.5623914688253083,0.503825599533779,0.4628745211212508,0.959916689642091,9302.373141605023,9.138024823106027,-3.770381508737408,0.7791379815694555,-4.675484648946527,False,Ukraine
Ukraine,UKR,2017,36.78024878340282,26.511286061506024,10.4085142427335,1.2,Ukraine,0.5571916866635545,0.5935871224098064,0.4998107314423354,0.48659057218209806,0.5992935663104787,9215.949395093921,9.128690891936865,-0.9333931169162923,-3.770381508737408,-1.9357439095684,False,Ukraine
Ukraine,UKR,2018,36.97108545593245,25.444976646150778,11.683926171585663,1.2,Ukraine,0.557544756997707,0.5567198828649259,0.5018332069404672,0.4576615278018348,0.6869524413854383,9253.182774753672,9.132722855080385,0.40319631435199454,-0.9333931169162923,-0.538512807965384,False,Ukraine
Ukraine,UKR,2019,36.92983584672462,26.33119696140296,10.889041545272883,1.2,Ukraine,0.553865862299052,0.5810518142863481,0.4955364859728647,0.45765350153820006,0.02345902172115444,9446.050129590221,9.153351957406857,2.0629102326472193,0.40319631435199454,1.1497712010279648,False,Ukraine
Ukraine,UKR,2020,37.046639273310745,26.102434628609473,10.997369891534076,1.2,Ukraine,0.5543346565005565,0.5142231330421616,0.51635984820201,0.5197083143191343,0.26637764143002385,9328.268928178228,9.140804738382478,-1.254721902437872,2.0629102326472193,-2.1323839386018815,False,Ukraine
Ukraine,UKR,2021,37.19319780355937,26.40131961285182,10.742535434532243,1.2,Ukraine,0.559049620414942,0.5545334854334212,0.5318732487646252,0.4611138508443898,0.47594221754772414,9566.965786680143,9.166071379491166,2.526664110868815,-1.254721902437872,1.578086467574461,False,Ukraine
Ukraine,UKR,2022,36.6748311131183,25.858460709912496,10.875110138949173,1.2,Ukraine,0.5668659613602219,0.5602625680014031,0.5085588884894238,0.4813886899186218,0.10053035869183591,9648.876771676176,9.174596790840914,0.8525411349747714,2.526664110868815,-0.015207991471086868,False,Ukraine
United States,USA,1990,47.22513535874194,39.59152329907672,7.596589644201522,1.2,United States,0.7849671415301124,0.7822018555066886,0.7194241981391151,0.6976826674287561,0.15601864044243652,39011.77118389389,10.57161870479976,,,,False,United States
United States,USA,1991,47.03835212095019,38.78780233895699,8.14894914257429,1.2,United States,0.7827904129220014,0.8030007186181319,0.692893808949331,0.6548684548401381,0.18340450985343382,36951.93494617311,10.517373291613469,-5.424541318629217,,,False,United States
United States,USA,1992,47.26381939245885,39.13662972079008,8.018928666295706,1.2,United States,0.7824196227156603,0.7441540178225043,0.6696793037938337,0.6538109287234918,0.6118528947223795,37215.49909832401,10.524480595917947,0.7107304304478035,-5.424541318629217,0.16498401344820657,False,United States
United States,USA,1993,47.14025280267561,38.372357432317415,8.455784075105935,1.2,United States,0.7757195393582377,0.7608714026158542,0.6840807093882658,0.6165691953329772,0.7851759613930136,39373.182571122234,10.58084021813879,5.635962222084423,0.7107304304478035,3.8949654482697578,False,United States
United States,USA,1994,47.26353509039218,39.32949897676844,7.6605158410343135,1.2,United States,0.7806752820468793,0.7521803183226101,0.6917200993516878,0.6657924415340447,0.6075448519014384,39136.85637954013,10.574819920390276,-0.6020297748515091,5.635962222084423,-3.3025415134656066,False,United States
United States,USA,1995,47.36676240160221,39.143823947202335,7.825270156383903,1.2,United States,0.7739974614989409,0.7929462579198736,0.7024183953742904,0.645186647468607,0.4401524937396013,39122.5094127082,10.574453268633073,-0.03666517572025185,-0.6020297748515091,-1.5219149886879626,False,United States
United States,USA,1996,47.15969275566601,39.03545602151781,8.037632791355005,1.2,United States,0.7798650277526207,0.7587108091735026,0.7183294232194224,0.6384684005903072,0.31171107608941095,39793.802025101315,10.591466451133133,1.7013182500059898,-0.03666517572025185,0.10592625157699076,False,United States
United States,USA,1997,47.64249428026114,38.84165405104877,8.077062945674305,1.2,United States,0.8077831304155244,0.8316559249011708,0.7313775836950492,0.7042508816321679,0.9218742350231168,42370.11997133173,10.654198675132568,6.273222399943457,1.7013182500059898,4.3392430667235455,False,United States
United States,USA,1998,47.18479382677265,39.34234513591111,7.8834493226330675,1.2,United States,0.7788435171761177,0.7728214432643319,0.6713887256511574,0.6476201054318058,0.8287375091519293,42405.4117432748,10.655031268529932,0.08325933973640787,6.273222399943457,-2.7414010081197544,False,United States
United States,USA,1999,46.752655635292626,39.28419069280352,7.84592786476142,1.2,United States,0.7665332190263866,0.7489213937054444,0.6672688510301167,0.654241813824989,0.8021969807540397,42688.70284397898,10.661689593813175,0.6658325283243727,0.08325933973640787,-0.9529227090535792,False,United States
United States,USA,2000,46.80034708781339,39.05747483155773,7.9889574330556155,1.2,United States,0.7732307799969405,0.7854643057737578,0.7165276924471654,0.6758717653797234,0.7712703466859457,42986.220124815096,10.66863488110311,0.6945287289934043,0.6658325283243727,-1.0377212059316303,False,United States
United States,USA,2001,47.261428633384455,39.10111269719642,7.9436064125585135,1.2,United States,0.7779283410989543,0.765458793199255,0.6699724411981092,0.6832320294498074,0.06355835028602363,46690.68241079104,10.751299903638662,8.266502253555252,0.6945287289934043,6.528661833727238,False,United States
United States,USA,2002,47.08673581960699,39.3706580764727,7.755599568695004,1.2,United States,0.7689366502599397,0.7450125177783263,0.7082935016818298,0.6807209532923651,0.8872127425763265,50687.57210242519,10.833436033346032,8.213612970737039,8.266502253555252,5.000629406941794,False,United States
United States,USA,2003,46.85888820371216,38.663316125377655,8.208908304973678,1.2,United States,0.7696217012348452,0.7681056263342815,0.7121188017864765,0.6700903553275372,0.5612771975694962,53228.11517477739,10.882342016461875,4.890598311584249,8.213612970737039,1.6879184371357185,False,United States
United States,USA,2004,46.740250665292024,38.51022576723954,8.683429903678757,1.2,United States,0.7796417396089005,0.8109346127251806,0.6492826635662156,0.6791335287550698,0.02541912674409519,54909.356702299294,10.913439044711653,3.1097028249778447,4.890598311584249,0.5544000545103387,False,United States
United States,USA,2005,47.0488259195315,38.59537528862863,8.521869177643229,1.2,United States,0.765812495414086,0.7866623277608744,0.7073018956851943,0.6513206277232162,0.24929222914887494,57222.19686099388,10.954697159103624,4.125811439197058,3.1097028249778447,1.9174559683559909,False,United States
United States,USA,2006,46.895382478325466,38.571726101525485,8.335803539941601,1.2,United States,0.7947789404474151,0.7844135360819422,0.6991311743448099,0.6655269585086121,0.9296976523425731,60925.72964566877,11.01741085455085,6.27136954472256,4.125811439197058,3.865059650120054,False,United States
United States,USA,2007,46.61729410299862,39.039226934350125,7.734115622849182,1.2,United States,0.785014483315248,0.8081782163738885,0.7116553723848488,0.6735525687352243,0.18657005888603584,60433.75340079581,11.009303058973938,-0.8107795576911769,6.27136954472256,-3.635078939325389,False,United States
United States,USA,2008,47.04272772082117,38.81735970164011,8.320737369173445,1.2,United States,0.7809707754934805,0.8003436753041383,0.6888326360665854,0.657271916237503,0.22793516254194168,63774.22134482737,11.063104333524695,5.380127455075723,-0.8107795576911769,3.9355454825279113,False,United States
United States,USA,2009,47.1876771181902,38.67659841785331,8.261532274202633,1.2,United States,0.7927373362013956,0.7868982827848833,0.6603600816299867,0.6807370946489616,0.22210781047073025,62650.747874373155,11.045330897593319,-1.777343593137637,5.380127455075723,-4.428014573418764,False,United States
United States,USA,2010,46.891083846030476,39.15227759134775,7.77137482985259,1.2,United States,0.7765728548347324,0.7605273094503,0.695689855117939,0.6681679437458132,0.5187906217433661,62705.094574259274,11.04619797649813,0.08670789048110805,-1.777343593137637,-1.1695717451040752,False,United States
United States,USA,2011,46.859179297939185,38.51267887974686,8.489819943998679,1.2,United States,0.7705694319153275,0.7986486066885133,0.6931414726335619,0.6215139246882239,0.30087830981676966,65665.59997848826,11.092330474937668,4.613249843953859,0.08670789048110805,2.99382277300819,False,United States
United States,USA,2012,47.19961553269184,38.8187034480794,8.161599455018713,1.2,United States,0.7806023020994103,0.829867144349116,0.6986948525938468,0.669542903631171,0.1448948720912231,64164.456717317276,11.069204702679688,-2.3125772257980515,4.613249843953859,-4.813848020428919,False,United States
United States,USA,2013,46.49379966981259,38.59368342406919,8.116894081446192,1.2,United States,0.7833982096418665,0.783250606642975,0.7204043254518079,0.6428926266456993,0.7616196153287176,65178.122851643755,11.084879152523692,1.5674449844004457,-2.3125772257980515,0.41543753374546144,False,United States
United States,USA,2014,47.11993226801703,38.65086358114306,8.168040607784931,1.2,United States,0.7879103194704304,0.7697225703745356,0.7371751737421094,0.6416867502940202,0.6335297107608947,64796.658314566186,11.079009311790971,-0.5869840732721343,1.5674449844004457,-2.494882724979104,False,United States
United States,USA,2015,46.89312080868157,38.41067853011309,8.736824583580326,1.2,United States,0.7711935918147024,0.7727314907863938,0.6842055829891657,0.673977805209336,0.18651851039985423,65595.69305053185,11.091265318059312,1.2256006268341224,-0.5869840732721343,-0.26258033261197977,False,United States
United States,USA,2016,46.714993383526824,38.54021130105496,8.391982083764926,1.2,United States,0.7809965136508764,0.7709270005685525,0.671883593664466,0.6652182960993654,0.6451727904094499,61400.345153451555,11.025170735511153,-6.60945825481587,1.2256006268341224,-8.45076008619164,False,United States
United States,USA,2017,47.130327093063755,39.59102901309877,7.4565181073676845,1.2,United States,0.7853633603238207,0.7670695416985952,0.7192379886106733,0.6643401087379863,0.13752094414599325,59365.16973449048,10.991462965263505,-3.3707770247648483,-6.60945825481587,-3.685682421399475,False,United States
United States,USA,2018,47.02163885231416,39.16231671063204,7.731784747555196,1.2,United States,0.7721674670766376,0.7657262367525242,0.7112210647163673,0.6317250606864628,0.8172222002012158,59306.02320442395,10.990466151571837,-0.09968136916675974,-3.3707770247648483,-1.0455343511974367,False,United States
United States,USA,2019,47.48053366739627,38.93257504231891,8.019553832186487,1.2,United States,0.793638865244171,0.8444221195695577,0.7077851595631761,0.6704757011156353,0.8972157579533268,62142.26692348561,11.037181663187413,4.671551161557552,-0.09968136916675974,3.088435738768972,False,United States
United States,USA,2020,47.06599900519153,38.9045064825099,8.367331032538182,1.2,United States,0.7825988279424843,0.7982352853780305,0.6795999309306742,0.6387998714894261,0.7259556788702394,63061.408813533584,11.051864273692086,1.4682610504673121,4.671551161557552,-1.0443677855867555,False,United States
United States,USA,2021,47.43899086736587,38.74894527413931,8.013302114996122,1.2,United States,0.7861764084551115,0.8105178243947138,0.7120845329995779,0.6851979758383775,0.009197051616629648,64328.02101377879,11.071750600894061,1.9886327201975362,1.4682610504673121,0.10005670606431938,False,United States
United States,USA,2022,46.88305705905327,38.85758969445984,7.867073076028903,1.2,United States,0.7829307247329869,0.7686436963724596,0.7419531424825834,0.6749677744412745,0.6519612595026005,66942.7415847128,11.11159292977835,3.9842328884288847,1.9886327201975362,1.9942800405775736,False,United States
Venezuela,VEN,1990,43.296697007474336,41.68676383566519,2.5017893245798666,1.2,Venezuela,0.45696954404510737,0.45029315424998717,0.4347350823923295,0.3958169562823031,0.9840131632104643,8924.134210461787,9.096514594711161,,,,False,Venezuela
Venezuela,VEN,1991,43.58406732401894,40.95913221562054,2.7588738437626827,1.2,Venezuela,0.4346033348072668,0.4048777942082609,0.40172216005439054,0.3286336090460685,0.1541450431784871,8601.866550853541,9.059734499488576,-3.678009522258563,,,False,Venezuela
Venezuela,VEN,1992,44.11339129939841,41.37899851341422,2.7115091703817007,1.2,Venezuela,0.4673251499948509,0.5119511529187035,0.43335365702418094,0.4072432669945124,0.44044135031242404,8619.397559168872,9.061770472487899,0.20359729993231213,-3.678009522258563,2.749241902692731,False,Venezuela
Venezuela,VEN,1993,44.47333046147956,40.71762487996883,3.068856366222191,1.2,Venezuela,0.4393659799342905,0.42189778725253435,0.3702002852677593,0.35616029841716706,0.9664173858664074,9045.9801800412,9.110075759016286,4.8305286528387725,0.20359729993231213,4.6361666427916575,False,Venezuela
Venezuela,VEN,1994,44.37936194280141,40.38269574612367,3.332951524007414,1.2,Venezuela,0.4302070018962421,0.4451652070185928,0.36573144119182177,0.3704608888940288,0.4440437492022029,9180.332161766231,9.124818666158875,1.4742907142588635,4.8305286528387725,-1.986198723092838,False,Venezuela
Venezuela,VEN,1995,44.15242373155972,40.66627953277559,3.37277307352036,1.2,Venezuela,0.447947129085119,0.49463040068765984,0.4089896514166074,0.3987443591453161,0.5693773611822828,9620.491343084253,9.171650617520143,4.683195136126805,1.4742907142588635,3.591857075285197,False,Venezuela
Venezuela,VEN,1996,44.086465718927094,41.103765549678805,2.8457596253243014,1.2,Venezuela,0.43770450405547584,0.44763848852020627,0.38462784451432724,0.36992986136107175,0.47554603748682667,9924.036923194457,9.202715065400746,3.1064447880602586,4.683195136126805,-0.25004266542973763,False,Venezuela
Venezuela,VEN,1997,43.79657854145195,41.10665417352791,2.9997717012483793,1.2,Venezuela,0.4347547871338083,0.43957328707959764,0.39659703438161414,0.4049239030690028,0.869969159647685,10404.125204993385,9.24995766080922,4.72425954084752,3.1064447880602586,2.480792178869634,False,Venezuela
Venezuela,VEN,1998,44.09720375725699,41.10153746452556,2.7464245177506537,1.2,Venezuela,0.453080505395041,0.4452475340466052,0.41315499368043906,0.3782545840758366,0.27576756825135695,10803.560711139839,9.287631054250612,3.767339344139131,4.72425954084752,0.38186473516432073,False,Venezuela
Venezuela,VEN,1999,44.22855643221274,41.023633560777235,3.2114677545245214,1.2,Venezuela,0.4487538220380987,0.42530198986104384,0.40360900340098566,0.3892512066836839,0.8635475225145451,11237.966139996179,9.327053158675628,3.9422104425016258,3.767339344139131,1.232220957862558,False,Venezuela
Venezuela,VEN,2000,43.2967106318634,40.86048240501905,3.4576080545641528,1.2,Venezuela,0.4322696753179312,0.45750810533221103,0.3709280617688857,0.3543538972472651,0.7617981913776972,11965.890355984022,9.389815410944937,6.276225226930876,3.9422104425016258,3.4427951188976778,False,Venezuela
Venezuela,VEN,2001,43.634037276547545,40.413990617746194,3.4198554059327386,1.2,Venezuela,0.45240471249330205,0.4040098075450668,0.46148317269022954,0.37914963498816,0.8655771456245522,12559.329361507775,9.438219043812225,4.840363286728788,6.276225226930876,0.35936395371234475,False,Venezuela
Venezuela,VEN,2002,44.084920576403,41.15916936996817,3.05773366221783,1.2,Venezuela,0.44945105999383717,0.4551621414909903,0.4149284025620402,0.3949377127137627,0.5735289514555733,13184.96232143598,9.486832241099268,4.861319728704316,4.840363286728788,1.3938880730580858,False,Venezuela
Venezuela,VEN,2003,44.00248457298738,40.812197423280644,3.1470462044944423,1.2,Venezuela,0.4616580601920839,0.45756896059837937,0.4127871676650017,0.412480682366937,0.5104324890042322,13456.73818482185,9.50723523986541,2.040299876614249,4.861319728704316,-1.4419248253718622,False,Venezuela
Venezuela,VEN,2004,43.27576764469069,41.19842548368355,2.9312533185641954,1.2,Venezuela,0.4565590077652976,0.4604537316596731,0.4105289318598499,0.38030478753872526,0.6877220424305607,13490.978770429609,9.509776501827735,0.2541261962324626,2.040299876614249,-1.2367548680110365,False,Venezuela
Venezuela,VEN,2005,43.96424934880162,41.47691148019526,2.756996149263511,1.2,Venezuela,0.45951960363509803,0.48154271888004374,0.40536843319453275,0.3756501015038005,0.35871552541701346,13493.855011377074,9.509989676456241,0.021317462850589664,0.2541261962324626,-0.20871263939194654,True,Venezuela
Venezuela,VEN,2006,43.84801919120864,41.61020425125688,2.6443723024940455,1.2,Venezuela,0.44373282775410033,0.4609806972017555,0.418422045886212,0.3874346119929311,0.29461939634619316,14067.726237086252,9.551638533430559,4.164885697431764,0.021317462850589664,4.099194101948558,True,Venezuela
Venezuela,VEN,2007,43.92906607401065,40.8223169440029,2.8642476378800135,1.2,Venezuela,0.4551504267327619,0.46946359162791973,0.4180629802814474,0.37500105947791484,0.768922782107641,13319.972892180487,9.497019908970724,-5.461862445983456,4.164885697431764,-8.452477889617649,True,Venezuela
Venezuela,VEN,2008,44.225538939750635,41.52485329455326,2.5008710239449954,1.2,Venezuela,0.46188913371474644,0.4760552106587677,0.42272918449410346,0.414008768423863,0.08860471396967906,13064.025009020217,9.47761754899478,-1.940235997594364,-5.461862445983456,1.8646213567871692,True,Venezuela
Venezuela,VEN,2009,43.96920137268781,41.4365951582177,2.923062381966918,1.2,Venezuela,0.441797586705513,0.4413170295439009,0.3648124952504554,0.34287678063984417,0.06600984414024158,12947.786401930078,9.468680118302872,-0.8937430691908332,-1.940235997594364,0.4252159965593618,True,Venezuela
Venezuela,VEN,2010,44.06719022851203,40.96357299868574,3.0368268725972762,1.2,Venezuela,0.4420758007900004,0.43591657019721963,0.35999592737192465,0.3800303048189591,0.07686207527616351,13110.557668372388,9.481173113486333,1.249299518346092,-0.8937430691908332,1.8295445217421906,True,Venezuela
Venezuela,VEN,2011,43.97320387918978,40.73895282496507,2.9414366999795902,1.2,Venezuela,0.4295502122276317,0.4296118947641322,0.38301098151236074,0.3667679343799507,0.07290183536790351,12950.105931733957,9.468859247150904,-1.231386633542897,1.249299518346092,-2.163904547763753,True,Venezuela
Venezuela,VEN,2012,43.93177417620684,40.45295085928216,3.224038962600877,1.2,Venezuela,0.36392440135631027,0.34866990578498597,0.31214911422493324,0.2905376791306864,0.8034827432968846,13073.617203856053,9.478351524552968,0.949227740206382,-1.231386633542897,1.7678136270241522,True,Venezuela
Venezuela,VEN,2013,43.78219547068971,40.69115283266224,3.252727077970151,1.2,Venezuela,0.3434507539816372,0.35746547968429515,0.3035378551672539,0.3046003671812647,0.4764369863437916,12824.059892170655,9.459078364597467,-1.9273159955501384,0.949227740206382,-2.6480147601035764,True,Venezuela
Venezuela,VEN,2014,43.83865659609286,41.63168935778143,2.6139948046746,1.2,Venezuela,0.3163541803020923,0.2915690124050228,0.2859174148772097,0.2744485920159423,0.35781408411354887,11963.196876508757,9.389590289153999,-6.948807544346813,-1.9273159955501384,-5.638968642657615,True,Venezuela
Venezuela,VEN,2015,43.838505139141525,40.96066683195651,3.088922680213866,1.2,Venezuela,0.26645327055028584,0.27315401305553516,0.23996722914820387,0.2465594704439565,0.44934974203964206,11281.64491428465,9.330932340154966,-5.865794899903243,-6.948807544346813,-1.0113105253131698,True,Venezuela
Venezuela,VEN,2016,43.83955659853443,40.489287628978445,3.196206721021062,1.2,Venezuela,0.25800511181510855,0.2827840388738973,0.2363977889390902,0.2094716213302013,0.24193168031552958,10630.633523741646,9.271495067278055,-5.943727287691125,-5.865794899903243,-1.8537360581987956,True,Venezuela
Venezuela,VEN,2017,43.62528200879658,41.41265568395848,2.669386719177429,1.2,Venezuela,0.21343372622157059,0.22462270774147133,0.19682198861693748,0.2088128428477306,0.5201698923107512,10280.209594030797,9.23797592732571,-3.35191399523449,-5.943727287691125,0.7930893124183358,True,Venezuela
Venezuela,VEN,2018,43.47868562145886,40.460446503539714,3.5802801322022497,1.2,Venezuela,0.17392415967178765,0.1637448871576377,0.156020257460769,0.11245401762323712,0.2842740929275167,9757.896018113574,9.18583208425358,-5.214384307213038,-3.35191399523449,-2.8989288867636196,True,Venezuela
Venezuela,VEN,2019,44.04242584200216,40.86179234589335,2.67313337913179,1.2,Venezuela,0.13835238687069945,0.11940254417122396,0.11199334753919818,0.11790710846753664,0.27616955782089947,9228.417730469175,9.130042885983567,-5.578919827001272,-5.214384307213038,-1.9487560384079177,True,Venezuela
Venezuela,VEN,2020,43.86396851048942,40.54682983037675,3.50513174098435,1.2,Venezuela,0.0967210528348708,0.09982486651205039,0.10355091284473641,0.06487029059542217,0.3162701497293068,8786.27706176513,9.080946358498474,-4.909652748509252,-5.578919827001272,-1.0221651812393069,True,Venezuela
Venezuela,VEN,2021,43.82571194344055,40.52441684880016,3.0204358704554903,1.2,Venezuela,0.06227024600080165,0.046719465203902105,0.0706169173450598,0.04316576915603647,0.31334791758514313,8591.990809833795,9.058585747129102,-2.236061136937195,-4.909652748509252,1.178994186469506,True,Venezuela
Venezuela,VEN,2022,43.69619484458355,40.960359832802915,3.064959509252623,1.2,Venezuela,0.05,0.05387179822735089,0.06201795924335945,0.039752564232012066,0.37731805396319285,8507.132998696696,9.048660266884085,-0.9925480245017937,-2.236061136937195,0.535232510079334,True,Venezuela
Vietnam,VNM,1990,38.17872437201351,35.44686535707739,2.688362119877981,1.2,Vietnam,0.2343929348383547,0.242890897836471,0.23043610874043782,0.18939760480294487,0.2745723155510216,3677.8177628309386,8.21007485603867,,,,False,Vietnam
Vietnam,VNM,1991,37.82183140131328,34.98269316528727,2.816534317989223,1.2,Vietnam,0.20541241607469307,0.21011512206201685,0.14517741563830555,0.16925780394465403,0.26670343063721424,3860.034598846755,8.258431425850507,4.835656981183689,,,False,Vietnam
Vietnam,VNM,1992,37.76654771471664,34.686471620480184,3.6095743533140796,1.2,Vietnam,0.2266042093594131,0.22365700666428734,0.20457232861054872,0.18912182347094597,0.5013964785953243,3883.4996426052917,8.264491995830676,0.6060569980169461,4.835656981183689,-1.50164589755133,False,Vietnam
Vietnam,VNM,1993,37.90793950623191,35.10688180556976,3.0252527770306874,1.2,Vietnam,0.23153502849781543,0.25478650186157226,0.21709245202788116,0.20013447967468603,0.8230875290068804,3952.7742744883344,8.282172959335988,1.7680963505311453,0.6060569980169461,-0.807980530078213,False,Vietnam
Vietnam,VNM,1994,38.20880143599446,35.114187380469126,2.857018197686647,1.2,Vietnam,0.21963111046931097,0.20794520987570134,0.16534847274803874,0.16931451528620015,0.4513367251540973,4019.34669854337,8.298874655606275,1.6701696270287059,1.7680963505311453,-0.7772262897831883,False,Vietnam
Vietnam,VNM,1995,37.98080430331143,34.69444244352807,3.4033395588234883,1.2,Vietnam,0.20842584209784568,0.168809112679393,0.18681678117411366,0.19353728520014513,0.6237422454995412,4045.5309732710593,8.305368087446755,0.6493431840480568,1.6701696270287059,-1.8088968622113963,False,Vietnam
Vietnam,VNM,1996,38.520522188754285,35.4242049529581,2.8851173291946157,1.2,Vietnam,0.21550868259045558,0.23676407458103157,0.15541908856649894,0.1535470357502975,0.37473102253575985,4018.4367104141916,8.298648227973986,-0.6719859472768874,0.6493431840480568,-3.243269437606004,False,Vietnam
Vietnam,VNM,1997,37.909904608051676,35.53401732287071,2.742448166308581,1.2,Vietnam,0.21111140301964326,0.20791643305981153,0.16971697835513957,0.186224210440062,0.5223732639668011,4132.46588557979,8.326629574507999,2.798134653401263,-0.6719859472768874,0.08053089797554547,False,Vietnam
Vietnam,VNM,1998,38.561670402690936,35.14468657735076,2.845777886326466,1.2,Vietnam,0.21817603012617443,0.25867340893609136,0.18785971131880652,0.18281446184341268,0.8456263001150188,4315.676080050345,8.370009272600102,4.337969809210307,2.798134653401263,2.0046374318773923,False,Vietnam
Vietnam,VNM,1999,38.15545546483535,36.346489342989145,2.0677271768541736,1.2,Vietnam,0.22879014154557006,0.2098603256258015,0.20226791571385458,0.20009585396541585,0.9082585546770661,4238.886602238881,8.352055919930628,-1.7953352669474398,4.337969809210307,-3.9581506376832785,False,Vietnam
Vietnam,VNM,2000,37.64967442472047,35.56097280693446,2.6554958039525896,1.2,Vietnam,0.22100289722507038,0.2167237886413194,0.16265543337402097,0.24046476283834725,0.22349431425584,4321.189830433045,8.371286067027361,1.9230147096733319,-1.7953352669474398,-0.9189855843237122,False,Vietnam
Vietnam,VNM,2001,37.62964931606221,35.241434487227814,3.069944432791674,1.2,Vietnam,0.2109149748848781,0.22299712399365898,0.1574800395954794,0.1862039828566441,0.9556213797813561,4326.071186296608,8.372415061832216,0.11289948048549547,1.9230147096733319,-2.31734121372468,False,Vietnam
Vietnam,VNM,2002,37.65375531932392,35.61392892752583,2.6932524823226913,1.2,Vietnam,0.21505798450837296,0.18541821368585704,0.1925284891447271,0.15117218230951587,0.872465523258539,4554.823678786219,8.423942099567492,5.152703773527634,0.11289948048549547,2.5220160189211005,False,Vietnam
Vietnam,VNM,2003,37.47136459625823,35.24122495420904,2.6295820194122035,1.2,Vietnam,0.22627680417874474,0.25956964061807025,0.20892423545732178,0.1811592921106862,0.16641428431093985,4713.36518659559,8.458157408877494,3.4215309310001274,5.152703773527634,1.3489369039219268,False,Vietnam
Vietnam,VNM,2004,38.223322620109315,34.69480304557408,3.2301169216308643,1.2,Vietnam,0.2131138195143754,0.2288932220153138,0.1555706011562381,0.16104722828522136,0.8588139146748568,5020.964835222638,8.521377392469578,6.321998359208436,3.4215309310001274,4.057699129208794,False,Vietnam
Vietnam,VNM,2005,38.01955071990927,35.49940699061713,2.8847731738000726,1.2,Vietnam,0.22182098245815862,0.20110174388602584,0.2083578368066522,0.17330901032673315,0.9050781277944812,4888.095293618101,8.49455799608245,-2.681939638712727,6.321998359208436,-4.625049277914551,False,Vietnam
Vietnam,VNM,2006,37.53034183175947,35.03325978395953,3.270761440523838,1.2,Vietnam,0.21491023471609297,0.1590084933972546,0.19419325713963492,0.1984346811950204,0.48759843804956093,5137.514745537501,8.544324728977987,4.976673289553624,-2.681939638712727,2.036492925476373,False,Vietnam
Vietnam,VNM,2007,37.96304591127233,34.586277484729784,3.53603838827438,1.2,Vietnam,0.23745858970273137,0.2519120862004973,0.19864865510063884,0.19956795801328236,0.7861826691982131,5265.335918797469,8.568900224773534,2.4575495795547297,4.976673289553624,0.3654624326553284,False,Vietnam
Vietnam,VNM,2008,38.32757193072855,35.07479971056728,2.7734033166340994,1.2,Vietnam,0.21191811341751862,0.20694115903769802,0.2082505635612137,0.18629768265752852,0.8877535094139863,5256.09418279646,8.567143479105207,-0.17567456683273974,2.4575495795547297,-2.546722375629123,False,Vietnam
Vietnam,VNM,2009,38.10486738458962,35.30347554454342,2.604125854985735,1.2,Vietnam,0.2152924490087522,0.2377162118601503,0.22576516104428654,0.21356521292716427,0.36502530403882305,5438.3550555533175,8.601231914630215,3.408843552500862,-0.17567456683273974,0.7461999209651164,False,Vietnam
Vietnam,VNM,2010,38.07426709540664,35.48564474829357,2.5231928186983383,1.2,Vietnam,0.2200734957546475,0.2384898130722474,0.20005556534136576,0.18692165322083634,0.49350036407261666,5802.621505657772,8.666065078154729,6.483316352451318,3.408843552500862,4.217612157903947,False,Vietnam
Vietnam,VNM,2011,38.040201342850374,34.80839044843939,3.068338140907587,1.2,Vietnam,0.22053897347033208,0.19401373023134894,0.2096332472603226,0.20010245373041927,0.788581765108471,6198.002988614206,8.731982420537673,6.5917342382944,6.483316352451318,4.666488499143338,False,Vietnam
Vietnam,VNM,2012,38.7037199116883,35.43243847617887,2.7793852558627625,1.2,Vietnam,0.2098729198333837,0.22701552646843806,0.18261105338884837,0.17319893369248224,0.975604968589112,6474.846375004754,8.775680160418284,4.369773988061176,6.5917342382944,2.456534140115939,False,Vietnam
Vietnam,VNM,2013,37.40622425699487,34.17823298681404,3.3102310656191625,1.2,Vietnam,0.2210769944910662,0.24104134761050078,0.21184267010240937,0.22946231410880533,0.05120634919032907,6411.728662342098,8.765884195669683,-0.9795964748601449,4.369773988061176,-3.138889940439792,False,Vietnam
Vietnam,VNM,2014,37.9290183426655,35.35561465898656,2.685516669132416,1.2,Vietnam,0.22036619926358222,0.2540880623503621,0.19911879094650609,0.23147124244066425,0.49181132232245595,6599.566047160587,8.794759175422648,2.8874979752965046,-0.9795964748601449,0.13583029675319525,False,Vietnam
Vietnam,VNM,2015,38.11988920584802,35.57093852730867,2.431939411321777,1.2,Vietnam,0.21459623661012947,0.19856655817350932,0.18516770744932917,0.17347394018231793,0.9729773804203049,6799.352580310161,8.824582677853638,2.9823502430989635,2.8874979752965046,0.6589137082474092,False,Vietnam
Vietnam,VNM,2016,38.414940541958636,35.35277334521789,2.6265249250961653,1.2,Vietnam,0.21526878495390644,0.2010426513539289,0.22834534255822822,0.21142967378767075,0.15397412974382907,7188.686899755166,8.880263805351488,5.568112749785037,2.9823502430989635,3.255179887819248,False,Vietnam
Vietnam,VNM,2017,38.222848201986665,35.866209311882564,2.1218569920053247,1.2,Vietnam,0.22622944030413308,0.23906027320285334,0.18786577069505378,0.1727297112731883,0.937987865459497,7296.90355656482,8.895205366817214,1.4941561465725783,5.568112749785037,-0.5324366609090019,False,Vietnam
Vietnam,VNM,2018,37.910247956243126,34.500102811373246,2.9675041211952893,1.2,Vietnam,0.2254119300730043,0.24323334089121415,0.19978993646516444,0.17585362230829207,0.559301872076827,7446.250401662235,8.915465882884442,2.026051606722845,1.4941561465725783,-0.4516796764361466,False,Vietnam
Vietnam,VNM,2019,38.36907753736391,34.18797634468617,4.189491844565019,1.2,Vietnam,0.21779271243041634,0.19113914360991227,0.16296858764030492,0.20446293847275024,0.7809448189504872,7449.189728678643,8.915860544207483,0.03946613230407792,2.026051606722845,-2.379364546238087,False,Vietnam
Vietnam,VNM,2020,37.8741248472047,34.980934270947074,3.021350632125188,1.2,Vietnam,0.21525968464086914,0.23355815424322576,0.1886285530435383,0.18793592787454835,0.08292715250972604,7747.474799454714,8.955122236924081,3.9261692716598517,0.03946613230407792,1.2873497149775845,False,Vietnam
Vietnam,VNM,2021,38.67185086389312,34.09440171960606,4.00125442053997,1.2,Vietnam,0.21567362483666472,0.2593882371711162,0.18917484126780676,0.19802522337224682,0.2871522634376287,7852.357675356079,8.968569106492874,1.3446869568792152,3.9261692716598517,-0.8637300451177805,False,Vietnam
Vietnam,VNM,2022,38.463930168846815,35.147151329878774,2.8681100322910345,1.2,Vietnam,0.1888334715254011,0.18987331216889397,0.1960314536398377,0.1395654542409918,0.7595618339139083,8053.215940829206,8.993826786390606,2.5257679897732643,1.3446869568792152,0.03148490968402795,False,Vietnam
South Africa,ZAF,1990,65.52534989516192,62.98800122371308,2.863074104999205,1.2,South Africa,0.6070364161579317,0.6102195950645738,0.5422031548386016,0.5271905817103406,0.527677466221695,5995.030209228741,8.6986861065196,,,,False,South Africa
South Africa,ZAF,1991,65.6890254075391,62.61424999482058,3.3688460288771203,1.2,South Africa,0.6062550801683103,0.6239597098280901,0.5337824530384383,0.5177877720621754,0.45476434255266107,6113.329632266428,8.718226851733181,1.9540745213580735,,,False,South Africa
South Africa,ZAF,1992,66.31013585038167,63.40080342064981,2.362706464908901,1.2,South Africa,0.6118951504266504,0.635317563047329,0.5618714688791013,0.5169034578510039,0.167357032236781,6341.563571962885,8.754880637208933,3.6653785475751377,1.9540745213580735,1.2027423082344444,False,South Africa
South Africa,ZAF,1993,66.32537591743916,62.96443704847705,3.1457478277016553,1.2,South Africa,0.6196258719053079,0.6196997853422649,0.5778925454229442,0.5535115094301294,0.27528821345186016,6436.101607056517,8.76967829528668,1.479765807774669,3.6653785475751377,-1.0670982205107569,False,South Africa
South Africa,ZAF,1994,66.04146153880599,63.39829540468662,2.5627086180894207,1.2,South Africa,0.60404101655009,0.5836015343422741,0.5195169108736316,0.520904729455611,0.7051391455705633,6881.901294544832,8.836650243700783,6.697194841410337,1.479765807774669,4.257903357653875,False,South Africa
South Africa,ZAF,1995,66.18253552092891,62.7735027756944,3.1836422357946974,1.2,South Africa,0.6198706111169944,0.609251193160755,0.551180794381866,0.5337367761392376,0.01914486799683668,7359.949373698563,8.9038083331257,6.715808942491641,6.697194841410337,4.0197235140317265,False,South Africa
South Africa,ZAF,1996,66.12491044444168,63.12977249071151,2.6521380587784,1.2,South Africa,0.6052307900400239,0.6318481336473672,0.5616380728705683,0.5244415003039408,0.8028109348245005,7885.9212208887675,8.972834324644937,6.902599151923816,6.715808942491641,4.205597565637324,False,South Africa
South Africa,ZAF,1997,66.03806009288876,62.15720734782775,3.230036678909771,1.2,South Africa,0.6004351466864346,0.6115979369768048,0.4898004304639051,0.5044377255020734,0.15369104284420454,7988.205075233055,8.985721367119664,1.288704247472694,6.902599151923816,-1.417490869651083,False,South Africa
South Africa,ZAF,1998,65.83603866209148,62.18636409921377,3.416807256160434,1.2,South Africa,0.5834527172359,0.5942286804112852,0.5281296542580062,0.5112403384178101,0.5928401805081102,7792.823534927956,8.960958529538413,-2.476283758125142,1.288704247472694,-4.906171481632093,False,South Africa
South Africa,ZAF,1999,66.33148214668732,63.00238506445294,3.0530066705909342,1.2,South Africa,0.5953419443088184,0.5923251900774845,0.5343287985657688,0.4970074631393032,0.08456537809723785,8233.915702432994,9.01601696453552,5.50584349971075,-2.476283758125142,3.2612627761621567,False,South Africa
South Africa,ZAF,2000,66.2092464935763,63.276227405211735,3.1792586844994877,1.2,South Africa,0.6093157126868106,0.6145410463694486,0.5550229925514668,0.533901932181897,0.211231831472931,8295.74945701374,9.023498548996924,0.7481584461404012,5.50584349971075,-1.8892904759884241,False,South Africa
South Africa,ZAF,2001,66.13399845458368,63.570119360285815,2.658176793334825,1.2,South Africa,0.6062952958422181,0.5902089806490183,0.5635728748732484,0.5027194468825786,0.9972378999036027,8471.16299101602,9.044423085306061,2.09245363091366,0.7481584461404012,-0.31082924799988376,False,South Africa
South Africa,ZAF,2002,66.34948333355644,63.127120599830114,3.058427880080127,1.2,South Africa,0.6028865393080748,0.6043820646665141,0.5664478165578967,0.5100512855476362,0.06239406859827723,8800.264310890885,9.082537035343757,3.8113950037695687,2.09245363091366,1.3419479545111468,False,South Africa
South Africa,ZAF,2003,65.84777982707988,62.81332027998666,3.125455910321348,1.2,South Africa,0.5948357035611243,0.5909063718925623,0.5312349445874051,0.4906787810961508,0.07103488904400213,8552.685665272931,9.054000625505097,-2.8536409838659793,3.8113950037695687,-5.407691720688513,False,South Africa
South Africa,ZAF,2004,65.17119734829788,63.053860329590385,2.859199775664992,1.2,South Africa,0.5934039773148077,0.5793066082384979,0.49946562294879,0.49977517564395535,0.10097810681776109,9141.740225973572,9.120606043039874,6.6605417534777445,-2.8536409838659793,4.434533980310579,False,South Africa
South Africa,ZAF,2005,66.58061435505873,63.05060290992792,2.952072252615254,1.2,South Africa,0.5974382024750462,0.5926082535576306,0.536459098230339,0.5174113024655106,0.2783684816626566,9564.5353800983,9.165817305691759,4.521126265188435,6.6605417534777445,1.8268448461314453,False,South Africa
South Africa,ZAF,2006,66.24792219296798,62.798299878315795,3.2575484324709176,1.2,South Africa,0.5938730535412239,0.614910954686536,0.5141870520609086,0.48956836781375085,0.12967897822423535,9856.90550800404,9.195927555336041,3.011024964428266,4.521126265188435,0.4220423312398873,False,South Africa
South Africa,ZAF,2007,66.14883621242663,62.83004516417397,3.24322142255604,1.2,South Africa,0.5923000393380254,0.5663777060530275,0.5239476188547392,0.507083565839601,0.21050693966534295,10317.494084913114,9.241596188320356,4.566863298431478,3.011024964428266,2.0522055611686705,False,South Africa
South Africa,ZAF,2008,66.67031587385931,62.74003465295808,3.205885958622831,1.2,South Africa,0.5962059550101415,0.6028472599934296,0.5542090263699675,0.49917023064001625,0.15492531114344266,10696.234602513994,9.277647052209339,3.605086388898293,4.566863298431478,1.013852648294788,False,South Africa
South Africa,ZAF,2009,66.34207598428328,62.540867477525,3.4614758060188717,1.2,South Africa,0.5996856082962522,0.5827170356124359,0.5511796037314509,0.4740154372131321,0.8038048904834751,10947.64792253317,9.300879910576336,2.3232858366997178,3.605086388898293,-0.22061070296985896,False,South Africa
South Africa,ZAF,2010,65.33415772241308,63.33524441051042,2.9587430356778235,1.2,South Africa,0.6023641786235993,0.5811038187920593,0.5188143289554661,0.5123703848027413,0.6239984855289824,11065.518733430783,9.311589131949399,1.0709221373062405,2.3232858366997178,-1.4098861230594641,False,South Africa
South Africa,ZAF,2011,65.72936665854569,62.470782817217426,3.2187156881225643,1.2,South Africa,0.5990453575291093,0.5635204308597802,0.5375288267902631,0.49252743275972766,0.3064634680428203,11041.459327592762,9.309412496565717,-0.21766353836820684,1.0709221373062405,-2.6368323566835494,False,South Africa
South Africa,ZAF,2012,65.85253775215286,63.04153110863879,2.975401147507758,1.2,South Africa,0.588141394528698,0.5417022661818618,0.5401640968625546,0.5327433761312247,0.667212337194181,11357.426458171569,9.337627122435096,2.8214625869379617,-0.21766353836820684,0.46571600141420255,False,South Africa
South Africa,ZAF,2013,66.31484958175899,62.648945035149424,3.5198423431612436,1.2,South Africa,0.6048206672733538,0.6121953302197042,0.5522145465103435,0.4755441155954386,0.8401080784391999,11707.645102969702,9.367997334999231,3.0370212564134746,2.8214625869379617,0.5316934918957257,False,South Africa
South Africa,ZAF,2014,65.3835716076974,62.73661572140854,3.225667051990259,1.2,South Africa,0.5881563982768797,0.5781687123050523,0.5633946882161505,0.4984380551723444,0.4925690707532976,12322.24921976415,9.419161786963565,5.116445196433439,3.0370212564134746,2.600507961102999,False,South Africa
South Africa,ZAF,2015,65.9470902148532,62.93006832200417,2.9315777293953693,1.2,South Africa,0.6124689171553471,0.6112288369680265,0.5702510109809742,0.513268439174684,0.40680480095172356,12642.871683235773,9.44484883202649,2.5687045062925407,5.116445196433439,-0.049578821879037616,False,South Africa
South Africa,ZAF,2016,66.19546218619318,62.63802130885297,3.486298953771228,1.2,South Africa,0.5947383764645251,0.5554525260198129,0.5254333156461108,0.512426520025772,0.19641921587201738,12572.121598381811,9.439237070029593,-0.5611761996897613,2.5687045062925407,-3.054063594790663,False,South Africa
South Africa,ZAF,2017,65.64444462584031,62.37643872017222,3.1862728840776677,1.2,South Africa,0.61904136589573,0.6515605442029713,0.6015128339751197,0.5230042568033695,0.22982672579761843,12229.066299604418,9.41157088068129,-2.766618934830234,-0.5611761996897613,-5.105458348107344,False,South Africa
South Africa,ZAF,2018,66.36277937052762,63.13855897364061,3.175708189575854,1.2,South Africa,0.579033243014302,0.5963090795056952,0.5032834109091029,0.5002200217262155,0.5708774168394762,12426.848641500297,9.427614623921754,1.604374324046276,-2.766618934830234,-0.6259165424038065,False,South Africa
South Africa,ZAF,2019,65.89432048951507,63.19921853231744,2.8968483268588368,1.2,South Africa,0.594111331732613,0.577366083111619,0.5225426933458354,0.4942121779097414,0.825710951560667,12665.148981598424,9.446609325619525,1.8994701697771177,1.604374324046276,-0.5459543561790055,False,South Africa
South Africa,ZAF,2020,66.33581914859951,62.12709447757825,3.7953479313118925,1.2,South Africa,0.6038038144821631,0.5999869881092961,0.5447733066588923,0.5221349717369067,0.1430011226657264,12881.18162593274,9.46352273659423,1.6913410974705556,1.8994701697771177,-0.7686075984938792,False,South Africa
South Africa,ZAF,2021,65.66980162072969,62.62830124280563,3.3240114869983186,1.2,South Africa,0.6121795915230556,0.6019156642327876,0.5366032545557979,0.5157421602909922,0.5567849109281879,12547.360820101285,9.43726562922619,-2.6257107368040877,1.6913410974705556,-5.0754156354613595,False,South Africa
South Africa,ZAF,2022,65.8935908091121,62.002084679457155,3.510065392828323,1.2,South Africa,0.6040156060838772,0.6133819177826599,0.5540140269914456,0.4938565211638699,0.2205042634356471,13202.759090710906,9.488181108755956,5.091547952976683,-2.6257107368040877,2.8543217987097624,False,South Africa
